aer_ai_mean,aer_ai_valid_frac,co_mean,co_valid_frac,no2_mean,no2_valid_frac,period_start,city,precip_mm,no2_log,co_log,doy_sin,doy_cos,low_confidence,split
-0.8576660565369529,1,0.0462400461529523,0.8823529411764706,6.470829707613662e-05,0.9965397923875432,2019-01-01,Bangkok,11.651095790188844,-9.645621125480961,-3.0739090565010327,0.017201575418260506,0.9998520419557735,False,test
-1.0833771595457176,1,0.0471246487009474,0.9757785467128028,8.151247009229848e-05,1.0,2019-01-08,Bangkok,3.596831046392119,-9.414754542154409,-3.054959087863554,0.13718540405660057,0.9905453876091833,False,test
-1.186268330341314,1,0.0572201893373421,0.9965397923875432,8.54398157424521e-05,1.0,2019-01-15,Bangkok,5.170870047510303,-9.36769833932714,-2.860848482429225,0.2551824131233728,0.9668929289391521,False,test
-0.9434132768692648,1,0.0536552154082696,0.8823529411764706,7.446326116263909e-05,1.0,2019-01-22,Bangkok,0.0083173367248948,-9.505204692968189,-2.925176602919658,0.3694836834473831,0.9292372181882051,False,test
-1.0804747153745276,1,0.054016759861829,0.9688581314878892,7.973160724771109e-05,1.0,2019-01-29,Bangkok,0.9199787423152334,-9.436844473021281,-2.9184609127603403,0.4784338202547012,0.8781236129591848,False,test
-1.1016705112183878,1,0.0481616849586004,1.0,5.2515346239636105e-05,1.0,2019-02-05,Bangkok,5.0184896140698,-9.854405121754342,-3.033191491911689,0.580454927809098,0.8142923779467267,False,test
-1.169024474001432,1,0.047991269978343,0.9134948096885812,6.19131352669845e-05,1.0,2019-02-12,Bangkok,6.029914029976273,-9.689778199380015,-3.0367361600667793,0.6740694616546162,0.7386679638813748,False,test
-1.261840792887481,1,0.0407559236948463,1.0,5.272697954946524e-05,1.0,2019-02-19,Bangkok,1.888670485948507,-9.8503832875064,-3.2001540831152924,0.7579216274973472,0.6523456189565257,False,test
-1.2098879817673047,1,0.0488734452604238,1.0,5.2372129466771626e-05,1.0,2019-02-26,Bangkok,2.0028946021587135,-9.857135988540957,-3.0185210717109863,0.8307970168121247,0.5565755266413303,False,test
-1.0532800011870658,1,0.0415371573231306,1.0,5.026909528993402e-05,1.0,2019-03-05,Bangkok,0.694159890442075,-9.898120077439163,-3.18116689515476,0.8916401947968874,0.45274469960737107,False,test
-0.8745641703775918,1,0.0505693075207505,1.0,6.453059466923719e-05,1.0,2019-03-12,Bangkok,3.206040984144416,-9.64837111066712,-2.9844104574633277,0.9395699859530622,0.342356891994542,False,test
-0.97106616804187,1,0.0531939960577677,1.0,5.901816028578635e-05,1.0,2019-03-19,Bangkok,24.85465759574636,-9.737665359965698,-2.9338097450602603,0.9738922359149924,0.22701082094141847,False,test
-1.306329628188737,1,0.0465852076128679,1.0,5.4263009323328234e-05,1.0,2019-03-26,Bangkok,6.913693517998441,-9.821667791096905,-3.0664722214433793,0.9941098647022418,0.10837701279187609,False,test
-1.366113840482222,1,0.0437304466988933,1.0,5.255224172273855e-05,1.0,2019-04-02,Bangkok,26.296276100483215,-9.853702802697923,-3.1297106986793795,0.9999300657962057,-0.011826390691832589,False,test
-1.1284024287924124,1,0.0421468378044794,1.0,4.2283118142566986e-05,1.0,2019-04-09,Bangkok,3.593507296896689,-10.071122649857426,-3.166595619780876,0.9912685467787256,-0.13185851571739118,False,test
-1.2560478523836274,1,0.0390670574418456,1.0,4.5906305197274426e-05,1.0,2019-04-16,Bangkok,5.703128828151785,-9.988908082199572,-3.2424756877797445,0.9682507501166718,-0.2499809690726521,False,test
-1.3439028954737682,1,0.0381033438182685,1.0,4.638155321910464e-05,1.0,2019-04-23,Bangkok,12.086271770685734,-9.978608737713056,-3.2674532364415234,0.9312100364121947,-0.3644830148102912,False,test
-1.1927737177681177,1,0.0382603108402632,0.9100346020761244,4.2979608896822146e-05,1.0,2019-04-30,Bangkok,17.136016131894944,-10.054784766446451,-3.2633421905842357,0.8806828564301475,-0.47370635037968,False,test
-1.212068608594554,1,0.0430712184411191,0.8512110726643599,5.309985606284782e-05,0.972318339100346,2019-05-07,Bangkok,37.54650361741833,-9.843336340400887,-3.1449002905294288,0.8174009818249189,-0.5760691233798758,False,test
-1.1978761531944908,1,0.0341180616322879,0.9065743944636678,4.987926721225231e-05,1.0,2019-05-14,Bangkok,15.359314592647763,-9.905905128273739,-3.3779283682805175,0.742280907086982,-0.6700888411055113,False,test
-1.0937832004523655,1,0.0340565163567899,0.8650519031141869,4.53538562712509e-05,1.0,2019-05-21,Bangkok,38.09005499912606,-10.001015351473603,-3.379733888579511,0.6564105761979381,-0.7544038410927472,False,test
-1.340536314215112,1,0.0293871303621294,0.9342560553633218,4.385244356139741e-05,0.9965397923875432,2019-05-28,Bangkok,46.23519632537412,-10.034680115239226,-3.5271984432595573,0.5610336262283677,-0.8277930117131022,False,test
-1.501995310243297,1,0.0288683635298654,0.9100346020761244,4.606296036326366e-05,0.972318339100346,2019-06-04,Bangkok,44.497246687470074,-9.985501393746862,-3.5450089710197035,0.4575313760742512,-0.8891934772070711,False,test
-1.0992504113695818,1,0.0283211965613786,0.9826989619377162,3.555736656682686e-05,0.9342560553633218,2019-06-11,Bangkok,34.993062177378356,-10.244363206111844,-3.564144759588077,0.3474028211842774,-0.9377159910299093,False,test
-1.1917328158530889,1,0.0270527327010511,0.9550173010380624,4.6115459053756726e-05,0.9930795847750864,2019-06-18,Bangkok,31.21525940540057,-9.984362326783002,-3.6099672547238018,0.23224292400907015,-0.9726578145718654,False,test
-1.3723613998606214,1,0.0253113374548459,0.9965397923875432,3.6266405330428247e-05,0.5155709342560554,2019-06-25,Bangkok,38.753978721566,-10.224618718198961,-3.67650286287988,0.11371951458594969,-0.9935128947338007,False,test
-1.1356913598854632,1,0.0270622617024979,0.8581314878892734,2.763985907366406e-05,0.5121107266435986,2019-07-02,Bangkok,31.60035419682935,-10.496251657715138,-3.6096150787086208,-0.00645086419810515,-0.9999791929590823,False,test
-1.2557562215166405,1,0.0249195588376108,0.8512110726643599,4.61765969470091e-05,1.0,2019-07-09,Bangkok,9.925139762496029,-9.983037447809782,-3.6921022883652213,-0.12652781683868314,-0.9919630595773397,False,test
-1.3836399520024898,1,0.0251789585783045,0.9792387543252596,4.098011827801434e-05,0.9930795847750864,2019-07-16,Bangkok,22.53070354032906,-10.102423528920147,-3.681746610303673,-0.24477230089725957,-0.9695805901076308,False,test
-1.441370009961313,1,0.0259454611641267,0.9688581314878892,4.0650620595742966e-05,0.9757785467128028,2019-07-23,Bangkok,27.03893601220278,-10.110496455279046,-3.6517585916383166,-0.3594718130884232,-0.9331559438780432,False,test
-1.2432149817629483,1,0.0261495774981552,0.944636678200692,3.380143370494835e-05,0.8131487889273357,2019-07-30,Bangkok,28.307960507165397,-10.295007339068725,-3.6439222454600384,-0.46896519100763184,-0.8832166493127127,False,test
-1.396325309993513,1,0.0256152965956857,1.0,3.211375104700223e-05,0.3944636678200692,2019-08-06,Bangkok,103.05390301800904,-10.346226238030924,-3.6645655826735957,-0.5716666713027052,-0.8204859638785327,True,test
-1.4026584679537664,1,0.0260758273458271,0.9134948096885812,3.0606401923241716e-05,0.8166089965397924,2019-08-13,Bangkok,15.301846530882967,-10.39430135771013,-3.646746549132626,-0.666088855860977,-0.7458723993404063,False,test
-1.261111607269941,1,0.026706566655146,1.0,2.6214784367070352e-05,0.8096885813148789,2019-08-20,Bangkok,47.96591993767106,-10.54918701752881,-3.622845801674444,-0.7508642533989489,-0.6604565640279754,False,test
-1.347978294769137,1,0.0258820096678956,0.9930795847750864,2.667987880833824e-05,0.7508650519031141,2019-08-27,Bangkok,56.611475115797695,-10.531600879343276,-3.654207159045305,-0.8247650844733614,-0.5654755126737576,False,test
-1.368942239716611,1,0.0288448271468616,1.0,3.305411968524357e-05,0.4256055363321799,2019-09-03,Bangkok,48.65572623105259,-10.317364349351742,-3.54582460377307,-0.886721063082993,-0.46230483047981086,True,test
-1.2275227837757077,1,0.0286925106259344,0.986159169550173,4.2240228173072046e-05,0.9965397923875432,2019-09-10,Bangkok,32.70972246931064,-10.072137516756236,-3.5511191440711243,-0.9358348973349941,-0.35243871088460327,False,test
-1.3028231685996583,1,0.0332499696731874,1.0,4.914656207924028e-05,0.8581314878892734,2019-09-17,Bangkok,173.8162881292572,-9.920703661340628,-3.403701423965279,-0.97139528468375,-0.23746831555846842,False,test
-1.666743232272747,1,0.0447144426888375,0.9688581314878892,5.309653187285848e-05,0.9930795847750864,2019-09-24,Bangkok,4.692026420048664,-9.843398944978219,-3.10745872689048,-0.9928872135356962,-0.11905873003404988,False,test
-1.1684782122277526,1,0.0432419266313208,0.9377162629757786,4.8308614504858184e-05,0.9411764705882352,2019-10-01,Bangkok,55.18809809819442,-9.937900659071104,-3.140944730512704,-0.9999994220246925,0.001075151282798226,False,test
-1.566612585714675,1,0.0362658279670896,0.9896193771626296,5.464823014803394e-05,0.9896193771626296,2019-10-08,Bangkok,31.906035289776984,-9.814593729080523,-3.316879359403268,-0.9926289059345095,0.12119346147073601,False,test
-1.6190640421577474,1,0.0391916898832894,0.9619377162629758,5.833081997038109e-05,0.9930795847750864,2019-10-15,Bangkok,2.0080442391449256,-9.749379959859146,-3.239290547432594,-0.9708824104813836,0.2395565591209271,False,test
-1.4270061229572062,1,0.040989120649121,0.9550173010380624,5.904674138629002e-05,1.0,2019-10-22,Bangkok,7.949308168119138,-9.73718120081836,-3.1944485975108146,-0.9350748843515574,0.3544502230989869,False,test
-1.3235810950146851,1,0.0423978690197571,0.9930795847750864,6.165234634620286e-05,0.9930795847750864,2019-10-29,Bangkok,15.159583274450334,-9.693999269934553,-3.160657176975242,-0.8857249183835637,0.4642104791518923,False,test
-1.5816102830059555,1,0.0447804773352404,0.916955017301038,7.631789367211042e-05,1.0,2019-11-05,Bangkok,0.7794612532193523,-9.480603129840961,-3.1059830083051345,-0.8235472349556007,0.5672476988027229,False,test
-1.2056589890512834,1,0.0442299129309753,0.9896193771626296,7.453309796624204e-05,1.0,2019-11-12,Bangkok,3.133894335739205,-9.504267263233322,-3.118353955655155,-0.7494423368521953,0.6620696215153815,False,test
-1.4179816378940695,1,0.0416173157925619,0.8996539792387543,7.305304229718548e-05,1.0,2019-11-19,Bangkok,0.1400300193239599,-9.52432477385605,-3.179238953307336,-0.6644834655228552,0.7473029667054297,False,test
-1.511446616117082,1,0.0372922843443016,0.9377162629757786,7.019153867127712e-05,1.0,2019-11-26,Bangkok,0.2614475501594336,-9.564282785945233,-3.2889688277697866,-0.5699010576127624,0.821713322596059,False,test
-1.342081700403336,1,0.0441715239015915,0.9550173010380624,8.35728834449795e-05,1.0,2019-12-03,Bangkok,0.0025719402287904,-9.389791451195917,-3.1196749531404175,-0.46706492487743034,0.8842230238742036,False,test
-1.4268506539975692,1,0.0437011497990476,0.8615916955017301,9.977862191370273e-05,1.0,2019-12-10,Bangkok,0.0120404021894939,-9.212556606874477,-3.130380866035705,-0.3574644155648614,0.9339267592294762,False,test
-1.5919096504196577,1,0.0388061741106604,0.8719723183391004,6.787586595965417e-05,1.0,2019-12-17,Bangkok,0.510279031815957,-9.597830021638275,-3.2491759184487856,-0.2426868445825954,0.9701046827361175,False,test
-1.4336181388851863,1,0.0448106380537393,0.916955017301038,5.391071388104778e-05,1.0,2019-12-24,Bangkok,0.940106096305626,-9.82818132649882,-3.105309711192863,-0.12439450483979998,0.9922328391893008,False,test
-1.384779809063568,1,0.0429274457921887,0.8823529411764706,5.459147947906239e-05,1.0,2019-12-31,Bangkok,0.0322833852436022,-9.815632740888054,-3.1482438955529872,-0.004300592702981974,0.9999907524084426,False,test
-1.269506650072494,1,0.0482860089502052,0.8442906574394463,7.354625705643613e-05,1.0,2020-01-07,Bangkok,2.170713402582464,-9.517596001995086,-3.0306134300540095,0.1201261651823505,0.9927586335250793,False,test
-1.1703211956226125,1,0.0536529854325284,0.9792387543252596,6.64725381210116e-05,1.0,2020-01-14,Bangkok,1.3235260067971752,-9.618721656180462,-2.9252181649945794,0.23851257519407648,0.9711394088771653,False,test
-1.393574847025261,1,0.0491094901626948,0.9204152249134948,5.073140185484133e-05,1.0,2020-01-21,Bangkok,1.3343209830363028,-9.888965473121877,-3.013702980522343,0.3534446712740877,0.9354554315134164,False,test
-1.39483629848822,1,0.0571894741754812,0.8615916955017301,7.424404135072294e-05,1.0,2020-01-28,Bangkok,0.691923045892573,-9.508153034670476,-2.861385415440926,0.4632579225674917,0.88622350294858,False,test
-1.2919773248832789,1,0.0555838625972644,0.9238754325259516,5.760277193704678e-05,1.0,2020-02-04,Bangkok,1.3358252974225249,-9.761939867513284,-2.889862360910083,0.5663619330814524,0.8241566360566663,False,test
-1.4066699144534442,1,0.0420477665116133,1.0,5.0541073003596674e-05,1.0,2020-02-11,Bangkok,0.8684838385696358,-9.892724225450081,-3.1689490090365386,0.6612634749656386,0.7501537286959042,False,test
-1.2129763170446397,1,0.063287456556654,0.9792387543252596,6.565761896565318e-05,1.0,2020-02-18,Bangkok,0.0262935101638585,-9.631056909636177,-2.7600681281306825,0.746588114532413,0.6652865452111116,False,test
-1.3408194319892928,1,0.0614052721185291,1.0,5.5202048775054726e-05,1.0,2020-02-25,Bangkok,2.664356251608991,-9.804510489879865,-2.7902595823926153,0.8211001178128892,0.5707841943569036,False,test
-1.4903288236374328,1,0.0464549579753556,1.0,4.394314279924327e-05,1.0,2020-03-03,Bangkok,5.139531194116817,-10.032613968776253,-3.0692720815205137,0.8837203473619977,0.4680153284438345,False,test
-1.21114703301199,1,0.0513458485440563,1.0,5.3269852749308505e-05,1.0,2020-03-10,Bangkok,32.6901701264475,-9.840140001272179,-2.9691711921454007,0.9335418911179212,0.35846832151248087,False,test
-1.398611754420762,1,0.0584804849425245,1.0,4.2113892524224505e-05,1.0,2020-03-17,Bangkok,4.673245276059702,-10.075132883011316,-2.8390621711241666,0.969843196967294,0.24372971360968387,False,test
-1.4229216458617084,1,0.0534316652761052,1.0,4.370563863862722e-05,1.0,2020-03-24,Bangkok,0.8021941479586443,-10.038033433554263,-2.9293517260621567,0.992098522791769,0.12546123335273648,False,test
-1.5478950377460885,1,0.0541612807018249,1.0,3.9053841411573656e-05,1.0,2020-03-31,Bangkok,2.706671527637767,-10.150569314901547,-2.9157890040213412,0.9999855506507186,0.005375731557583884,False,test
-1.5075128259511912,1,0.0514602952478559,1.0,3.595931703931306e-05,1.0,2020-04-07,Bangkok,19.51986934735621,-10.233122340773884,-2.9669447347206703,0.9933900548258936,-0.11478762552212701,False,test
-1.503140394689724,1,0.0468443098286485,0.889273356401384,4.214527136025235e-05,0.9965397923875432,2020-04-14,Bangkok,12.278032784977006,-10.074388065806115,-3.0609257327721915,0.9724075561219968,-0.23328854407545518,False,test
-1.5384979723250756,1,0.0436484869173047,1.0,5.09409925480966e-05,1.0,2020-04-21,Bangkok,20.323915382475608,-9.884842603952285,-3.1315866612766095,0.9373419384643772,-0.3484108069446808,False,test
-1.6329412371717724,1,0.0506599918067424,0.9826989619377162,4.753855537713482e-05,1.0,2020-04-28,Bangkok,8.441035868021805,-9.953969484017394,-2.982618796138933,0.8887010478292915,-0.45848712914008766,False,test
-1.8045789636499117,1,0.0390322417158228,0.8788927335640139,4.066222380152493e-05,1.0,2020-05-05,Bangkok,22.191380979421623,-10.110211058649602,-3.243367263727405,0.8271893372462497,-0.5619233046832195,False,test
-1.5162272543168716,1,0.0373096910138229,1.0,4.5563859671507995e-05,1.0,2020-05-12,Bangkok,9.233049701365598,-9.99639570674199,-3.2885021733748157,0.753697664392914,-0.6572212950663319,False,test
-1.4555025142142977,1,0.0317155254814626,1.0,4.148025804455082e-05,1.0,2020-05-19,Bangkok,21.37888673103906,-10.09029295368327,-3.450948955171404,0.6692903895412567,-0.7430009249440493,False,test
-1.7308661564176873,1,0.0290012577697569,0.9653979238754326,4.389637330934691e-05,1.0,2020-05-26,Bangkok,49.55941058873727,-10.033678853839103,-3.5404160785652463,0.5751899607119775,-0.8180198708443175,False,test
-1.5059832323753466,1,0.0288815770835386,0.9065743944636678,4.138699543867519e-05,0.9965397923875432,2020-06-02,Bangkok,23.165960094920926,-10.09254384631774,-3.544551358292714,0.47275920928627757,-0.881191653407483,False,test
-1.5213354438755873,1,0.0272619866896787,0.8304498269896193,3.9611269925608514e-05,1.0,2020-06-09,Bangkok,50.50657207122189,-10.13639688611203,-3.6022619760707593,0.36348161248290634,-0.9316013725767187,False,test
-1.51292449933046,1,0.0274861114454554,0.8788927335640139,3.573521114119414e-05,0.972318339100346,2020-06-16,Bangkok,42.09712772303136,-10.239374048783297,-3.594074440231509,0.24893980855376657,-0.9685189578512204,False,test
-1.5058598835667043,1,0.0271331472118273,0.8027681660899654,3.80907066120452e-05,0.903114186851211,2020-06-23,Bangkok,34.78170717344598,-10.175540226528867,-3.6069991541802433,0.13079267585675922,-0.9914097417023038,False,test
-1.4445825358682296,1,0.0272796057752381,1.0,3.643624135702767e-05,0.9930795847750864,2020-06-30,Bangkok,34.51462410749412,-10.219946636967421,-3.601615897165615,0.01075130776352193,-0.9999422030204416,False,test
-1.7219569753879245,1,0.025998191402128,0.7820069204152249,3.589926732219544e-05,1.0,2020-07-07,Bangkok,48.082760523634605,-10.234793671530799,-3.649728304836781,-0.10944576864891556,-0.993992768446958,False,test
-1.6602192596833227,1,0.0254909116089651,0.8788927335640139,4.0490954876439265e-05,0.9930795847750864,2020-07-14,Bangkok,34.75022187922823,-10.11443194517928,-3.6694332978375663,-0.2280577712215198,-0.9736476020539838,False,test
-1.631625635635593,1,0.0251744689222569,0.986159169550173,3.5294036939367714e-05,1.0,2020-07-21,Bangkok,55.43190060070221,-10.251796533524873,-3.6819249360416557,-0.34336687399638804,-0.939201357453208,False,test
-1.5579902957907286,1,0.0244461521138284,0.7647058823529411,3.792433613187492e-05,0.9896193771626296,2020-07-28,Bangkok,47.85766967152467,-10.17991753764558,-3.7112824532039643,-0.45370308603134424,-0.8911529104063088,False,test
-1.5641499197087547,1,0.0254470844329001,0.9896193771626296,2.9791047774644707e-05,0.9100346020761244,2020-08-04,Bangkok,44.34689115453079,-10.421302619831934,-3.671154103141488,-0.5574684374327892,-0.8301981337405212,False,test
-1.3419509029636358,1,0.0258402743285986,0.9411764705882352,2.696168466652591e-05,0.8754325259515571,2020-08-11,Bangkok,51.257874226446106,-10.521093786241655,-3.6558209836922555,-0.65316012232693,-0.7572198192083127,False,test
-1.4916084892161856,1,0.0282760358827397,1.0,4.093960548934862e-05,1.0,2020-08-18,Bangkok,16.836266138974967,-10.103412614090491,-3.565740621656704,-0.7393922635959241,-0.673274892250183,False,test
-1.6854730021125413,1,0.0275177979721253,0.9930795847750864,4.483921082630375e-05,1.0,2020-08-25,Bangkok,24.49393441711936,-10.012427559685403,-3.5929222846661815,-0.8149159841660791,-0.5795791048257612,False,test
-1.464739986092752,1,0.0290212915980979,0.9342560553633218,3.9668720749301144e-05,0.9896193771626296,2020-09-01,Bangkok,36.885548473452424,-10.134947571265752,-3.539725525345666,-0.8786374941610001,-0.4774894280028391,False,test
-1.6223092715277836,1,0.027199758308221,0.9896193771626296,4.4596878536160695e-05,0.9792387543252596,2020-09-08,Bangkok,31.902290012782014,-10.017846689365989,-3.6045471914468328,-0.9296339319682695,-0.3684843993077793,False,test
-1.5645098358488905,1,0.0263094093730749,0.8027681660899654,4.453423381190889e-05,0.9238754325259516,2020-09-15,Bangkok,92.82756423258276,-10.01925236540697,-3.6378286329437945,-0.9671667297977312,-0.2541427094613622,False,test
-1.409940012966199,1,0.0270614543246164,1.0,4.377673537486229e-05,1.0,2020-09-22,Bangkok,73.77534547213295,-10.036408037520161,-3.6096449132410893,-0.9906923101615609,-0.13612033862266704,False,test
-1.5783791077661309,1,0.0269110638944725,1.0,3.7952774317379555e-05,0.9619377162629758,2020-09-29,Bangkok,50.54625697090143,-10.179167952252362,-3.6152177797415623,-0.9998699583618592,-0.016126573270657762,False,test
-1.5128152384111917,1,0.0341013190210324,0.9342560553633218,6.172205075176975e-05,0.5570934256055363,2020-10-06,Bangkok,89.76110290405344,-9.692869304323807,-3.3784192144720633,-0.9945667569706337,0.1041007489354256,False,test
-1.2920682908989385,1,0.0375465133755845,0.9930795847750864,3.014606649509025e-05,0.9204152249134948,2020-10-13,Bangkok,118.41494074316492,-10.4094561078101,-3.2821747579303695,-0.9748595108374125,0.22282040779479959,False,test
-1.5586088056282397,1,0.0379842200166028,1.0,6.761889983510475e-05,1.0,2020-10-20,Bangkok,0.8255301949806307,-9.601623030631963,-3.270584468222171,-0.9410336347451197,0.3383130181923075,False,test
-1.757706831947046,1,0.0382139221446492,1.0,6.072265381706862e-05,0.9273356401384084,2020-10-27,Bangkok,38.882610934537816,-9.70919372001727,-3.264555375718444,-0.8935790198239952,0.4489059314938798,False,test
-1.6114800648445715,1,0.0418288572798437,1.0,5.6213582135296265e-05,1.0,2020-11-03,Bangkok,4.307328949048611,-9.786352155258056,-3.1741688120975997,-0.8331829385891785,0.5529974600700271,False,test
-1.5833443352849614,1,0.0420130653524847,0.9965397923875432,7.884436435155196e-05,1.0,2020-11-10,Bangkok,2.999963215267646,-9.448034720139958,-3.169774629253,-0.7607200913564104,0.6490800741100398,False,test
-1.803532286336672,1,0.0375776640078078,0.8442906574394463,6.295375530678799e-05,1.0,2020-11-17,Bangkok,18.325349239342486,-9.673110143863429,-3.2813454474448873,-0.6772399381909491,0.7357622347736525,False,test
-1.8326042007896717,1,0.038518398793109,0.9930795847750864,6.624286301028081e-05,1.0,2020-11-24,Bangkok,0.8686083587185216,-9.622182827047741,-3.2566192611117026,-0.5839514998576998,0.8117885474764613,False,test
-1.4472416961316985,1,0.0460835397170061,0.986159169550173,8.719633683364913e-05,1.0,2020-12-01,Bangkok,0.7663835490778713,-9.347348236720162,-3.0772994487694527,-0.4822058478963526,0.8760579434344281,False,test
-1.8108467871015488,1,0.0439949350429757,0.9757785467128028,0.0001048557062156,1.0,2020-12-08,Bangkok,2.729958501691664,-9.162925379440075,-3.1236807643494897,-0.37347653741307074,0.9276396261490467,False,test
-1.7257068090832877,1,0.0437233780399841,0.9134948096885812,9.862062795761844e-05,1.0,2020-12-15,Bangkok,1.5493551108995658,-9.224230109741614,-3.1298723533341803,-0.2593382659754056,0.9657865518844574,False,test
-1.574863727573462,1,0.0438372700140178,1.0,8.217464309663331e-05,1.0,2020-12-22,Bangkok,1.182193824110342,-9.406663781634457,-3.1272709098593934,-0.14144406768794202,0.9899462489023779,False,test
-1.866672332053646,1,0.0436154157910038,0.8512110726643599,5.9469060654110846e-05,1.0,2020-12-29,Bangkok,0.0221560306895362,-9.7300543696604,-3.1323446179312575,-0.021501372740813793,0.999768818762748,False,test
-1.81364300640769,1,0.0467566055701391,0.9515570934256056,7.506245601760234e-05,1.0,2021-01-05,Bangkok,0.032696324647943,-9.497190044067926,-3.062799737610778,0.08590610426133272,0.9963032375991965,False,test
-1.5704123377374417,1,0.0529277365492723,0.8581314878892734,8.471510329951882e-05,1.0,2021-01-12,Bangkok,0.2334067234272822,-9.376216656977991,-2.9388277571236743,0.20496611396949532,0.9787690698649216,False,test
-1.805121034940354,1,0.0513019495221489,0.9515570934256056,8.80468938709841e-05,1.0,2021-01-19,Bangkok,0.1529590032979504,-9.337641000521257,-2.970026525146415,0.321057654185271,0.9470596510722283,False,test
-1.580356125813064,1,0.056336617266262,0.8788927335640139,7.284047040319037e-05,1.0,2021-01-26,Bangkok,0.545107944541608,-9.527238845091805,-2.8764105597588685,0.4324994021339788,0.901634220265486,False,test
-1.4637502681843908,1,0.0518787388938777,0.9065743944636678,7.059219176378122e-05,1.0,2021-02-02,Bangkok,4.001034243332533,-9.55859101782824,-2.9588462279658545,0.5376773767406141,0.8431506618282,False,test
-1.6141378268828588,1,0.0471301359617682,0.9826989619377162,6.644891589448002e-05,1.0,2021-02-09,Bangkok,8.754848303564186,-9.61907708754337,-3.0548426532263813,0.6350683134867438,0.7724559775191742,False,test
-1.662036423717969,1,0.0530735669120764,1.0,5.997772035927257e-05,1.0,2021-02-16,Bangkok,2.588899648538998,-9.7215373920467,-2.9360762729429157,0.7232617254437388,0.6905740195722293,False,test
-1.3715041452950725,1,0.0508311549807267,1.0,5.047037599287914e-05,1.0,2021-02-23,Bangkok,0.2859701689621421,-9.894124007810664,-2.9792458253591527,0.8009803309782905,0.5986906625177214,False,test
-1.8009670088809004,1,0.0389495393705637,0.9930795847750864,4.777924112376164e-05,1.0,2021-03-02,Bangkok,15.574053493233542,-9.948919298910162,-3.245488332908257,0.8670985522812081,0.4981366284784055,False,test
-1.27466364085156,1,0.0611259464301106,1.0,6.208999411683752e-05,1.0,2021-03-09,Bangkok,4.364324328444904,-9.68692570733965,-2.7948188477877776,0.9206588168102428,0.3903682146763026,False,test
-1.293482065213725,1,0.0568486327126874,1.0,4.289991421513875e-05,1.0,2021-03-16,Bangkok,8.421555277531814,-10.056640731679417,-2.8673631098630774,0.9608854255574977,0.27694620226893646,False,test
-1.5678139615811213,1,0.0597711380433371,0.9688581314878892,6.0468380732468886e-05,1.0,2021-03-23,Bangkok,0.967682410348743,-9.713389962068634,-2.817232375950176,0.9871957872910085,0.15951325197263655,False,test
-1.4517251114113698,1,0.0458951136673914,0.9826989619377162,4.914678047139269e-05,1.0,2021-03-30,Bangkok,37.36267671333814,-9.920699217659159,-3.0813966236306025,0.9992088560679753,0.03977011384605572,False,test
-1.8322127414160672,1,0.0502036461251879,1.0,5.6759820513310294e-05,0.9965397923875432,2021-04-06,Bangkok,52.33798788851987,-9.776681867881267,-2.9916676229461734,0.9967506498213929,-0.08054900421874167,False,test
-1.7692804424943291,1,0.0423975685066807,0.9307958477508652,4.317423983641397e-05,1.0,2021-04-13,Bangkok,40.629565580346174,-10.050266540654821,-3.1606642649291503,0.9798567700958665,-0.1997015525660636,False,test
-1.7582881022184238,1,0.0415776061734078,0.9377162629757786,6.136938963249157e-05,0.9965397923875432,2021-04-20,Bangkok,19.95156164266654,-9.698599387311088,-3.1801935697966917,0.9487718864399473,-0.31596187665790293,False,test
-1.836567118016128,1,0.0394263712012,1.0,5.9593306396999694e-05,0.9965397923875432,2021-04-27,Bangkok,85.14764079463009,-9.727967298975246,-3.233320366745454,0.9039461929224011,-0.42764620926777464,False,test
-1.786875034787383,1,0.0386652306939464,0.9896193771626296,6.405380439740713e-05,1.0,2021-05-04,Bangkok,33.153835847182805,-9.655787134080139,-3.25281451445901,0.8460288880917339,-0.533137056031809,False,test
-1.7963491556739413,1,0.0341151175883274,0.9826989619377162,4.799739051358989e-05,0.9965397923875432,2021-05-11,Bangkok,5.578791925679079,-9.944363912834385,-3.378014661898841,0.7758587728069828,-0.6309066211876704,False,test
-1.9440924870432956,1,0.032034235263714,1.0,4.736037973349322e-05,1.0,2021-05-18,Bangkok,23.35556687048748,-9.957724549399273,-3.4409500960751385,0.6944521021088763,-0.719538934232584,False,test
-1.7773898096825695,1,0.0288015701320896,0.8754325259515571,3.4443578601713086e-05,1.0,2021-05-25,Bangkok,51.71191611330589,-10.27618797550687,-3.5473253748509816,0.6029878670694714,-0.7977503570459932,False,test
-1.7745401664198488,1,0.029538827221095,0.9619377162629758,4.516485264275876e-05,1.0,2021-06-01,Bangkok,7.046190764624336,-10.00519137001013,-3.522049704051757,0.5027907197793043,-0.8644081744776648,False,test
-1.7953364495111066,1,0.0313389905171448,0.6124567474048442,3.5367489449192176e-05,0.3217993079584775,2021-06-08,Bangkok,42.207596654785995,-10.249717536932666,-3.4628922532576323,0.3953117887649151,-0.9185469991587165,True,test
-1.5699513789212909,1,0.0251681781104352,0.9792387543252596,4.021938467263255e-05,1.0,2021-06-15,Bangkok,15.992173093557891,-10.121161472776269,-3.682174855830353,0.2821076626819194,-0.9593827529490743,False,test
-1.902059626209424,1,0.0259818526822691,1.0,3.612673488099374e-05,1.0,2021-06-22,Bangkok,21.92074973928903,-10.228477388297442,-3.6503569584166224,0.16481784665719793,-0.9863240225317866,False,test
-1.0380002117635452,1,0.0249685879109144,0.986159169550173,4.077076792826843e-05,1.0,2021-06-29,Bangkok,27.516075121035737,-10.107545205689494,-3.6901367277146817,0.04514101777397193,-0.9989806246941579,False,test
-0.7814575049175031,1,0.0262186730687253,0.9273356401384084,4.227188584028591e-05,0.9965397923875432,2021-07-06,Bangkok,73.70888591108873,-10.071388330226844,-3.641283409527294,-0.07518957641475855,-0.9971692572470178,False,test
-0.5945188067215037,1,0.0242769259767373,1.0,3.8196391764671734e-05,0.9307958477508652,2021-07-13,Bangkok,72.25117481938615,-10.172769503235239,-3.7182289280246077,-0.19443122004766195,-0.9809161537413774,False,test
-0.90719144841465,1,0.0251717185433197,0.9515570934256056,2.347376529470098e-05,0.6332179930795848,2021-07-20,Bangkok,34.81784770765515,-10.659627130858054,-3.682034194719557,-0.3108569682435036,-0.9504567035349151,False,test
-0.9417637811389628,1,0.0254154006493193,1.0,2.975864364286845e-05,0.9480968858131488,2021-07-27,Bangkok,22.822446694649987,-10.422390925554541,-3.6723999639218956,-0.4227806579826773,-0.9062320427107697,False,test
-0.4179491223807549,1,0.0279411184192976,1.0,2.5976441629537668e-05,0.986159169550173,2021-08-03,Bangkok,25.899751893138653,-10.558320521863163,-3.5776558966310086,-0.5285813283559292,-0.8488826652214553,False,test
-0.9021683024350096,1,0.0262808004192903,0.8339100346020761,2.902223100344028e-05,0.9065743944636678,2021-08-10,Bangkok,43.23486225357014,-10.447448435329495,-3.638916628474509,-0.6267266965083301,-0.7792391467859886,False,test
-0.6700150894940841,1,0.0257023966835909,0.8685121107266436,4.930828631046167e-05,1.0,2021-08-17,Bangkok,12.31640350519656,-9.917418411719666,-3.661171035258197,-0.7157953492826642,-0.6983101158835584,False,test
-0.54154517516272,1,0.0260385867596867,0.9584775086505192,3.582319180479661e-05,0.986159169550173,2021-08-24,Bangkok,77.56812584466458,-10.23691505852324,-3.648175735015974,-0.7944973291665992,-0.6072676460566135,False,test
-0.8719017191438221,1,0.0239317061181809,0.986159169550173,4.687385456912768e-05,0.9480968858131488,2021-08-31,Bangkok,50.36534086713233,-9.968050509830869,-3.732551083398507,-0.8616928164028521,-0.5074302810827518,False,test
-0.9698678465257684,1,0.0247786670193341,0.986159169550173,4.0635811811854434e-05,0.8304498269896193,2021-09-07,Bangkok,108.43212576873266,-10.11086081581533,-3.697772196829544,-0.9164086366943458,-0.4002439388573056,False,test
-0.7294374365690436,1,0.0278896671598973,0.944636678200692,4.713634899574165e-05,0.9515570934256056,2021-09-14,Bangkok,99.86923348862902,-9.962466113694541,-3.579499011444166,-0.9578523554276669,-0.28726097055059635,False,test
-0.730068503156567,1,0.025744249463137,0.9826989619377162,4.574148601279489e-05,0.8546712802768166,2021-09-21,Bangkok,83.74764357360442,-9.992504881642127,-3.659543998632345,-0.9854237542919524,-0.17011767832049052,False,test
-0.8394467359504789,1,0.0279215421350428,0.972318339100346,6.619411774648494e-05,0.986159169550173,2021-09-28,Bangkok,26.709560142366296,-9.6229189547625,-3.5783567685501723,-0.9987235240803972,-0.050510617185222886,False,test
-0.4875566619954235,1,0.0300887718998627,0.903114186851211,5.438358126215849e-05,0.903114186851211,2021-10-05,Bangkok,39.08630515446775,-9.819448264691552,-3.503603203401664,-0.9975590477788613,0.06982797572987089,False,test
-0.6539313036417947,1,0.0320370435931232,1.0,2.966623512719955e-05,0.8166089965397924,2021-10-12,Bangkok,115.0952507855405,-10.425501023280214,-3.440862433413768,-0.981947190186646,0.18915526872004093,False,test
-0.7993902341086722,1,0.0380100130509191,0.9896193771626296,6.0073479691425855e-05,0.9653979238754326,2021-10-19,Bangkok,39.41281763464299,-9.719942083504648,-3.269905652626156,-0.9521140536681102,0.3057430764672831,False,test
-0.6012558498377397,1,0.0365809581801401,0.9273356401384084,6.289683746638446e-05,1.0,2021-10-26,Bangkok,43.93759397054585,-9.674014674275723,-3.308227442263513,-0.9084917035725082,0.41790288888678667,False,test
-0.3669639614983632,1,0.0333106716805423,0.8650519031141869,6.261369414628307e-05,0.9550173010380624,2021-11-02,Bangkok,22.975589747481184,-9.678526547451497,-3.401877462448409,-0.8517119107469189,0.5240103253675756,False,test
-0.714294469419224,1,0.0332012274832709,1.0,0.000122033001189,0.9930795847750864,2021-11-09,Bangkok,4.257152240628645,-9.011219048260784,-3.405168431355478,-0.7825970017677834,0.6225286602431057,False,test
-0.7265786912270782,1,0.0341772082251062,1.0,5.6658175975931464e-05,0.9273356401384084,2021-11-16,Bangkok,6.973872717823203,-9.77847425652747,-3.3761962832406884,-0.7021479494046978,0.712031078778713,False,test
-0.2575347641580655,1,0.0394347545245606,0.9965397923875432,9.469546054637644e-05,1.0,2021-11-23,Bangkok,8.34687617459688,-9.264844494017506,-3.233107756963004,-0.6115298757991053,0.7912213413483807,False,test
-0.6178782978467061,1,0.0363705063172345,1.0,0.0001031470277727,1.0,2021-11-30,Bangkok,1.2897045638481563,-9.179355133474862,-3.313997098792416,-0.5120551783114646,0.8589525565270845,False,test
-0.2152117878065613,1,0.0402065185356148,0.9515570934256056,0.0001019982310761,1.0,2021-12-07,Bangkok,0.0305161412818145,-9.190555087221561,-3.213726143875244,-0.4051645224207563,0.9142437912130223,False,test
-0.2292137296619382,1,0.0454374020570874,0.8650519031141869,0.0001090110969779,1.0,2021-12-14,Bangkok,0.0059363233479343,-9.124060873780428,-3.0914196792431317,-0.29240597695107734,0.9562942772197719,False,test
-0.447281835520969,1,0.0455569602098796,0.9930795847750864,0.0001025032955705,1.0,2021-12-21,Bangkok,10.618759463233925,-9.185615607995356,-3.088791863219951,-0.17541259380427843,0.9844950085880858,False,test
-0.4293853615462882,1,0.0450744657989479,1.0,7.152869759002875e-05,1.0,2021-12-28,Bangkok,0.0513254125275263,-9.545411823894149,-3.099439361345172,-0.05587875690537313,0.9984375616565666,False,test
-0.0783036265790336,1,0.0435666207792029,0.8650519031141869,9.07490622050643e-05,1.0,2022-01-04,Bangkok,0.0030113987463664,-9.307412418701201,-3.1334640002906426,0.06875540848113941,0.9976335468520451,False,test
-0.381747157435145,1,0.0445388531795206,0.8546712802768166,7.84145550774211e-05,1.0,2022-01-11,Bangkok,0.080936604190003,-9.453500996341301,-3.11139336558677,0.18809941761179758,0.9821499931752291,False,test
-0.4413720411058287,1,0.0432978752667113,0.9688581314878892,6.730464969085536e-05,1.0,2022-01-18,Bangkok,13.374666748844426,-9.60628123468296,-3.1396517152305243,0.3047192331091634,0.9524422234305676,False,test
-0.3087839075359313,1,0.0383529843349405,0.8477508650519031,5.843279516504562e-05,1.0,2022-01-25,Bangkok,1.4882753709064145,-9.74763326470119,-3.260922935814805,0.4169258813287287,0.908940487313808,False,test
-0.5213602361164377,1,0.0418169422288338,0.9930795847750864,5.8203577367833175e-05,1.0,2022-02-01,Bangkok,5.225653211788985,-9.751563738314632,-3.1744537050906843,0.5230943033491326,0.8522748088519838,False,test
-0.6919591606966835,1,0.048660384916825,0.916955017301038,6.057325055874829e-05,0.9792387543252596,2022-02-08,Bangkok,37.29387118019597,-9.711657172260688,-3.0228900313246108,0.6216868902665479,0.7832658619336791,False,test
-0.7699581396850218,1,0.0334345916158391,0.9965397923875432,3.4055176599224974e-05,0.9896193771626296,2022-02-15,Bangkok,36.19367594081352,-10.287528507578228,-3.3981642378220895,0.7112757519738152,0.7029130847082615,False,test
-0.3774265589137652,1,0.0450146937400986,1.0,8.982460259873808e-05,1.0,2022-02-22,Bangkok,0.0847392746896005,-9.317651649146612,-3.1007663149525917,0.7905633969115482,0.612380204990065,False,test
-0.6016058952068765,1,0.0483502070728062,1.0,5.292206212010235e-05,1.0,2022-03-01,Bangkok,25.36089750593353,-9.846690252732516,-3.0292847743038727,0.8584015232918917,0.512978386299228,False,test
-0.5801587194172557,1,0.0505985716473005,0.9826989619377162,5.893365119223955e-05,1.0,2022-03-08,Bangkok,9.585551117815282,-9.739098302909909,-2.983831931401363,0.9138076496466615,0.4061472386305789,False,test
-0.4011223902096079,1,0.0437537927169698,0.9965397923875432,4.486840324406991e-05,1.0,2022-03-15,Bangkok,34.35715259841117,-10.011776724879482,-3.1291769792623376,0.9559793438440766,0.2934339689665273,False,test
-0.7616236979637143,1,0.0361538689048864,0.972318339100346,4.938398485054344e-05,1.0,2022-03-22,Bangkok,19.76164984052843,-9.915884379641247,-3.319971312455676,0.984305844499033,0.17647097349152166,False,test
-0.6215388513397024,1,0.0403961873366278,0.9930795847750864,6.48116027850162e-05,1.0,2022-03-29,Bangkok,12.673772440599068,-9.644025915310213,-3.209019871324178,0.998376906467142,0.056952196034039754,False,test
0.0569256494154096,1,0.0618211689779256,1.0,7.980396956905202e-05,1.0,2022-04-05,Bangkok,5.039162995061139,-9.43593731077262,-2.7835094330760732,0.9979887423155984,-0.06339140486951038,False,test
-0.2161054779039461,1,0.0494896930277162,1.0,4.811311873681472e-05,1.0,2022-04-12,Bangkok,17.935274585193433,-9.94195567922791,-3.0059908527509314,0.9831469737221499,-0.1828169249850199,False,test
-0.6159580382706343,1,0.0423409712975753,1.0,4.997256623310891e-05,0.9965397923875432,2022-04-19,Bangkok,18.55814160537445,-9.904036378451345,-3.1620000731139988,0.9540665500578387,-0.2995947563972602,False,test
-0.5100008392573635,1,0.041280777032723,0.9826989619377162,6.557726074777846e-05,1.0,2022-04-26,Bangkok,36.023960661887706,-9.632281557048412,-3.187358334518862,0.9111686353326631,-0.41203363695942635,False,test
-0.7848082124055771,1,0.0364247252483189,0.9930795847750864,7.013855475578029e-05,0.9619377162629758,2022-05-03,Bangkok,31.90007126175307,-9.565037918600256,-3.3125074698718313,0.8550745085896932,-0.518505144391157,False,test
-0.7307531458177217,1,0.0327928287511594,0.8996539792387543,3.554663473895083e-05,0.9965397923875432,2022-05-10,Bangkok,51.817452593440336,-10.24466506895389,-3.4175454231316778,0.7865965660866021,-0.6174672802835514,False,test
-0.5692955301707544,1,0.0283695892008832,0.9965397923875432,3.759677455442752e-05,1.0,2022-05-17,Bangkok,96.28979337532836,-10.188592294374937,-3.562437510319679,0.7067265555776159,-0.7074868024503348,False,test
-0.4361864070839036,1,0.0303841072960485,0.9584775086505192,3.544285610238042e-05,0.9965397923875432,2022-05-24,Bangkok,17.327129253538892,-10.24758884567829,-3.4938355935845657,0.6166212130956382,-0.7872599821916922,False,test
-0.6877561996720447,1,0.028453404811906,0.9965397923875432,4.5101519935616155e-05,1.0,2022-05-31,Bangkok,30.77412638859724,-10.00659461056862,-3.559487448526376,0.5175855102531889,-0.8556314858488706,False,test
-0.650198362877731,1,0.0271158973290574,0.9965397923875432,4.156558330140282e-05,1.0,2022-06-07,Bangkok,9.848422691072576,-10.088238057604343,-3.6076351057807647,0.4110537546870351,-0.9116111071930239,False,test
-0.257416269214032,1,0.027798440645138,0.8096885813148789,4.561526518458926e-05,1.0,2022-06-14,Bangkok,20.74770542112715,-9.995268134644565,-3.582775351760266,0.2985688173637202,-0.9543881083175908,False,test
-0.5365357013961406,1,0.0259882664137401,0.8200692041522492,4.915857902802079e-05,1.0,2022-06-21,Bangkok,30.90148776603036,-9.920459178728528,-3.6501101346026648,0.18175978759137534,-0.9833429613388902,False,test
-0.6634065042612517,1,0.0237676898282041,0.8927335640138409,3.868673478846846e-05,1.0,2022-06-28,Bangkok,26.2915086564509,-10.160013787011525,-3.739428190881566,0.062318379354325076,-0.998056320853012,False,test
-0.4339973983122703,1,0.0230916194664939,0.9377162629757786,3.885036475220909e-05,0.916955017301038,2022-07-05,Bangkok,38.436788779142,-10.15579309246344,-3.7682855209382025,-0.05802556932878035,-0.9983150972033183,False,test
-0.4955629220117092,1,0.0245988500156849,0.9930795847750864,3.775127928009192e-05,1.0,2022-07-12,Bangkok,28.280964801948613,-10.184491194629077,-3.7050555844663924,-0.17752914918703497,-0.984115542601034,False,test
-0.6229458936614863,1,0.0251723971041579,0.9896193771626296,4.27655888447359e-05,1.0,2022-07-19,Bangkok,79.74463784225472,-10.059776777711795,-3.682007237811902,-0.2944616217868012,-0.9556633054034704,False,test
-0.6241844643950014,1,0.0245008747232538,0.9688581314878892,4.38256652761613e-05,1.0,2022-07-26,Bangkok,42.291955470847505,-10.03529094698329,-3.7090464590788415,-0.4071294853542516,-0.9133704517637858,False,test
-0.752537777878771,1,0.0239936120555092,0.9411764705882352,2.592439856103365e-05,0.7716262975778547,2022-08-02,Bangkok,51.32128710841193,-10.56032600330646,-3.729967648415993,-0.5139010013093103,-0.8578494977869301,False,test
-0.6782206731209343,1,0.0242972798342555,1.0,3.366262695426535e-05,0.9965397923875432,2022-08-09,Bangkok,31.52036196644366,-10.29912232844814,-3.717390875878633,-0.6132298262997502,-0.7899045386224707,False,test
-0.6960722498872423,1,0.0246336019220637,1.0,3.0895444057545104e-05,0.8927335640138409,2022-08-16,Bangkok,43.28540992025038,-10.384901826434536,-3.7036438362888062,-0.7036774074790128,-0.7105196029692745,False,test
-0.5562213814846001,1,0.0269749617769712,0.8615916955017301,4.7282865253742616e-05,0.986159169550173,2022-08-23,Bangkok,60.29781444331948,-9.95936258488914,-3.6128461848186944,-0.7839338166829201,-0.620844401650647,False,test
-0.6453897351783137,1,0.0268732781076669,0.9930795847750864,5.345453007506801e-05,1.0,2022-08-30,Bangkok,40.12771911605391,-9.836679170575373,-3.616622864999301,-0.8528367217694595,-0.522177676659508,False,test
-0.7456662300061457,1,0.0295767642213777,0.9930795847750864,4.7335539861446264e-05,0.986159169550173,2022-09-06,Bangkok,80.07957257114585,-9.958249173326534,-3.520766218441111,-0.9093882203647925,-0.4159483918249421,False,test
-0.5754243873082215,1,0.0265886423004912,1.0,3.8385663728944635e-05,0.9550173010380624,2022-09-13,Bangkok,58.423624141712224,-10.167826508471535,-3.6272711355614473,-0.9527692922168511,-0.30369503751065885,False,test
-0.7739174477792989,1,0.0288652077205261,0.9480968858131488,4.39502073758054e-05,0.916955017301038,2022-09-20,Bangkok,105.55370333602131,-10.03245321539586,-3.5451182942184625,-0.9823516608469237,-0.18704334906991657,False,test
-0.9052615506273805,1,0.0296083690346082,0.8719723183391004,2.412808303183321e-05,0.6020761245674741,2022-09-27,Bangkok,88.88074433578561,-10.632134124838565,-3.5196982199591984,-0.9977068927101168,-0.06768276175455162,False,test
-0.453186103645561,1,0.0256334477739648,0.9965397923875432,4.771563773582343e-05,0.9134948096885812,2022-10-04,Bangkok,97.01430478306852,-9.950251378663607,-3.66385722662463,-0.9986126020839734,0.052658056924614005,False,test
-0.4782737006477535,1,0.0382418792867695,0.9965397923875432,7.449670710307333e-05,1.0,2022-10-11,Bangkok,3.0996630670647023,-9.504755633514355,-3.263824047477998,-0.9850556718215013,0.172236243027682,False,test
-0.547630549590334,1,0.0402203308086267,1.0,7.476039069699244e-05,1.0,2022-10-18,Bangkok,6.376269385435241,-9.501222349374082,-3.213382669693169,-0.957232443323312,0.2893199776186952,False,test
-0.3567091004452156,1,0.0347619303997844,0.9550173010380624,6.164197961467702e-05,1.0,2022-10-25,Bangkok,9.343456377626884,-9.69416743228054,-3.359232445035351,-0.9155458729775467,0.40221356823680365,False,test
-0.3977255000812799,1,0.0382116549114319,0.9965397923875432,8.355906457147876e-05,1.0,2022-11-01,Bangkok,0.9470332697980216,-9.38995681603126,-3.264614707510373,-0.8605996962501181,0.5092820071573356,False,test
-0.664473540560564,1,0.0319394198526376,0.9688581314878892,8.648681394255916e-05,1.0,2022-11-08,Bangkok,10.690458185077478,-9.355518595617008,-3.4439143000221732,-0.7931896839451843,0.6089746507720486,False,test
-0.4276918127372048,1,0.0294134713624472,0.9515570934256056,7.24064253781415e-05,0.986159169550173,2022-11-15,Bangkok,20.608867417608423,-9.53321551419363,-3.5263024999764183,-0.7142921172691032,0.699847677146407,False,test
-0.5478403973640857,1,0.0324927852050494,0.972318339100346,5.700124121544326e-05,1.0,2022-11-22,Bangkok,78.25043162157505,-9.77243751465728,-3.4267372079814797,-0.6250496486104377,0.7805849965070866,False,test
-0.6433536850945404,1,0.0330497124059994,0.8442906574394463,7.578620165760074e-05,0.986159169550173,2022-11-29,Bangkok,14.353446943015667,-9.487594318065954,-3.4097424145074946,-0.5267547528105542,0.8500173118187018,False,test
-0.4022579994085363,1,0.0380279026712846,0.9826989619377162,9.312994781917564e-05,1.0,2022-12-06,Bangkok,0.4816375843304298,-9.28151475173178,-3.2694351078847417,-0.42083100859565564,0.9071390534005044,False,test
-0.1407835315990285,1,0.0436140396239893,0.8823529411764706,0.0001046401342981,1.0,2022-12-13,Bangkok,0.1012761640448387,-9.164983386826355,-3.1323761707366273,-0.30881248126625377,0.9511229423235357,False,test
-0.424129787133269,1,0.0423583497084716,0.8339100346020761,0.0001077236853153,1.0,2022-12-20,Bangkok,0.0189427660443255,-9.135941078618533,-3.1615897177313643,-0.19232150523909483,0.9813319716704275,False,test
-0.3010704201928428,1,0.0445669885330665,0.8546712802768166,8.770118483587739e-05,1.0,2022-12-27,Bangkok,0.0431915964048781,-9.341575148576172,-3.1107618614352983,-0.07304518821104743,0.9973286321364752,False,test
-0.4144110287304854,1,0.0393365587421903,1.0,9.471120994214564e-05,1.0,2023-01-03,Bangkok,0.0588016779407875,-9.26467819157668,-3.235600944626463,0.051584366869408364,0.9986686402879997,False,test
-0.6093627698165232,1,0.0407394334667051,0.972318339100346,7.565019829422911e-05,1.0,2023-01-10,Bangkok,4.0351189193794665,-9.489390496527408,-3.200558774350244,0.17117705961019986,0.985240282501282,False,test
-0.2138421874438793,1,0.0443412037792637,0.8754325259515571,0.0001049743633318,1.0,2023-01-17,Bangkok,0.0651184232023169,-9.161794396363112,-3.1158409263293034,0.2882906407095177,0.9575429528116719,False,test
-0.2023308297374843,1,0.0461806964280399,0.9550173010380624,0.0001146791717396,1.0,2023-01-24,Bangkok,0.0100312986836416,-9.07337213933654,-3.075193394441049,0.4012289854475009,0.9159777842484877,False,test
-0.3234663210364146,1,0.0461541442209899,0.9896193771626296,0.0001160195249366,1.0,2023-01-31,Bangkok,9.146784890704916,-9.0617520626029,-3.075768523126933,0.5083564379375122,0.8611467540480452,False,test
-0.6033510604038456,1,0.0395033316961413,0.9134948096885812,5.1340006293430085e-05,1.0,2023-02-07,Bangkok,1.470912174613006,-9.87704025993792,-3.2313702638942927,0.6081214998935418,0.7938439653781019,False,test
-0.2901368696297682,1,0.0515421913167452,0.972318339100346,7.486501676753525e-05,1.0,2023-02-14,Bangkok,35.70492086479727,-9.499823842404334,-2.96535455784479,0.6990793005655562,0.7150441465537444,False,test
-0.2182945958580158,1,0.0534567732038328,1.0,7.976957823600189e-05,1.0,2023-02-21,Bangkok,0.0181129816463075,-9.436368351306037,-2.9288819291683774,0.7799125224167177,0.6258885343075018,False,test
-0.0909373118038958,1,0.0580613694402116,0.9688581314878892,8.351884298388792e-05,1.0,2023-02-28,Bangkok,0.0089082743095599,-9.390438287088163,-2.846254734025653,0.8494504794814806,0.527668345562516,False,test
0.2307413662788595,1,0.0713631375255013,0.9826989619377162,7.896633995187657e-05,1.0,2023-03-07,Bangkok,3.7300668010132343,-9.446488872852186,-2.639973824111047,0.9066860720977985,0.4218060770826634,False,test
-0.4449835279097296,1,0.0572004391818875,1.0,5.7587720418964646e-05,1.0,2023-03-14,Bangkok,1.7609146355878862,-9.762201200160796,-2.8611937026208345,0.9507903724625832,0.3098349038318025,False,test
-0.335165374221238,1,0.0479034310692933,1.0,5.248229273252193e-05,1.0,2023-03-21,Bangkok,0.9363219880994572,-9.855034726544119,-3.0385681472914534,0.981124629771712,0.19337647441020586,False,test
-0.3186105923215728,1,0.0497311277111606,1.0,5.119717720519348e-05,1.0,2023-03-28,Bangkok,3.253327128937652,-9.87982616014974,-3.0011242298353324,0.9972495210773451,0.07411742515094437,False,test
-0.2787689143923896,1,0.0510079979502144,0.972318339100346,6.168051065143216e-05,1.0,2023-04-04,Bangkok,3.765592354768858,-9.6935425496995,-2.975772835999959,0.9989315138848577,-0.046215046983708354,False,test
0.1601886998433183,1,0.0649906109103322,1.0,5.2634406784731785e-05,1.0,2023-04-11,Bangkok,4.961056282846549,-9.85214053068202,-2.7335124670534006,0.986146248341595,-0.16587819893463143,False,test
-0.0680176166836027,1,0.0517535800303223,0.9653979238754326,5.7392509115662655e-05,1.0,2023-04-18,Bangkok,3.402484194856444,-9.76559676636649,-2.9612616698995384,0.9590788900341131,-0.28313898122818354,False,test
-0.4141278001186581,1,0.0506257979012427,0.9965397923875432,6.76182826738824e-05,1.0,2023-04-25,Bangkok,26.88951606098221,-9.601632157725723,-2.983293992667436,0.9181214482844365,-0.39629913726891813,False,test
-0.4760833784631041,1,0.045602083588652,0.9550173010380624,5.432449561225581e-05,1.0,2023-05-02,Bangkok,3.83240263596092,-9.820535316498923,-3.0878018707720813,0.8638670987837349,-0.503719798736334,False,test
-0.6185823490701332,1,0.0374278041962781,1.0,4.8691444494671585e-05,0.9965397923875432,2023-05-09,Bangkok,30.847633502459797,-9.930007221036352,-3.2853414230591746,0.7971015927871943,-0.6038452208771035,False,test
-0.2386185125545214,1,0.0355358342982297,1.0,5.041892702785067e-05,1.0,2023-05-16,Bangkok,5.810286867338328,-9.895143917116169,-3.3372136747678365,0.7187918772884232,-0.6952253139408723,False,test
-0.6387936512622361,1,0.0357253069649494,0.8858131487889274,6.132544168993238e-05,1.0,2023-05-23,Bangkok,35.552768967204784,-9.699315765400776,-3.3318959627622697,0.6300720909843687,-0.7765366444428655,False,test
-0.7768419967102458,1,0.0325861394634252,0.9377162629757786,4.566878834136572e-05,1.0,2023-05-30,Bangkok,14.227826580423615,-9.994095461853586,-3.423868250853379,0.5322271388474397,-0.8466016020976267,False,test
-0.5854570400533363,1,0.0338943477917462,0.9480968858131488,3.838500621330673e-05,0.6920415224913494,2023-06-06,Bangkok,45.59212339624647,-10.167843637816333,-3.3845070103039223,0.42667408318992467,-0.9044054548343001,False,test
-0.7948894198407086,1,0.0280164068513016,0.9619377162629758,4.144492525961626e-05,0.8200692041522492,2023-06-13,Bangkok,32.95327003795538,-10.091145114285512,-3.574964981438803,0.31494162072895193,-0.9491110448902284,False,test
-0.64906544547091,1,0.0277906235355632,0.8823529411764706,4.6349835278635144e-05,1.0,2023-06-20,Bangkok,16.320710500133824,-9.97929281981773,-3.583056598071624,0.19864794288017112,-0.9800709131432666,False,test
-0.450403828588432,1,0.0264782950512028,1.0,4.993739410093022e-05,1.0,2023-06-27,Bangkok,38.17382519199519,-9.904740455072215,-3.6314299362700977,0.07947729992362097,-0.9968366760893436,False,test
-0.4313418728204403,1,0.0257388714915485,0.8754325259515571,5.7437715612751374e-05,1.0,2023-07-04,Bangkok,50.402243845293015,-9.764809403988144,-3.6597529203724544,-0.04084439154329611,-0.9991655196610109,False,test
-0.6921589986009498,1,0.0249244974573942,0.9204152249134948,4.3254248383589144e-05,1.0,2023-07-11,Bangkok,20.926723216413468,-10.0484151008882,-3.6919041255282994,-0.16057454459499376,-0.9870237158387383,False,test
-0.730366204880658,1,0.0279988979391655,0.9896193771626296,5.1532378668383054e-05,0.7993079584775087,2023-07-18,Bangkok,56.72893410286567,-9.87330023584374,-3.575590128897049,-0.2779791393987801,-0.9605871111248129,False,test
-0.5943411809693566,1,0.0270258872878437,0.9896193771626296,3.727570380411062e-05,0.9619377162629758,2023-07-25,Bangkok,24.821823030534475,-10.197168816093718,-3.6109600838832017,-0.3913578365610259,-0.9202385798054075,False,test
-0.945086761354372,1,0.0265647633919707,0.8581314878892734,3.3719900139320313e-05,0.7647058823529411,2023-08-01,Bangkok,23.105383301274944,-10.297422386302374,-3.62816962587701,-0.4990686026885319,-0.8665624788845385,False,test
-0.3893149592055855,1,0.0254903600306524,1.0,3.7747645865733504e-05,0.9965397923875432,2023-08-08,Bangkok,20.122080455650345,-10.184587445386402,-3.6694549363057716,-0.5995514915196489,-0.8003361849976323,False,test
-0.2607422765136286,1,0.0268903225869977,1.0,4.330011361712066e-05,1.0,2023-08-15,Bangkok,30.734773690316363,-10.047355299007295,-3.615988812231942,-0.6913512362094071,-0.722518835873311,False,test
-0.6128334849953745,1,0.0275914406718336,1.0,3.9344195433335064e-05,0.9965397923875432,2023-08-22,Bangkok,20.491076911738755,-10.143162105205725,-3.590249674942105,-0.7731383255706027,-0.6342374393978054,False,test
-0.6347410001072725,1,0.0337413200207929,1.0,4.026194975385709e-05,1.0,2023-08-29,Bangkok,46.31845548249685,-10.120103709867724,-3.3890320793103204,-0.8437282590292712,-0.5367705514607103,False,test
-0.4264236534052742,1,0.0305662543722842,0.9411764705882352,4.166967011262475e-05,0.9307958477508652,2023-09-05,Bangkok,44.875504108325856,-10.085737029224921,-3.487858676844635,-0.9020987014301837,-0.4315297589714715,False,test
-0.7979695661808922,1,0.0305439246389444,0.8823529411764706,3.3072938116394115e-05,0.7923875432525952,2023-09-12,Bangkok,63.81970459828778,-10.316795189546841,-3.4885894792966945,-0.9474042892438845,-0.32003923622313857,False,test
-0.8696984723386837,1,0.0289245304763322,0.9134948096885812,5.43861796358365e-05,1.0,2023-09-19,Bangkok,65.85038847945523,-9.819400487190581,-3.5430652384859265,-0.9789888737409319,-0.20391367068311472,False,test
-0.3519427914630103,1,0.0283588373753768,0.8304498269896193,2.4038233793256096e-05,0.7681660899653979,2023-09-26,Bangkok,56.20634151126079,-10.635864920494782,-3.5628165733850254,-0.9963950238187231,-0.08483487790576538,False,test
-0.6961782970893771,1,0.0323531953030526,0.9896193771626296,4.776191728715167e-05,0.9550173010380624,2023-10-03,Bangkok,71.02819817391949,-9.94928194548234,-3.43104249002106,-0.9993706508539969,0.03547255575312556,False,test
-0.9009551581710572,1,0.0393931793097995,0.986159169550173,5.252769564686203e-05,1.0,2023-10-10,Bangkok,42.82313176732471,-9.854169991334258,-3.2341625916286807,-0.9878726596350429,0.15526624985999563,False,test
-0.5482806175442563,1,0.0420164445629179,0.9273356401384084,5.886862299383623e-05,0.9757785467128028,2023-10-17,Bangkok,19.32947889961183,-9.740202325823859,-3.16969420011713,-0.9620675724981452,0.27281126433401914,False,test
-0.5812295520796961,1,0.0352903132903053,0.8408304498269896,5.8058110742660355e-05,0.9204152249134948,2023-10-24,Bangkok,32.73596485969387,-9.754066139637827,-3.3441467637399946,-0.9223291176290545,0.3864052261209853,False,test
-0.7129232882867734,1,0.0366824228643863,0.8408304498269896,7.310648186001863e-05,0.9792387543252596,2023-10-31,Bangkok,24.22950190850368,-9.523593524003909,-3.3054575796753953,-0.8692328164574792,0.4944029842076182,False,test
-0.561081640125187,1,0.0319958270974711,0.9134948096885812,6.848438525937458e-05,0.9653979238754326,2023-11-07,Bangkok,40.228553542724256,-9.588904791099086,-3.442149787889676,-0.8035476485339116,0.5952404359043674,False,test
-0.4010872545262588,1,0.0355538131142231,1.0,6.968938779296407e-05,1.0,2023-11-14,Bangkok,3.8531915033099766,-9.571462507270985,-3.3367078678879007,-0.7262249146041543,0.6874571793269664,False,test
-0.6348016459926552,1,0.0378457220050504,0.9688581314878892,8.961325119314168e-05,1.0,2023-11-21,Bangkok,3.588825483350341,-9.320007356137848,-3.274237330452125,-0.6383844591746642,0.769717664006921,False,test
-0.4747688973627,1,0.0370288065834711,0.8927335640138409,6.899455025935082e-05,1.0,2023-11-28,Bangkok,6.742687210833447,-9.581483038234776,-3.296059112945631,-0.5412984521036173,0.8408305333122887,False,test
-0.5610654771926772,1,0.0404046299202941,0.9342560553633218,6.344535498125512e-05,1.0,2023-12-05,Bangkok,5.592376834174333,-9.665331574028912,-3.208810898593861,-0.4363729641045924,0.8997658785476209,False,test
-0.6588907341765298,1,0.0380119988904184,0.8615916955017301,7.24848971253428e-05,1.0,2023-12-12,Bangkok,0.5529177052737938,-9.532132333316849,-3.2698534088233666,-0.3251276029999093,0.9456701548465688,False,test
-0.4844826369300845,1,0.044978337773552,1.0,9.77404791653748e-05,1.0,2023-12-19,Bangkok,0.2561736596749158,-9.233194763685185,-3.1015742879236745,-0.20917350564635637,0.9778785428342386,False,test
-0.3375621225781274,1,0.0433183503629774,0.972318339100346,7.856085036761945e-05,1.0,2023-12-26,Bangkok,0.0103955920838839,-9.451637069541572,-3.1391789378380985,-0.09019000427034513,0.9959245770286599,False,test
-0.3609908484980304,1,0.0460477105422547,0.8719723183391004,7.525186821066353e-05,1.0,2024-01-02,Bangkok,0.0518871502297745,-9.494669827923685,-3.0780772342973126,0.03439806061360801,0.9994082116062598,False,test
-0.3966409845913372,1,0.0467015799654163,0.8754325259515571,6.928487765196315e-05,1.0,2024-01-09,Bangkok,1.5946193774581516,-9.577283891281315,-3.0639772826436875,0.1542040475626894,0.988039023376751,False,test
-0.2240488073258243,1,0.0477972365795376,0.8615916955017301,7.921184578748664e-05,1.0,2024-01-16,Bangkok,0.0634519598507069,-9.443384702304254,-3.040787453299478,0.2717767384711357,0.9623603298276545,False,test
-0.5779616951609513,1,0.0556412449184279,1.0,7.608965526727899e-05,1.0,2024-01-23,Bangkok,5.759512518396985,-9.483598238377787,-2.8888305376547727,0.38541335945432564,0.9227440286201427,False,test
-0.5950628896885111,1,0.0527633336104637,0.9377162629757786,6.115206966185151e-05,1.0,2024-01-30,Bangkok,2.521303450647807,-9.702146850748054,-2.941938768700271,0.49346814167723735,0.8697638720650646,False,test
-0.0152180300688886,1,0.0490002231093702,0.9965397923875432,6.867807307340182e-05,1.0,2024-02-06,Bangkok,2.7391429852739977,-9.58608057891855,-3.0159304276294234,0.5943761565849831,0.804187157621448,False,test
-0.2657104293974775,1,0.0519751530556015,0.9065743944636678,6.215478586776164e-05,1.0,2024-02-13,Bangkok,2.4542036296136827,-9.685882737859478,-2.9569895004496787,0.6866759803451553,0.726963615332308,False,test
-0.5650655064501122,1,0.0405725707448362,1.0,4.437215875600867e-05,1.0,2024-02-20,Bangkok,1.8996769226371533,-10.022898340252183,-3.2046630381110535,0.7690308592589181,0.6392116531380588,False,test
-0.4813993670535993,1,0.0493387594562651,1.0,5.468793621087384e-05,1.0,2024-02-27,Bangkok,9.425297682214682,-9.813867417450846,-3.0090453109561293,0.8402480696078469,0.5422021592729844,False,test
-0.4336236959273616,1,0.0425792103857959,0.9584775086505192,5.4707241295925335e-05,1.0,2024-03-05,Bangkok,3.2864594945004857,-9.813514475288459,-3.156389163939669,0.8992961915530253,0.4373400963303323,False,test
-0.5892112413068963,1,0.0482653976443481,1.0,4.722247848732304e-05,1.0,2024-03-12,Bangkok,8.547885799612121,-9.960640539600432,-3.0310403799431342,0.945320046913132,0.3261441535642696,False,test
-0.4533761733273505,1,0.0549232448490611,0.9307958477508652,5.4130677738226195e-05,1.0,2024-03-19,Bangkok,28.876145665702925,-9.82410947666798,-2.9018186166328612,0.9776530844816641,0.2102247521189836,False,test
-0.5512441715166719,1,0.0444188446009141,0.916955017301038,4.806248548537665e-05,1.0,2024-03-26,Bangkok,4.703560291908963,-9.943008612693221,-3.1140914716395067,0.9958270335100595,0.09126072172931188,False,test
0.040710518449464,1,0.0488452217019482,1.0,4.690051154564464e-05,1.0,2024-04-02,Bangkok,0.2356807265420328,-9.967481975414922,-3.019098721000272,0.9995786855478958,-0.029025013321975237,False,test
-0.3646213254990622,1,0.0537150526462493,1.0,4.813560344792762e-05,1.0,2024-04-09,Bangkok,3.2069569259237865,-9.941488458240212,-2.9240620067608014,0.9888537064205885,-0.1488903868564548,False,test
-0.2589628789617524,1,0.0473127102752356,1.0,5.204789186284874e-05,1.0,2024-04-16,Bangkok,0.3992066837103066,-9.863346265878214,-3.050976303403633,0.9638074231367307,-0.26659942067929354,False,test
-0.1924074197837863,1,0.0425628629505099,1.0,4.2089836426431375e-05,1.0,2024-04-23,Bangkok,0.1401303105464397,-10.075704261470378,-3.156773167637166,0.9248025743285089,-0.38044736628785164,False,test
-0.42205715441685,1,0.0456545342794675,1.0,4.484777888053353e-05,1.0,2024-04-30,Bangkok,2.3777541612205315,-10.01223649397378,-3.086652349831759,0.8724040568049612,-0.48878539428899265,False,test
-0.5395859372154181,1,0.0387720904989958,0.9792387543252596,6.887758699736505e-05,1.0,2024-05-07,Bangkok,51.656216524639675,-9.583179730436292,-3.2500546082217285,0.8073707443023492,-0.5900444739548627,False,test
-0.6605691338397344,1,0.0420217470648755,0.9757785467128028,6.113673626750125e-05,1.0,2024-05-14,Bangkok,39.15063847362221,-9.702397624223421,-3.1695680074453954,0.7306444969184916,-0.6827580970759147,False,test
-0.8165780917311924,1,0.0293325720110986,0.8131487889273357,2.8544863812048193e-05,0.9515570934256056,2024-05-21,Bangkok,70.01980775452846,-10.464033539550913,-3.5290567076759487,0.6433365204044917,-0.765583517007675,False,test
-0.6145498566828981,1,0.0311277551550171,0.9100346020761244,3.385076221423553e-05,0.9273356401384084,2024-05-28,Bangkok,42.384472288104305,-10.29354904145225,-3.46965540907815,0.5467112728685939,-0.8373211953118121,False,test
-0.7619768344016135,1,0.0307384784269324,0.9826989619377162,3.5157290142309676e-05,0.8719723183391004,2024-06-04,Bangkok,31.48533235052578,-10.255678560293003,-3.4822400402446987,0.44216815196707204,-0.8969321743510065,False,test
-0.6057753685998409,1,0.0283480177372917,1.0,4.822008105918562e-05,1.0,2024-06-11,Bangkok,16.887299426446287,-9.93973500418434,-3.563198172336154,0.3312212278016865,-0.9435531242349544,False,test
-0.6645514517725204,1,0.0267692626536386,0.9134948096885812,3.964880326671557e-05,0.9896193771626296,2024-06-18,Bangkok,26.707648957211212,-10.135449792767275,-3.620500965585708,0.21547731504673012,-0.976508846196619,False,test
-0.7189794522679651,1,0.027097518666965,0.5916955017301038,4.924728475320896e-05,0.8719723183391004,2024-06-25,Bangkok,53.376245871539616,-9.918656323780535,-3.6083131173931595,0.0966127018812031,-0.9953220513156602,False,test
-0.945301623158148,1,0.0260288617941048,0.9757785467128028,4.5816894196470826e-05,0.986159169550173,2024-07-02,Bangkok,59.37189042260791,-9.990857665940972,-3.648549287627638,-0.023651127245231586,-0.9997202729664083,False,test
-0.6793497374898294,1,0.0270134145023617,0.986159169550173,2.9387777054834572e-05,0.8823529411764706,2024-07-09,Bangkok,63.34441859599619,-10.434931716500346,-3.6114217029378635,-0.1435724234118113,-0.9896398128792412,False,test
-0.7943598625648073,1,0.0250474354256048,0.8754325259515571,2.467861759482273e-05,0.5951557093425606,2024-07-16,Bangkok,31.08120507787038,-10.609573373671624,-3.68698383491164,-0.2614143985111562,-0.965226663665613,False,test
-0.8801250856853366,1,0.0262296792681488,0.9619377162629758,3.1999384605945266e-05,0.4878892733564013,2024-07-23,Bangkok,38.097608421323805,-10.349793886413677,-3.6408637128506713,-0.3754703786876202,-0.9268343944460494,True,test
-0.8993831417631684,1,0.0272591214985105,0.8961937716262975,3.9860016199185386e-05,0.8546712802768166,2024-07-30,Bangkok,57.09071250970603,-10.130136836777666,-3.6023670799934804,-0.48408852163897587,-0.8750190302029955,False,test
-0.3480944480212509,1,0.02652447271575,0.8512110726643599,3.7671921361267885e-05,0.9965397923875432,2024-08-06,Bangkok,21.504467787283353,-10.18659553248358,-3.6296874734449913,-0.5856957398073508,-0.8105309990194823,False,test
-0.5035543504737644,1,0.0265611097289026,0.9826989619377162,3.765243767862228e-05,1.0,2024-08-13,Bangkok,23.064907015205694,-10.18711286003415,-3.6283071732850516,-0.6788204829862357,-0.734304263829602,False,test
-1.060431352212015,1,0.0264995469936978,0.7993079584775087,4.82054121008411e-05,1.0,2024-08-20,Bangkok,30.90259145578192,-9.940039258961308,-3.630627640713516,-0.7621140503891487,-0.6474427960827475,False,test
-0.4958423562226454,1,0.0264088841872486,1.0,3.5570668743736135e-05,0.9792387543252596,2024-08-27,Bangkok,65.08314315210156,-10.24398917140088,-3.634054803196512,-0.8343701235229537,-0.5512045872199277,False,test
-0.7555737203713668,1,0.0282574328067238,1.0,3.6141518658526675e-05,0.7750865051903114,2024-09-03,Bangkok,27.32058225283353,-10.228068252141105,-3.5663987477939676,-0.8945422369764496,-0.4469834295196742,False,test
-0.7999256562437619,1,0.0287752642345193,0.972318339100346,3.6378413034477344e-05,0.972318339100346,2024-09-10,Bangkok,36.62574422081199,-10.22153500774777,-3.54823914163549,-0.9417589340994617,-0.33628873017668287,False,test
-0.7344542080147641,1,0.0306725924304058,0.9273356401384084,3.808052276313918e-05,0.9792387543252596,2024-09-17,Bangkok,73.64760446356007,-10.175807620111724,-3.4843857778417178,-0.9753363880767837,-0.2207236509605022,False,test
-0.6955539207645316,1,0.0317321861833607,0.8823529411764706,5.322635309339218e-05,1.0,2024-09-24,Bangkok,39.16297819972005,-9.840956925368044,-3.4504237761903545,-0.994788305609327,-0.10196189005174576,False,test
-0.9107672145369996,1,0.0379085255035214,0.9826989619377162,5.023763527298869e-05,1.0,2024-10-01,Bangkok,60.60406750114985,-9.898746105522987,-3.2725792448681474,-0.999832969770105,0.018276557681691223,False,test
-0.7739057174121139,1,0.0377381602669875,0.8304498269896193,4.866511728407626e-05,0.8477508650519031,2024-10-08,Bangkok,33.21764321620729,-9.930548062059414,-3.2770834877925332,-0.9903973200352558,0.13825031091098192,False,test
-0.7147239542735625,1,0.0357819097101234,0.9584775086505192,6.083752265606331e-05,0.9619377162629758,2024-10-15,Bangkok,59.82642776463581,-9.70730381040184,-3.3303128286499963,-0.9666180104000972,0.2562218218071163,False,test
-0.8249872597855722,1,0.0353308194000241,0.9930795847750864,5.581653823960784e-05,1.0,2024-10-22,Bangkok,18.639329503583348,-9.793440348267772,-3.3429996251253153,-0.9288394302558068,0.3704825404820963,False,test
-0.5216243675586423,1,0.0422297356817291,0.9757785467128028,5.926941624876187e-05,1.0,2024-10-29,Bangkok,14.384987285430558,-9.733417131230038,-3.1646306690724697,-0.8776087166898392,0.4793776594606945,False,test
-0.5695363570858426,1,0.0401039251542752,0.9619377162629758,7.722208219970296e-05,1.0,2024-11-05,Bangkok,3.2621278639907736,-9.468825102978602,-3.2162810653134404,-0.8136678304455991,0.5813300798152042,False,test
-0.7661557586129323,1,0.0373013405465212,0.944636678200692,7.134896989867682e-05,1.0,2024-11-12,Bangkok,14.284982201595312,-9.547927651445201,-3.28872601339316,-0.7379428103031386,0.6748632518680403,False,test
-0.6134179192294272,1,0.0365945163784319,0.8442906574394463,6.789948160021322e-05,0.9965397923875432,2024-11-19,Bangkok,1.1467369264773184,-9.597482158182624,-3.307856875525716,-0.6515303615068021,0.75862255966641,False,test
-0.32073041955628,1,0.0371631124473746,0.8408304498269896,7.416916499584294e-05,1.0,2024-11-26,Bangkok,0.3858857671515905,-9.50916206025622,-3.2924386105414594,-0.5556819724760489,0.8313949395234058,False,test
-0.6323502616003583,1,0.0377305090747531,0.9826989619377162,8.188720004977636e-05,1.0,2024-12-03,Bangkok,0.0834737882266526,-9.41016786686794,-3.277286252524636,-0.451785789832884,0.8921264484954345,False,test
-0.620486910791348,1,0.0390954541040622,0.9653979238754326,9.908152613323071e-05,1.0,2024-12-10,Bangkok,16.565800930179307,-9.219567550421463,-3.2417490820731385,-0.34134651424503615,0.9399375283564133,False,test
-0.3790866304126074,1,0.0470527830015068,0.8615916955017301,9.741137008068572e-05,1.0,2024-12-17,Bangkok,0.0038568885187828,-9.236567618187562,-3.0564852648274123,-0.22596360824801906,0.974135744004672,False,test
-0.5031921704166511,1,0.0449989890331128,1.0,9.370296903976762e-05,1.0,2024-12-24,Bangkok,0.1837040135250933,-9.275380682564837,-3.1011152553950065,-0.10730813165636247,0.9942258118156161,False,test
-0.3511961857752816,1,0.044723946741008,0.8788927335640139,7.631025456370218e-05,1.0,2024-12-31,Bangkok,0.0027812445716166,-9.480703230752923,-3.10724619953468,0.012901459949419653,0.9999167727021953,False,test
-0.2568657229914157,1,0.0482459221188736,0.8477508650519031,8.940681519805033e-05,1.0,2025-01-07,Bangkok,0.0071745371255068,-9.322313646049981,-3.031443970439806,0.1201261651823505,0.9927586335250793,False,test
-0.490945219461907,1,0.0452995995979529,0.9688581314878892,0.0001021987847271,1.0,2025-01-14,Bangkok,0.0066108363987607,-9.188590771389636,-3.094457085429499,0.23851257519407648,0.9711394088771653,False,test
-0.2678758256237984,1,0.0482022443970381,0.9619377162629758,0.0001080429036398,1.0,2025-01-21,Bangkok,0.208471043785077,-9.132982153801224,-3.0323496947557613,0.3534446712740877,0.9354554315134164,False,test
-0.1883392701904754,1,0.0554197098503484,0.8719723183391004,9.24119834431728e-05,1.0,2025-01-28,Bangkok,0.0086174219941289,-9.28925389678235,-2.892819975029281,0.4632579225674917,0.88622350294858,False,test
-0.4370536082093688,1,0.0513988043387404,0.8788927335640139,6.342769569072972e-05,1.0,2025-02-04,Bangkok,0.9147220090935548,-9.665609951360361,-2.9681403686837897,0.5663619330814524,0.8241566360566663,False,test
-0.4974706820867883,1,0.0514128058606616,0.8823529411764706,7.905138302146438e-05,1.0,2025-02-11,Bangkok,1.1578064833568154,-9.445412498934141,-2.9678679962935393,0.6612634749656386,0.7501537286959042,False,test
-0.6658189599034412,1,0.0555187036773347,0.9307958477508652,6.41703872503935e-05,0.9550173010380624,2025-02-18,Bangkok,25.945699658944513,-9.653968711462486,-2.8910353118073506,0.746588114532413,0.6652865452111116,False,test
-0.6098771082199339,1,0.0515184449184555,0.986159169550173,5.965865030871331e-05,1.0,2025-02-25,Bangkok,5.669888150463804,-9.72687140218565,-2.9658153816777757,0.8211001178128892,0.5707841943569036,False,test
-0.4485290908305889,1,0.0449484185894517,1.0,5.34696207654897e-05,1.0,2025-03-04,Bangkok,10.915959978180576,-9.836396901501393,-3.10223970023063,0.8837203473619977,0.4680153284438345,False,test
-0.8049190873441994,1,0.039878137166026,1.0,4.7383537463624594e-05,1.0,2025-03-11,Bangkok,12.888205465507973,-9.957235700483636,-3.221927045961788,0.9335418911179212,0.35846832151248087,False,test
-0.2422456876176051,1,0.0591519721549328,1.0,8.098649370495169e-05,1.0,2025-03-18,Bangkok,1.0958648680570082,-9.421228161578538,-2.827645347525516,0.969843196967294,0.24372971360968387,False,test
-0.4152421721780852,1,0.0529783762223095,0.9896193771626296,5.508918631499039e-05,1.0,2025-03-25,Bangkok,20.527997454305986,-9.80655711669237,-2.9378714444884304,0.992098522791769,0.12546123335273648,False,test
-0.8925487544243539,1,0.0426718242121844,0.9896193771626296,5.2599254634027895e-05,1.0,2025-04-01,Bangkok,5.847411842171127,-9.852808608776755,-3.154216431062953,0.9999855506507186,0.005375731557583884,False,test
-0.5981502064625833,1,0.0460898125080056,0.9757785467128028,4.8808459016202e-05,0.9965397923875432,2025-04-08,Bangkok,29.0937340981863,-9.927606919630957,-3.077163340211876,0.9933900548258936,-0.11478762552212701,False,test
-0.6885253042310592,1,0.0355279872527399,0.986159169550173,4.4865159977255616e-05,0.9965397923875432,2025-04-15,Bangkok,26.42245111397583,-10.011849011473243,-3.3374345197871564,0.9724075561219968,-0.23328854407545518,False,test
-0.7726727045675392,1,0.0362935973075614,0.9688581314878892,5.305193660186929e-05,1.0,2025-04-22,Bangkok,16.908218540807617,-9.844239188351557,-3.316113935980399,0.9373419384643772,-0.3484108069446808,False,test
-0.7566037219355967,1,0.039860103708971,0.8546712802768166,5.837528747670149e-05,1.0,2025-04-29,Bangkok,24.809529213326943,-9.748617917332924,-3.222379362370191,0.8887010478292915,-0.45848712914008766,False,test
-0.6205070264182594,1,0.0313898625103101,0.8615916955017301,5.239307356764543e-05,0.9757785467128028,2025-05-06,Bangkok,73.66793948100904,-9.85673615919789,-3.4612702881853314,0.8271893372462497,-0.5619233046832195,False,test
-0.8717648356100699,1,0.033993738311507,0.9342560553633218,4.975179755288221e-05,0.8858131487889274,2025-05-13,Bangkok,59.46803852439739,-9.908463963296182,-3.3815789386354744,0.753697664392914,-0.6572212950663319,False,test
-0.7507956455642365,1,0.0327115815896832,0.8823529411764706,6.039856013071653e-05,0.9653979238754326,2025-05-20,Bangkok,74.33317364639458,-9.714545292203077,-3.4200260867302847,0.6692903895412567,-0.7430009249440493,False,test
-0.7684194032814834,1,0.0263952013127974,0.903114186851211,3.7688327552220816e-05,0.9965397923875432,2025-05-27,Bangkok,26.37074143026848,-10.186160125450067,-3.634573053806398,0.5751899607119775,-0.8180198708443175,False,test
-0.7151867006256942,1,0.0270936050994179,0.9792387543252596,3.782353580095359e-05,1.0,2025-06-03,Bangkok,14.133067343180215,-10.182579008861872,-3.6084575531339933,0.47275920928627757,-0.881191653407483,False,test
-0.7581948204412989,1,0.0254732872641661,0.7993079584775087,2.435794467358234e-05,0.6470588235294118,2025-06-10,Bangkok,46.046337717719354,-10.62265249168783,-3.6701249341584057,0.36348161248290634,-0.9316013725767187,False,test
-0.639140630921799,1,0.0265665676255727,0.889273356401384,3.8732874399133673e-05,1.0,2025-06-17,Bangkok,24.087751231491072,-10.15882185084414,-3.6281017098821295,0.24893980855376657,-0.9685189578512204,False,test
-0.7277830661134405,1,0.0265745741450078,0.9204152249134948,4.0610614354926096e-05,0.9584775086505192,2025-06-24,Bangkok,28.07922477454562,-10.111481088211915,-3.627800379529453,0.13079267585675922,-0.9914097417023038,False,test
-0.9639633511552284,1,0.0254680200663244,0.9930795847750864,3.249961543480022e-05,0.9653979238754326,2025-07-01,Bangkok,36.29566021952162,-10.334282301473968,-3.6703317289242445,0.01075130776352193,-0.9999422030204416,False,test
-0.6012014905308466,1,0.0262540579934846,0.889273356401384,3.340917743492138e-05,0.8858131487889274,2025-07-08,Bangkok,32.83543196885931,-10.306679922224303,-3.6399347116643574,-0.10944576864891556,-0.993992768446958,False,test
-0.9032247350809176,1,0.025152494370532,0.8927335640138409,3.674305930513383e-05,0.9238754325259516,2025-07-15,Bangkok,68.52441607223756,-10.211561212587524,-3.6827982076115515,-0.2280577712215198,-0.9736476020539838,False,test
-1.0364919679658666,1,0.0271846791258063,0.2525951557093425,1.907958510939549e-05,0.28719723183391,2025-07-22,Bangkok,24.61764247010686,-10.866891636971149,-3.605101731808473,-0.34336687399638804,-0.939201357453208,True,test
-0.4469177639626904,1,0.0272242875924978,1.0,3.895662779970819e-05,1.0,2025-07-29,Bangkok,11.244881340406446,-10.153061638385047,-3.6036457779068516,-0.45370308603134424,-0.8911529104063088,False,test
-0.7688883746081263,1,0.0253788805226866,0.8719723183391004,3.922763169455948e-05,1.0,2025-08-05,Bangkok,16.657199904926365,-10.146129169318913,-3.6738379263099,-0.5574684374327892,-0.8301981337405212,False,test
-0.755868906066755,1,0.025819411813216,0.903114186851211,3.49194356022462e-05,0.9342560553633218,2025-08-12,Bangkok,43.2836821058399,-10.262466989716668,-3.656628674101349,-0.65316012232693,-0.7572198192083127,False,test
-0.8254843285805971,1,0.0256925250386376,0.889273356401384,4.3793569948679905e-05,0.9653979238754326,2025-08-19,Bangkok,55.735807575573425,-10.036023556183416,-3.6615551839150644,-0.7393922635959241,-0.673274892250183,False,test
-0.6581604559835245,1,0.0271761045034671,0.9238754325259516,4.11639695237203e-05,0.9100346020761244,2025-08-26,Bangkok,45.826685260902735,-10.097947210353148,-3.605417202698988,-0.8149159841660791,-0.5795791048257612,False,test
-0.9390918450069344,1,0.0276297819082134,1.0,3.424218065887782e-05,0.9065743944636678,2025-09-02,Bangkok,175.67822717230203,-10.282052321251467,-3.58886103337462,-0.8786374941610001,-0.4774894280028391,False,test
-0.8171117717019835,1,0.0273608094843373,0.8373702422145328,4.395495832383982e-05,0.8927335640138409,2025-09-09,Bangkok,48.6974391733746,-10.032345122816745,-3.59864360024962,-0.9296339319682695,-0.3684843993077793,False,test
-0.6150190579881056,1,0.0245367618522018,1.0,3.790428234482329e-05,0.9792387543252596,2025-09-16,Bangkok,43.623064547973584,-10.180446461630272,-3.707582802269056,-0.9671667297977312,-0.2541427094613622,False,test
-0.8613819623655464,1,0.0279228414177968,1.0,3.6660277444472735e-05,0.8858131487889274,2025-09-23,Bangkok,24.16347247905625,-10.213816747537907,-3.5783102362877828,-0.9906923101615609,-0.13612033862266704,False,test
-0.5742336080879188,1,0.0263179521848385,0.9965397923875432,4.869380313081741e-05,0.9965397923875432,2025-09-30,Bangkok,31.80164472407534,-9.92995878174593,-3.6375039800793623,-0.9998699583618592,-0.016126573270657762,False,test
-0.5919989654036575,1,0.0273974920717091,0.972318339100346,4.711367061572603e-05,1.0,2025-10-07,Bangkok,65.38819574815793,-9.962947352436917,-3.5973038000068547,-0.9945667569706337,0.1041007489354256,False,test
-0.681453627643258,1,0.0266278664564434,0.9377162629757786,4.4526516442253776e-05,0.9550173010380624,2025-10-14,Bangkok,31.921197124264133,-10.019425671148332,-3.6257970004116036,-0.9748595108374125,0.22282040779479959,False,test
-0.8801949324227724,1,0.0331280265087684,1.0,6.430163385472509e-05,0.4117647058823529,2025-10-21,Bangkok,2.0961683786790175,-9.651925517172218,-3.407375632546955,-0.9410336347451197,0.3383130181923075,True,test
-0.5927304324520322,1,0.0318422395872119,1.0,4.333194453423735e-05,0.1245674740484429,2025-10-28,Bangkok,93.99389967268628,-10.046620445900295,-3.4469615816852683,-0.8935790198239952,0.4489059314938798,True,test
-0.9508971550992682,1,0.0360688882487339,1.0,6.099571308792721e-05,0.9342560553633218,2025-11-04,Bangkok,21.888482506350467,-9.70470697350762,-3.3223246065895524,-0.8331829385891785,0.5529974600700271,False,test
-0.6171886996885085,1,0.0352618241938733,1.0,6.66925310398631e-05,1.0,2025-11-11,Bangkok,13.268115867689945,-9.615417589725594,-3.344954367846584,-0.7607200913564104,0.6490800741100398,False,test
-0.2169766234837082,1,0.0350837211502272,1.0,7.013520961311733e-05,1.0,2025-11-18,Bangkok,10.920633228832145,-9.56508561308794,-3.3500180409856073,-0.6772399381909491,0.7357622347736525,False,test
-0.3102563641908231,1,0.0383825177886063,0.8269896193771626,9.894185254178356e-05,1.0,2025-11-25,Bangkok,0.0030379320392626,-9.22097822844892,-3.260153188975161,-0.5839514998576998,0.8117885474764613,False,test
-0.2330530230052943,1,0.037638108861358,1.0,7.454294201813982e-05,1.0,2025-12-02,Bangkok,4.3259197558611495,-9.50413519570707,-3.279738208317871,-0.4822058478963526,0.8760579434344281,False,test
-0.3892104731718823,1,0.0381750260558807,0.9826989619377162,7.766513020074452e-05,1.0,2025-12-09,Bangkok,3.550040480288813,-9.463104176085398,-3.265573745339869,-0.37347653741307074,0.9276396261490467,False,test
-0.3267804886210728,1,0.0402133744395453,0.944636678200692,8.719883867873242e-05,1.0,2025-12-16,Bangkok,0.1777971240271578,-9.347319545042469,-3.2135556411875763,-0.2593382659754056,0.9657865518844574,False,test
-0.3569857687563712,1,0.0398706488090086,0.8788927335640139,8.462691617095967e-05,1.0,2025-12-23,Bangkok,0.095220816185886,-9.377258183904468,-3.2221148446084475,-0.14144406768794202,0.9899462489023779,False,test
-0.1696740966383713,1,0.0411571517385745,0.8581314878892734,6.060904638569621e-05,1.0,2025-12-30,Bangkok,0.0102882345768589,-9.711066395738182,-3.1903575701537887,-0.021501372740813793,0.999768818762748,False,test
-0.1601054968003102,1,0.0403340127368672,0.8581314878892734,9.439001076055936e-05,1.0,2026-01-06,Bangkok,0.0068627350060523,-9.268075308626376,-3.2105601774796604,0.10303137904317879,0.9946781061893646,False,test
-0.4506875224675381,1,0.0420329563967134,0.8546712802768166,7.528160466512758e-05,1.0,2026-01-13,Bangkok,0.8663134526706873,-9.494274746958864,-3.1693012922838943,0.22177215755648186,0.975098513039961,False,test
-0.0326008504323642,1,0.0407506128751911,0.8512110726643599,7.399256398866662e-05,1.0,2026-01-20,Bangkok,1.7388662824662482,-9.511545956448865,-3.2002843995263732,0.3373010691361842,0.9413968285264122,False,test
-0.2766809826716713,1,0.0441311882204778,0.8512110726643599,7.149634516718183e-05,1.0,2026-01-27,Bangkok,0.0501971715430552,-9.545864226113718,-3.1205885306047962,0.44794493940789115,0.8940611451454876,False,test
-0.4728609198729782,1,0.0459880757508716,1.0,6.60826606273841e-05,1.0,2026-02-03,Bangkok,6.932736445059257,-9.624604165830513,-3.0793731389042205,0.5521013427459208,0.8337770129585915,False,test
-0.0778865067153356,1,0.0479699692720283,0.8961937716262975,7.244973557095058e-05,1.0,2026-02-10,Bangkok,1.7167198594167346,-9.53261753901859,-3.037180104034801,0.6482618097757122,0.7614175109532997,False,test
-0.1543264974791613,1,0.0457532824139973,0.8858131487889274,5.916935954654744e-05,1.0,2026-02-17,Bangkok,4.0244323319688515,-9.735106725289846,-3.0844917430802425,0.7350336741329412,0.6780306024735382,False,test
-0.3119787710906549,1,0.0402911563910497,1.0,4.996933070503641e-05,1.0,2026-02-24,Bangkok,7.188041935157443,-9.904101126633494,-3.2116232785017695,0.8111602420785621,0.5848239578463322,False,test
-0.2948813272133795,1,0.0400949946990348,0.972318339100346,6.134631517407826e-05,1.0,2026-03-03,Bangkok,1.2458335134937852,-9.698975450973382,-3.216503772933285,0.8755389928586302,0.4831474640149687,False,test
-0.2531961059135585,1,0.0520302786544948,1.0,5.776711377415445e-05,0.986159169550173,2026-03-10,Bangkok,5.245931594159912,-9.759090910053509,-2.95592944804378,0.9272375462179537,0.374473674486883,False,test
-0.5172411322778169,1,0.0447182996824533,1.0,4.4895599762786496e-05,0.9930795847750864,2026-03-17,Bangkok,8.655924344501798,-10.011170768847268,-3.1073724722701717,0.9655071658143364,0.2603764827344581,False,test
-0.3385811757535073,1,0.0395791851872492,1.0,4.676578417083026e-05,1.0,2026-03-24,Bangkok,2.224692527096934,-9.97035872989096,-3.229451925496398,0.9897936029670716,0.14250832791617088,False,test
-0.0842592362726881,1,0.0425622369819198,1.0,4.540401840749142e-05,1.0,2026-03-31,Bangkok,0.9082182699116624,-9.999909945655629,-3.1567878746646025,0.9997451236925734,0.022576263041545485,False,test
-0.0612872487055475,1,0.0398603018316408,1.0,4.422025583671941e-05,1.0,2026-04-07,Bangkok,0.13265991998433,-10.02632759700853,-3.222374391932109,0.9952176027737294,-0.09768276782171598,False,test
-0.1461694241460855,1,0.0491107706470464,1.0,4.549024233071959e-05,1.0,2026-04-14,Bangkok,4.172345227392496,-9.998012709275873,-3.013676906790893,0.9762766110869321,-0.21652708524481437,False,test
-0.1620764134264265,1,0.0465853531997143,0.972318339100346,5.004021695261781e-05,1.0,2026-04-21,Bangkok,8.327024641889142,-9.902683536791073,-3.0664690962749757,0.9431964659565866,-0.33223549871590435,False,test
-0.4132479889595906,1,0.0398323962361416,1.0,5.571248659986444e-05,1.0,2026-04-28,Bangkok,17.359737796422092,-9.795306260214591,-3.2230747220079214,0.8964562582905575,-0.44313223418263453,False,test
-0.7880363820770784,1,0.0393178357839874,0.9930795847750864,6.701420540418336e-05,1.0,2026-05-05,Bangkok,25.642148297863045,-9.610605940088615,-3.2360770263169862,0.8367329140344921,-0.5476112038402312,False,test
-0.5089719205824909,1,0.0282745143520119,0.9550173010380624,3.528516421594076e-05,0.9792387543252596,2026-05-12,Bangkok,38.859616696153886,-10.252047959535043,-3.5657944330067917,0.7648913904341226,-0.6441592666722685,False,test
-0.3925135190867996,1,0.0307560546321077,0.8339100346020761,3.949456273575158e-05,1.0,2026-05-19,Bangkok,21.35139796051034,-10.139347547791594,-3.481668405506468,0.6819721490904629,-0.7313781428679254,False,test
-0.2786888704642796,1,0.0305309753695272,0.9826989619377162,5.277852650367293e-05,1.0,2026-05-26,Bangkok,42.6941048173348,-9.849406144981096,-3.4890135248410816,0.5891760872322963,-0.8080046647350754,False,test
-0.6729181642422704,1,0.0302659049132045,0.903114186851211,3.702930968456632e-05,0.9896193771626296,2026-06-02,Bangkok,32.206721118001,-10.203800805271218,-3.4977334504256508,0.4878471454423119,-0.8729290708206411,False,test
-0.3091846539223432,1,0.0266839326929071,0.8512110726643599,4.168507596481067e-05,1.0,2026-06-09,Bangkok,43.31069479461728,-10.085367383749738,-3.6236936665144883,0.37945284372454435,-0.925211078289358,False,test
-0.4302342105884204,1,0.0268310670894634,0.9757785467128028,4.4256660608888126e-05,1.0,2026-06-16,Bangkok,33.283204500388806,-10.02550467560291,-3.6181948430856523,0.26556302780405594,-0.9640935007889755,False,test
-0.387071722120609,1,0.025396564745013,0.8754325259515571,4.040055797971242e-05,1.0,2026-06-23,Bangkok,22.299976697648862,-10.116666961713525,-3.673141360363577,0.14782713347053048,-0.9890132145779883,False,test
-0.4449129748075326,1,0.0259575327726468,0.9134948096885812,3.3915203970144136e-05,0.9619377162629758,2026-06-30,Bangkok,61.99066913597655,-10.291647149427037,-3.6512934312372627,0.02795029824021032,-0.999609314096404,False,test
-0.5523164378419683,1,0.0251509994804191,0.9896193771626296,3.283858419568075e-05,0.972318339100346,2026-07-07,Bangkok,23.673333621739392,-10.323906386499393,-3.682857642453901,-0.09233133369539123,-0.9957283388645872,False,test
-0.2336469800018467,1,0.0255013291367296,0.9965397923875432,3.930184290583552e-05,1.0,2026-07-14,Bangkok,13.576103991669196,-10.144239146910257,-3.6690247051671094,-0.2112757555821793,-0.9774264960104055,False,test
-0.4233188651528217,1,0.0272205504122946,1.0,3.560628629314302e-05,0.986159169550173,2026-07-21,Bangkok,29.751867897868852,-10.242988354426863,-3.603783061085424,-0.3271603271220951,-0.9449688462364056,False,test
-0.4702719406970397,1,0.0270426833354515,0.986159169550173,3.745241544111561e-05,0.9204152249134948,2026-07-28,Bangkok,54.91769839205775,-10.19243935232084,-3.610338796952386,-0.4383067230125192,-0.898825465016444,False,test
-0.788233798862364,1,0.0274150086396617,0.9619377162629758,3.284028354204938e-05,0.7162629757785467,2026-08-04,Bangkok,53.90795430737323,-10.323854639371968,-3.5966646549825785,-0.5431052396834317,-0.8396646346181327,False,test
-0.6819793455853265,1,0.0271766761028486,0.8927335640138409,2.5766447177563035e-05,0.7301038062283737,2026-08-11,Bangkok,25.59481631413087,-10.566437409410488,-3.6053961697591768,-0.6400381082043503,-0.7683431655492202,False,test
-0.5831686192185181,1,0.0271906979265608,0.4844290657439446,2.566905718101648e-05,0.3737024221453287,2026-08-18,Bangkok,47.25602529620066,-10.570224292192954,-3.6048803521655035,-0.7277014757264236,-0.6858939875998223,True,test
-0.6363426576892474,1,0.0285034124132207,1.0,2.976004772537518e-05,0.7854671280276817,2026-08-25,Bangkok,30.270651727837716,-10.422343744325428,-3.5577314650778336,-0.8048257371083452,-0.593511190196115,False,test
-0.0551316367260314,1,0.0734007041780114,1.0,0.0002985737048227,1.0,2019-01-01,Beijing,0.0073549939710413,-8.116493738281706,-2.611821749701809,0.017201575418260506,0.9998520419557735,False,train
-0.1817935502396649,1,0.0678348202335011,1.0,0.0003404353923221,1.0,2019-01-08,Beijing,0.0077785147455244,-7.985285193925722,-2.6906796431036417,0.13718540405660057,0.9905453876091833,False,train
-0.5431399167054658,1,0.0419978072563418,0.9688581314878892,0.0001880288048664,1.0,2019-01-15,Beijing,0.0072652211429158,-8.57891538949644,-3.1701378702440013,0.2551824131233728,0.9668929289391521,False,train
-0.4275502884250452,1,0.0526909660828406,0.9965397923875432,0.0002398257687101,1.0,2019-01-22,Beijing,0.008360765027994,-8.335597861969454,-2.943311259707156,0.3694836834473831,0.9292372181882051,False,train
-0.1246594632691667,1,0.0507520715187556,0.9826989619377162,0.0001642905286427,1.0,2019-01-29,Beijing,0.1217487519958975,-8.713874181310016,-2.980802843789718,0.4784338202547012,0.8781236129591848,False,train
-0.2608205205794608,1,0.0676717350487213,0.9515570934256056,0.0001504263891704,1.0,2019-02-05,Beijing,0.2862256527348663,-8.80203670193025,-2.693086689215637,0.580454927809098,0.8142923779467267,False,train
-0.3673562062520671,1,0.055233432490553,1.0,7.529659091354914e-05,1.0,2019-02-12,Beijing,4.1160304418638525,-9.494075697575738,-2.8961868479769812,0.6740694616546162,0.7386679638813748,False,train
-0.4568064177079489,1,0.0633205996356267,1.0,0.0002184415841351,1.0,2019-02-19,Beijing,0.1346400007648619,-8.428991928668987,-2.759544574089549,0.7579216274973472,0.6523456189565257,False,train
-0.4198991714284701,1,0.0672086575606367,1.0,0.0001869781957396,1.0,2019-02-26,Beijing,0.3007630582455395,-8.584518548231028,-2.699953207003689,0.8307970168121247,0.5565755266413303,False,train
-0.6740457267333078,1,0.0493784309675757,0.9965397923875432,0.0001508969463931,1.0,2019-03-05,Beijing,3.6601902578732615,-8.798913428358773,-3.0082415702241265,0.8916401947968874,0.45274469960737107,False,train
-0.555135239365185,1,0.0465156291090976,1.0,0.000203208570924,1.0,2019-03-12,Beijing,0.0740310811067789,-8.501277663405393,-3.0679669129880294,0.9395699859530622,0.342356891994542,False,train
-0.6706115923093124,1,0.0443098171033588,1.0,0.0001560702689398,1.0,2019-03-19,Beijing,3.8244485654264566,-8.76520421021145,-3.116549021439858,0.9738922359149924,0.22701082094141847,False,train
-0.5183603730726141,1,0.047976986741163,1.0,0.0001945507560702,1.0,2019-03-26,Beijing,1.6131473381939991,-8.544817472289914,-3.0370338259361764,0.9941098647022418,0.10837701279187609,False,train
-0.5693258318593627,1,0.0539441146772392,1.0,0.0002723039313805,1.0,2019-04-02,Beijing,0.4949464903880879,-8.208591720707917,-2.9198066816949457,0.9999300657962057,-0.011826390691832589,False,train
-0.8688199389136011,1,0.046824668771165,1.0,0.0001521179364088,1.0,2019-04-09,Beijing,0.88702390020607,-8.790854440544479,-3.0613451044374953,0.9912685467787256,-0.13185851571739118,False,train
-0.5130758432238337,1,0.0608682314388189,1.0,0.0001683265507497,1.0,2019-04-16,Beijing,4.416419766431959,-8.689604710744831,-2.7990438916245566,0.9682507501166718,-0.2499809690726521,False,train
-0.2724558626916115,1,0.0452637551347001,1.0,7.361675064277677e-05,1.0,2019-04-23,Beijing,32.34967295069793,-9.516637967869057,-3.095248674151678,0.9312100364121947,-0.3644830148102912,False,train
-0.6938283503232856,1,0.0423837768946866,1.0,0.0001141144523339,1.0,2019-04-30,Beijing,0.0103541204076624,-9.078308645367201,-3.160989610370425,0.8806828564301475,-0.47370635037968,False,train
-0.7099000456276741,1,0.0489574987641415,1.0,0.0001229479840718,1.0,2019-05-07,Beijing,1.161131758932993,-9.00374918576183,-3.0168027294167796,0.8174009818249189,-0.5760691233798758,False,train
-0.3296568750147998,1,0.0473736913963752,1.0,0.0001063187068794,1.0,2019-05-14,Beijing,9.64899572106481,-9.149069306167108,-3.049688238201149,0.742280907086982,-0.6700888411055113,False,train
-0.6809987557288923,1,0.0427163221489737,1.0,0.0001291684929328,1.0,2019-05-21,Beijing,10.730314035458848,-8.954392859104354,-3.153174180054734,0.6564105761979381,-0.7544038410927472,False,train
-0.708072584212099,1,0.0428650633686424,1.0,0.0001159171571632,1.0,2019-05-28,Beijing,2.6333365468614085,-9.062634784379552,-3.1496981585218817,0.5610336262283677,-0.8277930117131022,False,train
-0.842676727353875,1,0.0449391553696137,1.0,7.665906877530197e-05,1.0,2019-06-04,Beijing,11.09549530392002,-9.476142645551052,-3.102445807025213,0.4575313760742512,-0.8891934772070711,False,train
-1.1578246892031192,1,0.0542312101137903,1.0,9.849851318966846e-05,1.0,2019-06-11,Beijing,10.644666727419107,-9.225469104421286,-2.914498703906616,0.3474028211842774,-0.9377159910299093,False,train
-1.4148385445515013,1,0.0575660940067847,1.0,0.0001013361968164,1.0,2019-06-18,Beijing,1.8722924701175336,-9.197066887568834,-2.8548215303157436,0.23224292400907015,-0.9726578145718654,False,train
-1.227916843000154,1,0.0400974085754046,1.0,6.489734490782962e-05,1.0,2019-06-25,Beijing,5.079419965434592,-9.642703845602188,-3.216443570812586,0.11371951458594969,-0.9935128947338007,False,train
-1.2209421788117818,1,0.0472931819257679,1.0,0.0001031420267252,1.0,2019-07-02,Beijing,55.7910505149151,-9.179403619299892,-3.051389139206789,-0.00645086419810515,-0.9999791929590823,False,train
-1.472836059477109,1,0.0532018951577276,1.0,7.12844939505682e-05,1.0,2019-07-09,Beijing,20.47666733751528,-9.548831730344505,-2.9336612600034755,-0.12652781683868314,-0.9919630595773397,False,train
-1.0743566389723749,1,0.0584526140446172,1.0,7.912182607192474e-05,1.0,2019-07-16,Beijing,37.442620550607586,-9.44452179113955,-2.8395388693161503,-0.24477230089725957,-0.9695805901076308,False,train
-1.0675329538260645,1,0.0501078644184269,1.0,7.718643110562997e-05,1.0,2019-07-23,Beijing,40.79899578895196,-9.46928687926209,-2.9935773087908144,-0.3594718130884232,-0.9331559438780432,False,train
-1.1280499475492214,1,0.0634480168202723,1.0,7.950124152105429e-05,1.0,2019-07-30,Beijing,52.989345483927174,-9.439737919808891,-2.7575343410978834,-0.46896519100763184,-0.8832166493127127,False,train
-1.3587685284818916,1,0.0543203110851786,1.0,9.017167967794357e-05,0.71280276816609,2019-08-06,Beijing,53.89235012625017,-9.313795152723731,-2.9128570688486364,-0.5716666713027052,-0.8204859638785327,False,train
-1.0816104765692467,1,0.0436624069248982,1.0,8.494725906321925e-05,1.0,2019-08-13,Beijing,5.110783073724706,-9.373479975661521,-3.1312678005457455,-0.666088855860977,-0.7458723993404063,False,train
-1.1358192156155007,1,0.0507681476257056,1.0,9.65830287884012e-05,1.0,2019-08-20,Beijing,8.59723105308677,-9.245107517600571,-2.980486136295982,-0.7508642533989489,-0.6604565640279754,False,train
-1.3127218650416164,1,0.042977797124962,1.0,7.14048689358027e-05,1.0,2019-08-27,Beijing,0.0527520726898006,-9.54714449856554,-3.147071642572157,-0.8247650844733614,-0.5654755126737576,False,train
-1.3937618455858434,1,0.0549237516800904,1.0,9.267416389438966e-05,1.0,2019-09-03,Beijing,23.024843371652015,-9.286420830879267,-2.901809388687713,-0.886721063082993,-0.46230483047981086,False,train
-1.0592252992807525,1,0.0488152008191214,0.9930795847750864,0.0001607870418049,1.0,2019-09-10,Beijing,19.630735158710657,-8.73542979025704,-3.019713522431547,-0.9358348973349941,-0.35243871088460327,False,train
-1.378558775733828,1,0.0491808090190638,1.0,0.0001474894206455,1.0,2019-09-17,Beijing,0.1573880084629542,-8.821754109194009,-3.012251792165428,-0.97139528468375,-0.23746831555846842,False,train
-1.4304724793467052,1,0.0467719574908858,1.0,8.774508784045681e-05,1.0,2019-09-24,Beijing,0.0156583642135936,-9.341074676211317,-3.0624714545626452,-0.9928872135356962,-0.11905873003404988,False,train
-1.1121951427758356,1,0.0422328084935494,1.0,7.68106051330766e-05,1.0,2019-10-01,Beijing,18.596478014377624,-9.474167839673605,-3.164557907546005,-0.9999994220246925,0.001075151282798226,False,train
-0.8453985012479641,1,0.0405829472854331,1.0,0.0001800960508667,1.0,2019-10-08,Beijing,3.2770295734258537,-8.622020233470304,-3.204407318206719,-0.9926289059345095,0.12119346147073601,False,train
-1.004967487725443,1,0.0486563515442345,1.0,0.0001885909279296,1.0,2019-10-15,Beijing,3.293026941960538,-8.575930291097897,-3.0229729229779787,-0.9708824104813836,0.2395565591209271,False,train
-0.8565493005765619,1,0.0413963092278198,1.0,0.0002072627654005,1.0,2019-10-22,Beijing,3.686434444623152,-8.48152317163341,-3.1845635512113626,-0.9350748843515574,0.3544502230989869,False,train
-1.0045521379572042,1,0.042030376262883,1.0,0.0002969216820887,1.0,2019-10-29,Beijing,3.6176697269495537,-8.122042150606699,-3.1693626777595725,-0.8857249183835637,0.4642104791518923,False,train
-0.9785730010323171,1,0.0450538945203098,1.0,0.000234956112245,1.0,2019-11-05,Beijing,14.621841632058375,-8.35611181766552,-3.099895849822771,-0.8235472349556007,0.5672476988027229,False,train
-0.4882150210915499,1,0.0421690598399392,1.0,0.0002489896040693,1.0,2019-11-12,Beijing,1.345256357953076,-8.298099413096855,-3.166068505995809,-0.7494423368521953,0.6620696215153815,False,train
-0.5819133451224507,1,0.0432532840719413,1.0,0.0002626728820543,1.0,2019-11-19,Beijing,0.1005821802341415,-8.244601094411186,-3.140682116187739,-0.6644834655228552,0.7473029667054297,False,train
-1.0636184327427245,1,0.0492517769403259,1.0,0.0003102232482133,1.0,2019-11-26,Beijing,2.1926765230233713,-8.07821836414587,-3.01080983200829,-0.5699010576127624,0.821713322596059,False,train
-0.7408328181668808,1,0.0492464004409964,1.0,0.0002582185742755,1.0,2019-12-03,Beijing,0.0059128998153777,-8.261704144588766,-3.010919001527519,-0.46706492487743034,0.8842230238742036,False,train
-0.9490064463293558,1,0.041984205411473,1.0,0.0002502853642977,1.0,2019-12-10,Beijing,5.045761971262854,-8.292908833878167,-3.1704617930592724,-0.3574644155648614,0.9339267592294762,False,train
-1.0656347167112927,1,0.0512238005764575,1.0,0.0002651544373273,0.9792387543252596,2019-12-17,Beijing,0.4281680992939631,-8.235198119362577,-2.9715509999393572,-0.2426868445825954,0.9701046827361175,False,train
-0.4361040630688973,1,0.0592699124252308,1.0,0.0002579268333914,1.0,2019-12-24,Beijing,0.4431421340514133,-8.262834604768534,-2.8256534807399047,-0.12439450483979998,0.9922328391893008,False,train
-0.8991907246619577,1,0.0528837340867094,1.0,0.0002807349501249,1.0,2019-12-31,Beijing,2.8537420302292476,-8.17809957174909,-2.939659471584025,-0.004300592702981974,0.9999907524084426,False,train
-1.065666184061103,1,0.0484263609296543,1.0,0.0001861674556192,1.0,2020-01-07,Beijing,0.0266823522261126,-8.588863990249207,-3.0277109662191557,0.1201261651823505,0.9927586335250793,False,train
-0.8465329240244617,1,0.0528461469183293,1.0,0.0002562056296113,1.0,2020-01-14,Beijing,0.0072719857979112,-8.269530195240712,-2.9403704753155386,0.23851257519407648,0.9711394088771653,False,train
-0.6366658958498925,1,0.0621969132099731,1.0,0.0002008253810906,1.0,2020-01-21,Beijing,0.0090237107029839,-8.513074778280902,-2.777449907317763,0.3534446712740877,0.9354554315134164,False,train
-1.0288599215170626,1,0.0620768944817054,1.0,9.335452134141196e-05,1.0,2020-01-28,Beijing,2.229069225888532,-9.279106254854726,-2.779381428815504,0.4632579225674917,0.88622350294858,False,train
-0.7547907332670404,1,0.0561459889489238,1.0,0.0001062966959141,1.0,2020-02-04,Beijing,2.05540489312585,-9.149276355751375,-2.8798000349187336,0.5663619330814524,0.8241566360566663,False,train
-0.6916731752619821,1,0.0668366023509615,1.0,7.326112081225297e-05,1.0,2020-02-11,Beijing,17.16118772344616,-9.521480501628083,-2.705504409117856,0.6612634749656386,0.7501537286959042,False,train
-0.7710503817356411,1,0.0558400323190382,1.0,0.0001398823594652,1.0,2020-02-18,Beijing,0.4170645321280651,-8.874708778130403,-2.88526424174885,0.746588114532413,0.6652865452111116,False,train
-0.8197655072725929,1,0.0577134650300662,1.0,0.0001253103134559,1.0,2020-02-25,Beijing,6.051638330863223,-8.984717389346589,-2.852264769953483,0.8211001178128892,0.5707841943569036,False,train
-1.020888390911565,1,0.0494426859162002,1.0,8.273025200346682e-05,1.0,2020-03-03,Beijing,7.473326055226192,-9.39992521867149,-3.0069411405243636,0.8837203473619977,0.4680153284438345,False,train
-0.9813580442222052,1,0.0431327711581277,1.0,0.0001071075028622,1.0,2020-03-10,Beijing,0.0034519209018192,-9.141677528228529,-3.143472219096643,0.9335418911179212,0.35846832151248087,False,train
-1.0133600363690791,1,0.0455078762163601,1.0,0.0001586779331109,1.0,2020-03-17,Beijing,0.0933415888520431,-8.748633987920371,-3.0898698643496756,0.969843196967294,0.24372971360968387,False,train
-0.929755061654363,1,0.0556071456433394,1.0,0.0001562954292913,1.0,2020-03-24,Beijing,4.590129340259783,-8.763762564142297,-2.8894435672183323,0.992098522791769,0.12546123335273648,False,train
-1.037865257383361,1,0.0475717359104079,1.0,0.0001361820391251,1.0,2020-03-31,Beijing,0.4304208037165956,-8.901518044272844,-3.045516477498731,0.9999855506507186,0.005375731557583884,False,train
-1.1012053498641043,1,0.0528051090693901,1.0,0.0001095574942531,1.0,2020-04-07,Beijing,1.1507625721718904,-9.11906108483222,-2.9411473302732842,0.9933900548258936,-0.11478762552212701,False,train
-1.070959248208864,1,0.0528963642953241,1.0,0.0001221278900786,1.0,2020-04-14,Beijing,16.627649149887212,-9.010441782959331,-2.939420670356423,0.9724075561219968,-0.23328854407545518,False,train
-1.0367497063776994,1,0.0442464746462862,1.0,6.325193842515126e-05,1.0,2020-04-21,Beijing,0.0264616606559116,-9.66838478378829,-3.117979579712424,0.9373419384643772,-0.3484108069446808,False,train
-1.0182651693585878,1,0.0592022003784946,1.0,0.0001427542453522,1.0,2020-04-28,Beijing,2.1331355166343355,-8.854385970100145,-2.8267965692272585,0.8887010478292915,-0.45848712914008766,False,train
-0.8924547587727516,1,0.0451562584832175,1.0,7.215264231854271e-05,1.0,2020-05-05,Beijing,9.544238283873865,-9.53672665084336,-3.0976263933717085,0.8271893372462497,-0.5619233046832195,False,train
-0.318084517888017,1,0.044253017290094,1.0,9.961932645488202e-05,1.0,2020-05-12,Beijing,2.0019519730182833,-9.214154371485519,-3.117831722506093,0.753697664392914,-0.6572212950663319,False,train
-1.1932130216379755,1,0.0451935717857204,1.0,7.740094972906503e-05,1.0,2020-05-19,Beijing,10.570776681060677,-9.466511507042517,-3.0968004193878462,0.6692903895412567,-0.7430009249440493,False,train
-1.232377057327647,1,0.0449563419863958,1.0,0.0001012608497148,1.0,2020-05-26,Beijing,11.645031357515188,-9.197810700041563,-3.1020634382192775,0.5751899607119775,-0.8180198708443175,False,train
-0.7898509980568154,1,0.0458754865767983,1.0,0.0001215055784762,1.0,2020-06-02,Beijing,0.0253524427379077,-9.015550382853297,-3.0818243660849425,0.47275920928627757,-0.881191653407483,False,train
-1.194403137025148,1,0.0451791811882519,1.0,8.13792202209663e-05,1.0,2020-06-09,Beijing,3.379936378806499,-9.416390597385933,-3.09711889142984,0.36348161248290634,-0.9316013725767187,False,train
-1.6504208436577754,1,0.0544476999988989,1.0,8.688224198943908e-05,1.0,2020-06-16,Beijing,3.399869285682089,-9.35095689652414,-2.9105146711032446,0.24893980855376657,-0.9685189578512204,False,train
-1.435134227776463,1,0.0498923440319322,1.0,6.503984840454593e-05,0.8442906574394463,2020-06-23,Beijing,27.803267733216703,-9.64051042353085,-2.9978877142094533,0.13079267585675922,-0.9914097417023038,False,train
2.336784328343783,1,0.0460918965707326,1.0,6.879499194841117e-05,1.0,2020-06-30,Beijing,18.350324191686767,-9.584379607121914,-3.077118123807273,0.01075130776352193,-0.9999422030204416,False,train
-1.194866284340144,1,0.0527568866721366,1.0,5.802388818465506e-05,1.0,2020-07-07,Beijing,29.136362253143,-9.754655766958393,-2.9420609621209795,-0.10944576864891556,-0.993992768446958,False,train
-1.5564994094711344,1,0.0500972153503824,1.0,5.897710890022209e-05,1.0,2020-07-14,Beijing,7.563749958085611,-9.738361174086107,-2.99378985426474,-0.2280577712215198,-0.9736476020539838,False,train
-1.4411232845769013,1,0.0500976388534855,1.0,5.5926517994108015e-05,1.0,2020-07-21,Beijing,15.295649603870832,-9.791471907566057,-2.993781400674853,-0.34336687399638804,-0.939201357453208,False,train
-1.274151117082018,1,0.0458583577016323,1.0,7.551703883044854e-05,1.0,2020-07-28,Beijing,11.329748271020351,-9.491152247297677,-3.082197813322433,-0.45370308603134424,-0.8911529104063088,False,train
-1.4415903741703036,1,0.0414727058986664,1.0,6.732743875277794e-05,1.0,2020-08-04,Beijing,32.311501288422754,-9.605942696338891,-3.182719757306656,-0.5574684374327892,-0.8301981337405212,False,train
-1.2890483256427936,1,0.0421155788095266,1.0,7.58699852058179e-05,1.0,2020-08-11,Beijing,62.690325773165675,-9.486489403608143,-3.1673375637611905,-0.65316012232693,-0.7572198192083127,False,train
-1.4693905468228428,1,0.0427141220402541,1.0,5.737942913968505e-05,1.0,2020-08-18,Beijing,56.32679514649766,-9.765824696228668,-3.1532256864876214,-0.7393922635959241,-0.673274892250183,False,train
-1.451181194804544,1,0.0476245344021739,1.0,8.705723538325888e-05,1.0,2020-08-25,Beijing,6.941061846935916,-9.348944777648045,-3.044407221915367,-0.8149159841660791,-0.5795791048257612,False,train
-1.5401610917172923,1,0.0401975436045891,1.0,7.529870979375365e-05,1.0,2020-09-01,Beijing,2.1053478601758018,-9.494047557518318,-3.2139493895875644,-0.8786374941610001,-0.4774894280028391,False,train
-1.452894064427776,1,0.0459657333223831,1.0,5.391493557989913e-05,1.0,2020-09-08,Beijing,21.36089726355963,-9.828103020476558,-3.079859087863885,-0.9296339319682695,-0.3684843993077793,False,train
-1.243899893210332,1,0.0435503281730351,1.0,8.655943409434595e-05,1.0,2020-09-15,Beijing,12.15332624965048,-9.35467928061453,-3.133838040165861,-0.9671667297977312,-0.2541427094613622,False,train
-1.3379650090138735,1,0.0548388497873093,1.0,6.538283645334998e-05,0.9792387543252596,2020-09-22,Beijing,32.531719093603975,-9.63525077349563,-2.9033563984811877,-0.9906923101615609,-0.13612033862266704,False,train
-1.2967152949309586,1,0.0461783109338079,1.0,0.0001231718468769,1.0,2020-09-29,Beijing,9.059774846136325,-9.001930048588102,-3.075245051432623,-0.9998699583618592,-0.016126573270657762,False,train
-1.406898121057814,1,0.0581896220530905,1.0,0.0002635973073943,1.0,2020-10-06,Beijing,0.034083348809869,-8.241087970128989,-2.8440482553837922,-0.9945667569706337,0.1041007489354256,False,train
-1.289031766686796,1,0.0455650604549278,1.0,0.00020050828042,1.0,2020-10-13,Beijing,0.647001157137685,-8.514655013217556,-3.0886140742506014,-0.9748595108374125,0.22282040779479959,False,train
-1.2762968959187122,1,0.0408839216657902,1.0,0.0001799264936346,1.0,2020-10-20,Beijing,0.0039420375434681,-8.622962159175934,-3.197018406528536,-0.9410336347451197,0.3383130181923075,False,train
-0.7271028206301264,1,0.0434727209989062,1.0,0.0001782892434227,1.0,2020-10-27,Beijing,0.4543812898392834,-8.632103363447268,-3.1356216410725457,-0.8935790198239952,0.4489059314938798,False,train
-0.9422440377398827,1,0.0418283276267031,1.0,0.0002517944539213,1.0,2020-11-03,Beijing,0.0094604582159263,-8.286897462326145,-3.1741814745638592,-0.8331829385891785,0.5529974600700271,False,train
-1.0141342121110173,1,0.0544989531896236,1.0,0.0003179755351646,1.0,2020-11-10,Beijing,1.22307793258741,-8.053536111588281,-2.909573785027248,-0.7607200913564104,0.6490800741100398,False,train
-1.2240970402906328,1,0.0452693461311982,1.0,0.0001037954978599,1.0,2020-11-17,Beijing,21.171497622717812,-9.17308796139182,-3.095125161393868,-0.6772399381909491,0.7357622347736525,False,train
-1.1736732944599797,1,0.0446909049174256,1.0,0.0002261723832411,1.0,2020-11-24,Beijing,0.0272261556532986,-8.394213091739823,-3.1079852674741457,-0.5839514998576998,0.8117885474764613,False,train
-1.1810168281089597,1,0.0455654869475539,1.0,0.0002799645222454,1.0,2020-12-01,Beijing,0.0068492541561093,-8.18084766908937,-3.088604714214077,-0.4822058478963526,0.8760579434344281,False,train
-1.160864911684667,1,0.0497165596314104,1.0,0.0004286342831542,1.0,2020-12-08,Beijing,0.9168157979180664,-7.754906489429835,-3.0014172095967266,-0.37347653741307074,0.9276396261490467,False,train
-1.225617648824456,1,0.04519009484492,1.0,0.0003381653080003,1.0,2020-12-15,Beijing,0.00728393736793,-7.991975705116428,-3.0968773567578762,-0.2593382659754056,0.9657865518844574,False,train
-0.872626714284672,1,0.0580495932488927,1.0,0.0005435689805524,1.0,2020-12-22,Beijing,0.0926662888399304,-7.517353940316912,-2.8464575777724717,-0.14144406768794202,0.9899462489023779,False,train
-1.2360256737012,1,0.0553906338786638,1.0,0.0003045248890575,1.0,2020-12-29,Beijing,0.0479066172608397,-8.096757736691593,-2.893344763083779,-0.021501372740813793,0.999768818762748,False,train
-1.09545476184033,1,0.0424422612848762,0.9619377162629758,0.0001069284140312,1.0,2021-01-05,Beijing,0.010783257250936,-9.143350975147094,-3.159610684731276,0.08590610426133272,0.9963032375991965,False,train
-0.6766548991448234,1,0.0444300561810512,1.0,0.0001888441809451,1.0,2021-01-12,Beijing,0.2853390993610339,-8.574588322385651,-3.11383909755051,0.20496611396949532,0.9787690698649216,False,train
-0.833626843978328,1,0.0682107736521237,1.0,0.0005501312980406,1.0,2021-01-19,Beijing,0.3880572545907693,-7.505353584517547,-2.6851527551701304,0.321057654185271,0.9470596510722283,False,train
-0.9704473405051725,1,0.056907167191973,1.0,0.0002249148014154,1.0,2021-01-26,Beijing,0.1737324620722735,-8.399788887845798,-2.8663339845876923,0.4324994021339788,0.901634220265486,False,train
-1.1402962054938193,1,0.0456719731057216,1.0,0.0001625231731516,1.0,2021-02-02,Beijing,0.0214700342119292,-8.72468996235162,-3.086270449177385,0.5376773767406141,0.8431506618282,False,train
-0.6387684538472463,1,0.0589071766666192,1.0,0.000161246254355,1.0,2021-02-09,Beijing,3.012852484090775,-8.732577831364386,-2.831792350812975,0.6350683134867438,0.7724559775191742,False,train
-1.112051373967811,1,0.0436963732673791,1.0,0.0001488016121994,1.0,2021-02-16,Beijing,0.7716133576045916,-8.812896600950591,-3.130490171917741,0.7232617254437388,0.6905740195722293,False,train
-1.0063569372917591,1,0.0577201472111211,1.0,0.0002206222413861,1.0,2021-02-23,Beijing,13.685269979258194,-8.419058633987293,-2.852148994644496,0.8009803309782905,0.5986906625177214,False,train
-1.0827057699986122,1,0.059391330844322,1.0,0.000344902876419,1.0,2021-03-02,Beijing,0.3008647751737598,-7.972247698192526,-2.823607008646386,0.8670985522812081,0.4981366284784055,False,train
-1.054100385694179,1,0.0596591488617846,1.0,0.0001887795811422,0.9826989619377162,2021-03-09,Beijing,5.595392792360117,-8.574930460831458,-2.8191077664776136,0.9206588168102428,0.3903682146763026,False,train
-0.2381611033184417,1,0.0465748859000054,0.9930795847750864,7.178206603283646e-05,1.0,2021-03-16,Beijing,11.940862216087464,-9.541875889810933,-3.066693812309501,0.9608854255574977,0.27694620226893646,False,train
-0.2753227144148175,1,0.0471682962686252,1.0,0.0001856256656128,1.0,2021-03-23,Beijing,1.4487204383542718,-8.591778462620876,-3.0540333012989422,0.9871957872910085,0.15951325197263655,False,train
-1.0960723059170985,1,0.0488665936138409,1.0,0.0001490221761614,1.0,2021-03-30,Beijing,0.8362525027333397,-8.811415429795405,-3.0186612731406774,0.9992088560679753,0.03977011384605572,False,train
-1.4943307047065,1,0.0650328397122864,1.0,0.0002480805310864,1.0,2021-04-06,Beijing,0.5149148348825847,-8.30175714238753,-2.73286291032749,0.9967506498213929,-0.08054900421874167,False,train
-0.8790564561670422,1,0.0470300337235703,1.0,0.0001635975539494,1.0,2021-04-13,Beijing,0.7447530118781908,-8.718101085316937,-3.0569688659603664,0.9798567700958665,-0.1997015525660636,False,train
-1.535977741804078,1,0.0534131595506359,1.0,0.0001212677102748,1.0,2021-04-20,Beijing,2.204876182860944,-9.017509974690945,-2.929698129843236,0.9487718864399473,-0.31596187665790293,False,train
-1.1697956363047437,1,0.0417526564237702,1.0,0.0001007133118591,1.0,2021-04-27,Beijing,0.835476141963979,-9.203232573738182,-3.1759922027927274,0.9039461929224011,-0.42764620926777464,False,train
-0.7683130955165097,1,0.0450786810457483,1.0,0.0001188395892423,1.0,2021-05-04,Beijing,0.5075227961513498,-9.037735963768469,-3.099345848318705,0.8460288880917339,-0.533137056031809,False,train
-1.252392597428392,1,0.047730900223551,1.0,0.0001067030912317,1.0,2021-05-11,Beijing,2.0025175501054675,-9.145460428832552,-3.042176287393168,0.7758587728069828,-0.6309066211876704,False,train
-1.671754984297676,1,0.0486582012991413,1.0,0.0001082564613429,1.0,2021-05-18,Beijing,5.101140219333691,-9.13100750378309,-3.0229349069803098,0.6944521021088763,-0.719538934232584,False,train
-1.1612687955864345,1,0.0397631481129546,1.0,0.0001125749581289,1.0,2021-05-25,Beijing,4.580786930503376,-9.091891263716304,-3.224814722436955,0.6029878670694714,-0.7977503570459932,False,train
-1.3335399321670731,1,0.0387457233873107,1.0,6.216455154616318e-05,1.0,2021-06-01,Beijing,4.016819336499843,-9.685725631513437,-3.250734893471791,0.5027907197793043,-0.8644081744776648,False,train
-1.5984727630561113,1,0.0479168694481431,0.9896193771626296,8.211098349180886e-05,1.0,2021-06-08,Beijing,16.410580012523543,-9.407438768580455,-3.0382876560204943,0.3953117887649151,-0.9185469991587165,False,train
-1.4342482112128154,1,0.0402524153561354,1.0,8.686129972144273e-05,1.0,2021-06-15,Beijing,3.671586033913064,-9.351197967563577,-3.212585268069939,0.2821076626819194,-0.9593827529490743,False,train
-1.7409530943253229,1,0.0476144839302123,1.0,7.188922731536277e-05,1.0,2021-06-22,Beijing,21.034485560485063,-9.540384133178115,-3.044618279781668,0.16481784665719793,-0.9863240225317866,False,train
-1.0025366259682154,1,0.0402118788588784,1.0,7.701313297221773e-05,1.0,2021-06-29,Beijing,86.9964947710242,-9.471534592573216,-3.2135928330049652,0.04514101777397193,-0.9989806246941579,False,train
-0.5932559940526438,1,0.0417745060794498,1.0,8.689419816262029e-05,1.0,2021-07-06,Beijing,132.5695293324651,-9.350819292448588,-3.1754690279230644,-0.07518957641475855,-0.9971692572470178,False,train
-0.9387740712438636,1,0.0496254187895885,1.0,7.116324199178955e-05,0.4394463667820069,2021-07-13,Beijing,56.92840015323147,-9.550534137016829,-3.0032521009254847,-0.19443122004766195,-0.9809161537413774,True,train
-0.990140468822194,1,0.042622016513286,1.0,8.555626732957695e-05,0.9273356401384084,2021-07-20,Beijing,24.04935568050688,-9.366336301050756,-3.1553843396513406,-0.3108569682435036,-0.9504567035349151,False,train
-0.5418915111092023,1,0.0434817694867903,1.0,6.767906026614938e-05,1.0,2021-07-27,Beijing,56.429068016068605,-9.600733727719124,-3.135413520988897,-0.4227806579826773,-0.9062320427107697,False,train
-0.4574227608145789,1,0.0563945979597723,1.0,7.853523383803294e-05,1.0,2021-08-03,Beijing,24.07947210466717,-9.451963195172814,-2.875381905920504,-0.5285813283559292,-0.8488826652214553,False,train
-0.4634385969438723,1,0.0714179906632495,1.0,6.721240963275967e-05,1.0,2021-08-10,Beijing,32.86480454967477,-9.607652660329888,-2.6392054713022035,-0.6267266965083301,-0.7792391467859886,False,train
-0.4822153833139909,1,0.0518851443703543,1.0,6.641317757231971e-05,1.0,2021-08-17,Beijing,40.90146827565649,-9.6196150637575,-2.958722765422179,-0.7157953492826642,-0.6983101158835584,False,train
-0.364955946273602,1,0.0492059781343657,1.0,8.474734351035806e-05,1.0,2021-08-24,Beijing,1.8212657625905653,-9.375836157205503,-3.0117401560691768,-0.7944973291665992,-0.6072676460566135,False,train
-0.8481823479257208,1,0.0505538346349492,1.0,9.55484798792356e-05,1.0,2021-08-31,Beijing,45.615858057550206,-9.255876796570053,-2.9847164781346045,-0.8616928164028521,-0.5074302810827518,False,train
-0.3972145793852774,1,0.0501309386499759,1.0,0.0001355804200227,1.0,2021-09-07,Beijing,23.49052638790496,-8.905945587996788,-2.993116923565727,-0.9164086366943458,-0.4002439388573056,False,train
-0.6685177368345501,1,0.04379642865205,0.9792387543252596,9.840777448616706e-05,1.0,2021-09-14,Beijing,45.14385863193404,-9.22639074802135,-3.128203002548539,-0.9578523554276669,-0.28726097055059635,False,train
-0.4885657427742864,1,0.0426717429223869,1.0,0.0001326939410867,1.0,2021-09-21,Beijing,40.81627687920739,-8.927465276397216,-3.15421833606412,-0.9854237542919524,-0.17011767832049052,False,train
-0.3656554319447331,1,0.0441642105159848,0.9792387543252596,8.15900147182458e-05,1.0,2021-09-28,Beijing,35.86539358139068,-9.413803672130815,-3.119840534729151,-0.9987235240803972,-0.050510617185222886,False,train
-0.2916584490803791,1,0.0378560221393937,1.0,0.0001256966393683,1.0,2021-10-05,Beijing,25.1949469104609,-8.981639178061188,-3.2739652063545033,-0.9975590477788613,0.06982797572987089,False,train
-0.3421707980275307,1,0.0400304241689292,1.0,0.0002178099054055,1.0,2021-10-12,Beijing,0.8379767380206697,-8.431887869135473,-3.218115509757772,-0.981947190186646,0.18915526872004093,False,train
-0.1154734408636407,1,0.0406022191933562,1.0,0.0002370027708381,1.0,2021-10-19,Beijing,0.0081700925029792,-8.347438725597486,-3.203932553933368,-0.9521140536681102,0.3057430764672831,False,train
0.1531983971435979,1,0.0412059929814047,1.0,0.0001806844286523,1.0,2021-10-26,Beijing,0.34214809856854,-8.618758536451583,-3.189171572491334,-0.9084917035725082,0.41790288888678667,False,train
-0.1650519570413101,1,0.0449354147475525,1.0,0.0003148651975123,0.7716262975778547,2021-11-02,Beijing,26.74530085422401,-8.063365955138378,-3.102529047969976,-0.8517119107469189,0.5240103253675756,False,train
0.2736284743329351,1,0.0373167395427195,1.0,0.0001913439763,1.0,2021-11-09,Beijing,0.0098444385798757,-8.561437826598521,-3.288313271698426,-0.7825970017677834,0.6225286602431057,False,train
0.3668649280710607,1,0.0439202580006765,1.0,0.0003550066173505,1.0,2021-11-16,Beijing,0.3841170015583205,-7.943374128238645,-3.125379607465773,-0.7021479494046978,0.712031078778713,False,train
0.5169528114276649,1,0.0511920100002254,1.0,0.0005634458451322,1.0,2021-11-23,Beijing,0.8146516278150502,-7.481439333570919,-2.9721718137975714,-0.6115298757991053,0.7912213413483807,False,train
0.2393299614136071,1,0.0398843895484873,1.0,0.0002533869993812,1.0,2021-11-30,Beijing,0.0111572046729473,-8.280592596124228,-3.221770271026699,-0.5120551783114646,0.8589525565270845,False,train
0.3718409805684075,1,0.0411750442794174,1.0,0.0002966379698416,1.0,2021-12-07,Beijing,2.444192062903178,-8.122998119455943,-3.1899229275233245,-0.4051645224207563,0.9142437912130223,False,train
0.5358327876832497,1,0.0406158778150984,1.0,0.000323894106128,1.0,2021-12-14,Beijing,0.0043341305437737,-8.035093928531742,-3.203596209636369,-0.29240597695107734,0.9562942772197719,False,train
0.1519824331911966,1,0.0420162644709016,1.0,0.0002082088636256,1.0,2021-12-21,Beijing,0.6906024057362756,-8.476968830040219,-3.1696984863532487,-0.17541259380427843,0.9844950085880858,False,train
0.3676301930090173,1,0.0418843735686273,1.0,0.0002586202267624,1.0,2021-12-28,Beijing,0.0106878167116519,-8.260149878280002,-3.172842467471797,-0.05587875690537313,0.9984375616565666,False,train
0.3679279033885582,1,0.0557069718275873,1.0,0.0004999499231521,1.0,2022-01-04,Beijing,0.0532934966610061,-7.601002618253599,-2.8876499724205194,0.06875540848113941,0.9976335468520451,False,train
0.2880411165388716,1,0.0433129247614828,1.0,0.0002860164078127,1.0,2022-01-11,Beijing,0.0263235484300875,-8.15946137881554,-3.1393041951771807,0.18809941761179758,0.9821499931752291,False,train
-0.041375514670638,1,0.0586164256337599,1.0,0.0006206956435427,0.8719723183391004,2022-01-18,Beijing,3.856807866480904,-7.384669703189082,-2.8367403207587283,0.3047192331091634,0.9524422234305676,False,train
0.4082674106307611,1,0.0507212404013579,1.0,0.0001066373415984,1.0,2022-01-25,Beijing,1.3148307965884145,-9.146076811151733,-2.9814105132894717,0.4169258813287287,0.908940487313808,False,train
0.1662964348137964,1,0.0405324918584271,1.0,5.6954370731073536e-05,0.9965397923875432,2022-02-01,Beijing,0.0064203928964445,-9.773260124201684,-3.2056513584053734,0.5230943033491326,0.8522748088519838,False,train
-0.0465747654503862,1,0.0510571846096979,1.0,0.0002442921532784,1.0,2022-02-08,Beijing,4.781091263966218,-8.317145699420669,-2.9748090075511664,0.6216868902665479,0.7832658619336791,False,train
-0.0487865192183486,1,0.0452077780150963,1.0,0.0001459117849414,0.9930795847750864,2022-02-15,Beijing,0.0680263768002007,-8.832508331596147,-3.0964861269680064,0.7112757519738152,0.7029130847082615,False,train
0.1306587412862648,1,0.0433377657562332,1.0,0.0002130656607493,1.0,2022-02-22,Beijing,0.0329637341611915,-8.453910173330543,-3.1387308357432855,0.7905633969115482,0.612380204990065,False,train
0.6054585490834093,1,0.0420716583967196,1.0,0.0001380024718678,1.0,2022-03-01,Beijing,0.0137281127031736,-8.888238960881981,-3.1683809622203656,0.8584015232918917,0.512978386299228,False,train
0.4354534428619545,1,0.0480493871319048,1.0,0.0002260806596989,1.0,2022-03-08,Beijing,5.977341433200738,-8.39461872104355,-3.0355258984462465,0.9138076496466615,0.4061472386305789,False,train
0.4143316164066035,1,0.0436554264863972,0.986159169550173,0.000157287651555,1.0,2022-03-15,Beijing,7.916819673713447,-8.75743425349265,-3.1314276862928643,0.9559793438440766,0.2934339689665273,False,train
-0.1465203348355103,1,0.0411143294407849,1.0,0.0001293378522655,1.0,2022-03-22,Beijing,2.2363175773262167,-8.95308256742234,-3.191398570049327,0.984305844499033,0.17647097349152166,False,train
0.2181924191954128,1,0.0433407066570955,1.0,0.000132871277884,1.0,2022-03-29,Beijing,4.521646266014207,-8.926129733856316,-3.1386629780438695,0.998376906467142,0.056952196034039754,False,train
0.8148748812127523,1,0.0522980511788707,1.0,0.0001568771190857,1.0,2022-04-05,Beijing,0.2272343395671578,-8.760047740053444,-2.950796170959807,0.9979887423155984,-0.06339140486951038,False,train
0.1993439665826105,1,0.0440748097779249,1.0,7.255804597903512e-05,1.0,2022-04-12,Beijing,0.0423911462367226,-9.531123682246642,-3.1218668665798956,0.9831469737221499,-0.1828169249850199,False,train
1.084540381657768,1,0.0457120312402553,1.0,0.0001344180882062,1.0,2022-04-19,Beijing,0.2265445358272536,-8.914555554063396,-3.0853937500791977,0.9540665500578387,-0.2995947563972602,False,train
0.1968393143015642,1,0.0406972805646828,1.0,9.206778197808784e-05,1.0,2022-04-26,Beijing,8.952677028881439,-9.292985491558722,-3.201594005358476,0.9111686353326631,-0.41203363695942635,False,train
-0.1844879181420121,1,0.042065608679489,1.0,0.0001277620320373,1.0,2022-05-03,Beijing,10.783827255955758,-8.965341149070507,-3.1685247681092723,0.8550745085896932,-0.518505144391157,False,train
-0.4340545955582185,1,0.038382774032857,1.0,4.496543954956729e-05,1.0,2022-05-10,Beijing,1.6538810568515747,-10.009616373274346,-3.260146512930698,0.7865965660866021,-0.6174672802835514,False,train
0.0399782177645963,1,0.045464994925442,1.0,8.550412408879207e-05,1.0,2022-05-17,Beijing,1.1725731050476174,-9.366945948228196,-3.0908125914188718,0.7067265555776159,-0.7074868024503348,False,train
0.580207352628782,1,0.037669827910126,1.0,7.094726958227908e-05,1.0,2022-05-24,Beijing,0.3245752359544269,-9.553573638787547,-3.27889582564206,0.6166212130956382,-0.7872599821916922,False,train
0.0653442388557929,1,0.0382727779644989,1.0,9.537995649188734e-05,1.0,2022-05-31,Beijing,1.9676181750694637,-9.257642101249811,-3.2630163936109087,0.5175855102531889,-0.8556314858488706,False,train
-0.3918110869576833,1,0.0437552675943577,1.0,9.32313231817582e-05,0.8581314878892734,2022-06-07,Beijing,37.29296379947328,-9.280426807095674,-3.129143271269524,0.4110537546870351,-0.9116111071930239,False,train
-0.590981204549752,1,0.0517300222311275,1.0,8.818067799967492e-05,1.0,2022-06-14,Beijing,3.9928146059637313,-9.336122689249402,-2.9617169652137125,0.2985688173637202,-0.9543881083175908,False,train
-0.1862730229359964,1,0.0358872086280014,1.0,7.253029006816775e-05,1.0,2022-06-21,Beijing,42.18913614735931,-9.531506289311581,-3.327374352606538,0.18175978759137534,-0.9833429613388902,False,train
-0.8565028576590379,1,0.046224820006676,0.9965397923875432,5.492660194364161e-05,0.3910034602076124,2022-06-28,Beijing,44.643027259891824,-9.809512774099046,-3.0742383955688606,0.062318379354325076,-0.998056320853012,True,train
-0.0477090146509895,1,0.0386039347432273,1.0,6.959906469913186e-05,1.0,2022-07-05,Beijing,69.93696428073032,-9.572759428945059,-3.25440107135347,-0.05802556932878035,-0.9983150972033183,False,train
0.289622105061795,1,0.0368552960525121,1.0,6.776900890850864e-05,1.0,2022-07-12,Beijing,3.068173165588623,-9.59940556326274,-3.3007559514736204,-0.17752914918703497,-0.984115542601034,False,train
-0.5303264363023833,1,0.0374871902594024,1.0,7.305337056568569e-05,1.0,2022-07-19,Beijing,6.751391813198689,-9.52432028030243,-3.2837559974445814,-0.2944616217868012,-0.9556633054034704,False,train
-0.5827880788996969,1,0.0415966368542008,1.0,6.324877573812608e-05,1.0,2022-07-26,Beijing,65.5949007283241,-9.668434786462928,-3.179735959833983,-0.4071294853542516,-0.9133704517637858,False,train
-0.6043602501934484,1,0.0424592410940106,1.0,6.526769706287084e-05,1.0,2022-08-02,Beijing,36.88915994088136,-9.63701332918045,-3.1592106963003292,-0.5139010013093103,-0.8578494977869301,False,train
-0.4894949579456764,1,0.0384243132367606,1.0,7.009281680012488e-05,1.0,2022-08-09,Beijing,31.76082066379476,-9.565690239928497,-3.259064862540605,-0.6132298262997502,-0.7899045386224707,False,train
-0.3674907409328616,1,0.0397359311607728,1.0,5.494058268626321e-05,1.0,2022-08-16,Beijing,82.92665579490692,-9.809258271487659,-3.2254994335932046,-0.7036774074790128,-0.7105196029692745,False,train
-0.2454424317957949,1,0.0362551990900385,1.0,6.991669812075535e-05,1.0,2022-08-23,Beijing,2.279820689225934,-9.568206051405474,-3.3171724847920974,-0.7839338166829201,-0.620844401650647,False,train
-0.3462163014697057,1,0.0358927768185152,1.0,7.85304344536052e-05,1.0,2022-08-30,Beijing,1.5128526308322665,-9.452024308266228,-3.327219206558783,-0.8528367217694595,-0.522177676659508,False,train
-0.1603123680851169,1,0.0443585404127762,1.0,8.420907905188028e-05,1.0,2022-09-06,Beijing,0.2211416826808491,-9.38220781530945,-3.115450020269964,-0.9093882203647925,-0.4159483918249421,False,train
-0.4746488491032689,1,0.0431090805558164,1.0,8.639974105547726e-05,1.0,2022-09-13,Beijing,0.0509500356326568,-9.356525879201843,-3.14402161831376,-0.9527692922168511,-0.30369503751065885,False,train
-0.116593594029403,1,0.0355444054722735,1.0,0.0001336892180668,1.0,2022-09-20,Beijing,0.8559334908878984,-8.919992719839664,-3.3369725057984287,-0.9823516608469237,-0.18704334906991657,False,train
-0.3588552458376097,1,0.0510987316985919,0.9896193771626296,0.0002057083104616,1.0,2022-09-27,Beijing,10.448137970247467,-8.489051361238618,-2.973995602068916,-0.9977068927101168,-0.06768276175455162,False,train
-0.1690943587700654,1,0.0343952505604378,1.0,0.0001429402614111,1.0,2022-10-04,Beijing,0.845150349055232,-8.853083767357127,-3.3698367892382004,-0.9986126020839734,0.052658056924614005,False,train
-0.0045685126121175,1,0.037094244397151,1.0,0.0001647977102283,1.0,2022-10-11,Beijing,0.0429552443342281,-8.71079183483118,-3.2942934589469206,-0.9850556718215013,0.172236243027682,False,train
0.0885686105688495,1,0.0393214985076633,1.0,0.0002508344010246,1.0,2022-10-18,Beijing,0.0061857039932784,-8.290717593441935,-3.2359838738580664,-0.957232443323312,0.2893199776186952,False,train
0.0410444388773542,1,0.0451000848204906,1.0,0.0001598484614586,1.0,2022-10-25,Beijing,3.0254034026846,-8.741284307411844,-3.0988711517548606,-0.9155458729775467,0.40221356823680365,False,train
-0.1453781032852494,1,0.0368282960043259,1.0,0.0001831716383869,1.0,2022-11-01,Beijing,1.6720893323616606,-8.605086930007486,-3.3014888161085,-0.8605996962501181,0.5092820071573356,False,train
-0.0141021290057938,1,0.0405149145060276,1.0,0.0002570954383657,1.0,2022-11-08,Beijing,19.2150486819102,-8.266063186495884,-3.2060851132524077,-0.7931896839451843,0.6089746507720486,False,train
0.1797811765097919,1,0.0378025997376104,1.0,0.0002867467250208,1.0,2022-11-15,Beijing,1.5769328848473343,-8.156911223045995,-3.275377402594305,-0.7142921172691032,0.699847677146407,False,train
0.4613538089151515,1,0.0383132422916629,1.0,0.000193323010349,1.0,2022-11-22,Beijing,2.307532710649948,-8.55114813926402,-3.26195969081335,-0.6250496486104377,0.7805849965070866,False,train
0.1970872981735976,1,0.0355758687703342,1.0,0.0001402048684459,1.0,2022-11-29,Beijing,0.0280283548209417,-8.872405858960263,-3.3360877144938854,-0.5267547528105542,0.8500173118187018,False,train
0.7088313308327333,1,0.0373525691342275,1.0,0.0002021724103587,1.0,2022-12-06,Beijing,0.0120002897747059,-8.506389707974032,-3.2873535843812998,-0.42083100859565564,0.9071390534005044,False,train
0.212311074016648,1,0.0369797385805561,1.0,0.0001348870019013,1.0,2022-12-13,Beijing,0.0301986038638584,-8.911073152978489,-3.2973851222597164,-0.30881248126625377,0.9511229423235357,False,train
0.0440958427132937,1,0.03682272823621,1.0,0.0001093990864529,1.0,2022-12-20,Beijing,0.2635529576423858,-9.120508018533197,-3.301640009338571,-0.19232150523909483,0.9813319716704275,False,train
0.3236891045161816,1,0.0367407663793054,1.0,0.0001895712158534,1.0,2022-12-27,Beijing,0.0042855735387092,-8.570745794787634,-3.3038683398780004,-0.07304518821104743,0.9973286321364752,False,train
0.2751370893446133,1,0.0441467983824386,1.0,0.0003877797388729,1.0,2023-01-03,Beijing,0.0095884386086628,-7.85507306285145,-3.1202348713806973,0.051584366869408364,0.9986686402879997,False,train
0.2135702181655019,1,0.0411552193589475,1.0,0.0002493146667836,1.0,2023-01-10,Beijing,2.7506321125111635,-8.29679473730167,-3.19040452250376,0.17117705961019986,0.985240282501282,False,train
0.5378626938314847,1,0.0385007883759782,1.0,0.000101597448629,1.0,2023-01-17,Beijing,0.9531599374415304,-9.194492135054494,-3.2570765605999203,0.2882906407095177,0.9575429528116719,False,train
0.3052694171046004,1,0.0380072381840438,1.0,8.909787309548064e-05,1.0,2023-01-24,Beijing,0.0060259133078943,-9.325775094754686,-3.2699786588670143,0.4012289854475009,0.9159777842484877,False,train
0.216184761445315,1,0.0448942593103564,1.0,0.0002497045896052,1.0,2023-01-31,Beijing,0.0073297381702158,-8.295231980370092,-3.103445347411274,0.5083564379375122,0.8611467540480452,False,train
0.374252632315774,1,0.0563518652032523,1.0,0.0001727381206455,1.0,2023-02-07,Beijing,7.469110292223631,-8.66373386384308,-2.8761399387202458,0.6081214998935418,0.7938439653781019,False,train
-0.0849556439671479,1,0.0436926802371092,1.0,0.0002194316212347,1.0,2023-02-14,Beijing,2.2723018967174484,-8.424469894552503,-3.1305746912053176,0.6990793005655562,0.7150441465537444,False,train
-0.4211104079114078,1,0.0457544201868713,1.0,0.0002888156610532,1.0,2023-02-21,Beijing,0.0115890866823065,-8.149721924392344,-3.0844668758211657,0.7799125224167177,0.6258885343075018,False,train
0.48331581708323,1,0.0448889917386092,1.0,0.0001959091003036,1.0,2023-02-28,Beijing,0.0099228258129508,-8.537859780271386,-3.1035626871531905,0.8494504794814806,0.527668345562516,False,train
0.5774372797015003,1,0.0482987375170684,1.0,0.000272826438322,1.0,2023-03-07,Beijing,0.2931400870032335,-8.206674722020802,-3.030349857028196,0.9066860720977985,0.4218060770826634,False,train
0.2750980317568325,1,0.0463768237020955,1.0,0.0002187935317536,1.0,2023-03-14,Beijing,1.387068249740318,-8.427382050222711,-3.0709554337151785,0.9507903724625832,0.3098349038318025,False,train
0.4527340988394317,1,0.0416832872265852,1.0,0.0001254231524368,1.0,2023-03-21,Beijing,1.2850513502696304,-8.983817318124617,-3.177655016446738,0.981124629771712,0.19337647441020586,False,train
-0.1815624196004635,1,0.0522812192502943,1.0,0.0003501893764853,1.0,2023-03-28,Beijing,0.5024062428151627,-7.9570364741371895,-2.9511180689545564,0.9972495210773451,0.07411742515094437,False,train
0.4247178517995217,1,0.0383637343794011,1.0,0.0001088865224392,1.0,2023-04-04,Beijing,10.81438033883494,-9.125204296573258,-3.260642682834461,0.9989315138848577,-0.046215046983708354,False,train
0.203385439327814,1,0.0376141193161803,0.9896193771626296,0.0001300469606523,1.0,2023-04-11,Beijing,0.3369604442324784,-8.947614936951707,-3.2803757853457234,0.986146248341595,-0.16587819893463143,False,train
0.4416868298537392,1,0.0419632689937661,1.0,0.0001535064693779,1.0,2023-04-18,Beijing,2.216073387101353,-8.781767846040767,-3.170960591106249,0.9590788900341131,-0.28313898122818354,False,train
0.2766673203776431,1,0.0403394846673631,1.0,0.0001080941741653,1.0,2023-04-25,Beijing,13.026275056800518,-9.132507727784343,-3.2104245212683806,0.9181214482844365,-0.39629913726891813,False,train
-0.1143297775817177,1,0.0436028823891865,1.0,0.0001047378759193,1.0,2023-05-02,Beijing,5.9240424007295,-9.164049748874609,-3.1326320209685807,0.8638670987837349,-0.503719798736334,False,train
0.1500437029828695,1,0.0438889139793949,1.0,0.0001377915399736,1.0,2023-05-09,Beijing,1.624797243004102,-8.889768594784615,-3.1260935197349826,0.7971015927871943,-0.6038452208771035,False,train
0.1337031299162853,1,0.0424431566552095,1.0,8.317709227282939e-05,1.0,2023-05-16,Beijing,8.910527516706525,-9.394538581307534,-3.1595895887561354,0.7187918772884232,-0.6952253139408723,False,train
-0.1366332345641702,1,0.045082176210867,1.0,0.0001165762028658,1.0,2023-05-23,Beijing,5.046723851343973,-9.056965396937535,-3.0992683165554364,0.6300720909843687,-0.7765366444428655,False,train
-0.2577441692509986,1,0.0392057487126449,1.0,7.935212609740267e-05,1.0,2023-05-30,Beijing,0.3228858509389888,-9.441615317432689,-3.2389318921051244,0.5322271388474397,-0.8466016020976267,False,train
-0.2607831935881652,1,0.0414978028266011,1.0,5.647817814477663e-05,1.0,2023-06-06,Beijing,1.4920633900800035,-9.781656221943017,-3.182114797084387,0.42667408318992467,-0.9044054548343001,False,train
-0.4135071674020308,1,0.051282174143006,1.0,9.61167542615758e-05,1.0,2023-06-13,Beijing,4.48815097861047,-9.249946915231938,-2.970412069783954,0.31494162072895193,-0.9491110448902284,False,train
-0.3326241530318549,1,0.046526683149723,1.0,8.563483857008848e-05,1.0,2023-06-20,Beijing,1.579861775201821,-9.365418364974397,-3.0677292997901406,0.19864794288017112,-0.9800709131432666,False,train
-0.1150145439928292,1,0.0425829383840917,1.0,0.0001052253180244,1.0,2023-06-27,Beijing,20.59447941291148,-9.159406620984813,-3.1563016133470163,0.07947729992362097,-0.9968366760893436,False,train
0.0844478262247432,1,0.0415209232471846,1.0,8.299738260711855e-05,1.0,2023-07-04,Beijing,2.789403781928587,-9.396701485518903,-3.1815578041678565,-0.04084439154329611,-0.9991655196610109,False,train
-0.5148978900468727,1,0.0438827089994281,1.0,6.997874158290984e-05,1.0,2023-07-11,Beijing,51.33255252289324,-9.567319053711286,-3.126234908939524,-0.16057454459499376,-0.9870237158387383,False,train
-0.469557832576857,1,0.0471726588335645,1.0,8.365714710090279e-05,1.0,2023-07-18,Beijing,37.83824689694236,-9.388783693644482,-3.0539408162284296,-0.2779791393987801,-0.9605871111248129,False,train
-0.641611504394238,1,0.0461324261466662,1.0,8.242461431838133e-05,1.0,2023-07-25,Beijing,196.84362063555724,-9.40362644819994,-3.0762391891109027,-0.3913578365610259,-0.9202385798054075,False,train
-0.4259183877611563,1,0.0454704173551269,1.0,8.877970134481923e-05,0.8131487889273357,2023-08-01,Beijing,32.40876358551776,-9.329352522555716,-3.0906933324953054,-0.4990686026885319,-0.8665624788845385,False,train
-0.3316435192831099,1,0.0431377318886852,1.0,7.268437363955012e-05,1.0,2023-08-08,Beijing,31.60672690720697,-9.529384139588204,-3.143357215001668,-0.5995514915196489,-0.8003361849976323,False,train
-0.3097118427416139,1,0.0437966676111285,1.0,8.224355638047337e-05,1.0,2023-08-15,Beijing,15.636539203142735,-9.405825513266421,-3.1281975464318195,-0.6913512362094071,-0.722518835873311,False,train
-0.450767758469661,1,0.0408953771154267,1.0,7.096505976754799e-05,1.0,2023-08-22,Beijing,9.899877961663416,-9.553322918001783,-3.196738251284308,-0.7731383255706027,-0.6342374393978054,False,train
-0.3373609905669182,1,0.0438300170614334,1.0,7.347278624640598e-05,1.0,2023-08-29,Beijing,7.208035441731145,-9.518595475457785,-3.127436375287671,-0.8437282590292712,-0.5367705514607103,False,train
-0.6445427736473619,1,0.0486461179087393,1.0,6.098237952888421e-05,0.9204152249134948,2023-09-05,Beijing,59.969053691358674,-9.704925595701328,-3.0231832698600356,-0.9020987014301837,-0.4315297589714715,False,train
-0.5082738255322228,1,0.0476635075860118,1.0,0.0001518719857287,1.0,2023-09-12,Beijing,2.166145373507571,-8.792472591120244,-3.0435892140059186,-0.9474042892438845,-0.32003923622313857,False,train
-0.4486740301293701,1,0.0429843859972277,1.0,9.80893328418479e-05,1.0,2023-09-19,Beijing,0.4383336732714072,-9.22963193490116,-3.1469183455748198,-0.9789888737409319,-0.20391367068311472,False,train
-0.0948921251643238,1,0.0402376080032764,1.0,0.0001191743983931,1.0,2023-09-26,Beijing,0.0249996897884644,-9.034922604982624,-3.2129531982160127,-0.9963950238187231,-0.08483487790576538,False,train
-0.4633042407638984,1,0.0477585455399907,1.0,0.0001537612174495,1.0,2023-10-03,Beijing,3.72931214721896,-8.780109694917888,-3.0415972638792907,-0.9993706508539969,0.03547255575312556,False,train
-0.0510377852951371,1,0.0440672262657505,1.0,0.0001516296393581,1.0,2023-10-10,Beijing,2.100006108146272,-8.794069593587942,-3.1220389413930834,-0.9878726596350429,0.15526624985999563,False,train
0.0844171450883874,1,0.041735429594163,1.0,0.0002372550803295,1.0,2023-10-17,Beijing,4.400784348311738,-8.346374707302026,-3.1764048803536427,-0.9620675724981452,0.27281126433401914,False,train
0.0733840931042962,1,0.0484750786550072,1.0,0.0002580956149961,1.0,2023-10-24,Beijing,0.1113243907059146,-8.26218044093808,-3.026705455265626,-0.9223291176290545,0.3864052261209853,False,train
0.3916395134201589,1,0.0468660745295627,0.9896193771626296,0.0001982663029765,1.0,2023-10-31,Beijing,10.407253884648116,-8.525899466396586,-3.0604612228578505,-0.8692328164574792,0.4944029842076182,False,train
0.1733664412345345,1,0.0389476006332612,1.0,0.0001645072797982,1.0,2023-11-07,Beijing,0.015397120261669,-8.71255573464563,-3.245538109762781,-0.8035476485339116,0.5952404359043674,False,train
-0.0366854721995143,1,0.041647096941741,1.0,0.0002647887361367,1.0,2023-11-14,Beijing,0.0177788619642305,-8.236578272054267,-3.17852361407726,-0.7262249146041543,0.6874571793269664,False,train
-0.0067995555981324,1,0.0423814585792851,1.0,0.000241703341458,1.0,2023-11-21,Beijing,0.0564582811190298,-8.327799445534511,-3.1610443100451002,-0.6383844591746642,0.769717664006921,False,train
0.3531266961923168,1,0.0425744488005476,1.0,0.000251803263232,1.0,2023-11-28,Beijing,0.022433678495578,-8.286862476819257,-3.1565009990692157,-0.5412984521036173,0.8408305333122887,False,train
0.5931296553811369,1,0.0483778957116461,1.0,0.0004398677484785,1.0,2023-12-05,Beijing,2.697363445989968,-7.729036447872449,-3.028712269751439,-0.4363729641045924,0.8997658785476209,False,train
0.0013430464922614,1,0.0449972854519269,1.0,0.0001493326516926,0.3356401384083045,2023-12-12,Beijing,10.490270039125656,-8.8093341787863,-3.1011531143218534,-0.3251276029999093,0.9456701548465688,True,train
0.0331312380758544,1,0.0403775503614608,1.0,0.0002295802084329,0.657439446366782,2023-12-19,Beijing,0.0059538693509148,-8.379258097439454,-3.2094813325869316,-0.20917350564635637,0.9778785428342386,False,train
0.2702050415673542,1,0.0469014826281746,1.0,0.0002267930392794,0.9342560553633218,2023-12-26,Beijing,0.154137823097326,-8.391472677589592,-3.059705991488533,-0.09019000427034513,0.9959245770286599,False,train
0.0581742065084386,1,0.044460776013765,1.0,0.000371148966581,0.9826989619377162,2024-01-02,Beijing,0.0958521399539586,-7.898907048774795,-3.113147916397667,0.03439806061360801,0.9994082116062598,False,train
0.084178688287714,1,0.0463234588513587,1.0,0.0003231864014845,1.0,2024-01-09,Beijing,0.0506253254111203,-8.037281306817285,-3.0721067755484897,0.1542040475626894,0.988039023376751,False,train
-0.0150596080540738,1,0.0551203589049887,1.0,0.000180147861301,1.0,2024-01-16,Beijing,0.4235222766174598,-8.621732592608613,-2.8982361409592405,0.2717767384711357,0.9623603298276545,False,train
0.0396754350280783,1,0.0466840380891228,1.0,0.0002327792221382,1.0,2024-01-23,Beijing,0.0530109859676449,-8.365420098073864,-3.06435296953992,0.38541335945432564,0.9227440286201427,False,train
0.0106184275253625,1,0.0599030951156896,1.0,0.0002414637539926,1.0,2024-01-30,Beijing,0.4668086890788659,-8.32879118312299,-2.8150271038151926,0.49346814167723735,0.8697638720650646,False,train
0.0319470205470771,1,0.0515945034775832,1.0,7.234455545686484e-05,1.0,2024-02-06,Beijing,0.0060274732452566,-9.534070360560646,-2.9643401339207283,0.5943761565849831,0.804187157621448,False,train
0.2306048628599605,1,0.0431537434233233,1.0,0.0001295168377285,1.0,2024-02-13,Beijing,0.9168239046660293,-8.95169966420719,-3.142986111488512,0.6866759803451553,0.726963615332308,False,train
-0.0373449442374324,1,0.044760579073495,0.9965397923875432,0.000137288946055,0.9826989619377162,2024-02-20,Beijing,1.67833999435711,-8.893422757863307,-3.106427458323283,0.7690308592589181,0.6392116531380588,False,train
0.3507170145857169,1,0.0448189075337699,1.0,0.0001352517591472,1.0,2024-02-27,Beijing,0.5517117401525812,-8.908372633688627,-3.105125185431857,0.8402480696078469,0.5422021592729844,False,train
0.1808831920897535,1,0.0430432250291002,1.0,0.0002154611229275,1.0,2024-03-05,Beijing,0.6564778997094987,-8.442730068743963,-3.1455504349622756,0.8992961915530253,0.4373400963303323,False,train
0.3136903372864054,1,0.0452998371519204,1.0,0.0001888860565382,1.0,2024-03-12,Beijing,0.3408420515767364,-8.574366600166375,-3.0944518413799544,0.945320046913132,0.3261441535642696,False,train
0.1185212476321668,1,0.0418369076447884,1.0,0.0001074500524312,1.0,2024-03-19,Beijing,4.629794930742773,-9.138484446916824,-3.1739763710202538,0.9776530844816641,0.2102247521189836,False,train
0.4071686451935686,1,0.0440861388909086,1.0,0.0001214264958672,1.0,2024-03-26,Beijing,2.399680126458138,-9.016201450539663,-3.1216098567990995,0.9958270335100595,0.09126072172931188,False,train
0.0043389929426803,1,0.0514080136608597,1.0,0.0001661482928495,1.0,2024-04-02,Beijing,1.988034852178503,-8.702629837971196,-2.9679612108745483,0.9995786855478958,-0.029025013321975237,False,train
0.0996202146707666,1,0.047269554042352,1.0,0.0001246667609963,1.0,2024-04-09,Beijing,6.071375296443865,-8.989866292563326,-3.0518888684852565,0.9888537064205885,-0.1488903868564548,False,train
0.02711843132271,1,0.04853719496801,1.0,0.000129674473124,1.0,2024-04-16,Beijing,23.0487631635342,-8.950483300784997,-3.0254248684043614,0.9638074231367307,-0.26659942067929354,False,train
0.4127723354754125,1,0.0424516237312373,0.9826989619377162,0.0001610042659997,1.0,2024-04-23,Beijing,8.759271757293085,-8.7340796964383,-3.1593901165149134,0.9248025743285089,-0.38044736628785164,False,train
-0.3710751554474474,1,0.0463829374177533,1.0,9.101779933319256e-05,1.0,2024-04-30,Beijing,2.289947353869244,-9.304455473505987,-3.070823615444134,0.8724040568049612,-0.48878539428899265,False,train
0.1023574971476936,1,0.0419496938116025,1.0,7.976450600343928e-05,1.0,2024-05-07,Beijing,3.2704208024989807,-9.436431939379876,-3.171284144984653,0.8073707443023492,-0.5900444739548627,False,train
0.1447371581996548,1,0.0496160869279834,1.0,9.994327912710632e-05,1.0,2024-05-14,Beijing,1.7803266027291416,-9.210907741628844,-3.0034401646104345,0.7306444969184916,-0.6827580970759147,False,train
0.0791117517305458,1,0.0445710923750087,1.0,9.812466672175926e-05,1.0,2024-05-21,Beijing,17.531838842165204,-9.229271778333617,-3.11066978312481,0.6433365204044917,-0.765583517007675,False,train
-0.2141368094918665,1,0.0425470029351416,1.0,8.854093175114685e-05,1.0,2024-05-28,Beijing,0.5696607230516404,-9.33204560721049,-3.1571458627504025,0.5467112728685939,-0.8373211953118121,False,train
-0.5065705596647104,1,0.0476745017958026,1.0,9.958142334852785e-05,1.0,2024-06-04,Beijing,10.48124334536038,-9.214534923334334,-3.0433585775596406,0.44216815196707204,-0.8969321743510065,False,train
-0.0727618339009458,1,0.0419498974032992,1.0,9.411371424948882e-05,1.0,2024-06-11,Beijing,2.9901962060798453,-9.271006780764862,-3.1712792917620387,0.3312212278016865,-0.9435531242349544,False,train
-0.1633335858556471,1,0.0447295237560989,1.0,7.320368309642365e-05,1.0,2024-06-18,Beijing,5.336948989801164,-9.52226482273788,-3.1071215086743447,0.21547731504673012,-0.976508846196619,False,train
-0.4477535214826056,1,0.045863057563048,1.0,8.571942293242181e-05,1.0,2024-06-25,Beijing,20.209798078660473,-9.364431119387836,-3.082095332099127,0.0966127018812031,-0.9953220513156602,False,train
-0.9209619883395084,1,0.0483977242089934,1.0,7.000031652678159e-05,1.0,2024-07-02,Beijing,10.450791376521998,-9.567010794113973,-3.028302486840391,-0.023651127245231586,-0.9997202729664083,False,train
-0.5112268626999845,1,0.0689800861354895,1.0,7.872834672643013e-05,0.9550173010380624,2024-07-09,Beijing,23.71869341753907,-9.44950728027163,-2.6739374227718513,-0.1435724234118113,-0.9896398128792412,False,train
-0.2916932610539005,1,0.0414709342744851,1.0,7.191115362955338e-05,1.0,2024-07-16,Beijing,12.058994280682262,-9.54007917829251,-3.182762476053455,-0.2614143985111562,-0.965226663665613,False,train
-0.8405744296230261,1,0.0424745320600019,1.0,5.310714264185036e-05,1.0,2024-07-23,Beijing,127.04767428933752,-9.84319912573325,-3.1588506283182136,-0.3754703786876202,-0.9268343944460494,False,train
-0.6367743747786787,1,0.0438713108717828,1.0,6.716322996105357e-05,1.0,2024-07-30,Beijing,129.63480856886025,-9.608384633387663,-3.126494683425664,-0.48408852163897587,-0.8750190302029955,False,train
-0.4783051908694106,1,0.0419133659578358,1.0,5.8075627529686894e-05,1.0,2024-08-06,Beijing,72.80298583822092,-9.753764473861455,-3.1721505063155853,-0.5856957398073508,-0.8105309990194823,False,train
-0.8689963793118879,1,0.0490671932627781,1.0,4.787934567179567e-05,1.0,2024-08-13,Beijing,43.55017449574674,-9.946826343370478,-3.0145646291553554,-0.6788204829862357,-0.734304263829602,False,train
-0.7025519562228223,1,0.0449553579677181,1.0,6.371454533539776e-05,1.0,2024-08-20,Beijing,102.76689265708728,-9.661097680237008,-3.102085326776123,-0.7621140503891487,-0.6474427960827475,False,train
-0.4609673747192265,1,0.0429071927466105,1.0,6.448308009582105e-05,1.0,2024-08-27,Beijing,11.64752710014869,-9.649107692671329,-3.148715804010897,-0.8343701235229537,-0.5512045872199277,False,train
-0.7170269740624822,1,0.0482331239424289,0.9619377162629758,8.194177840587632e-05,0.9065743944636678,2024-09-03,Beijing,33.620407267459505,-9.409501582323733,-3.031709275229649,-0.8945422369764496,-0.4469834295196742,False,train
-0.5383240063023238,1,0.0465579628429934,1.0,0.0001140758729317,1.0,2024-09-10,Beijing,1.9897039401682977,-9.078646778918854,-3.067057229888296,-0.9417589340994617,-0.33628873017668287,False,train
-0.5129007354485597,1,0.0448790861346875,1.0,9.169546277557232e-05,1.0,2024-09-17,Beijing,18.88114963561234,-9.297037658927373,-3.1037833803928496,-0.9753363880767837,-0.2207236509605022,False,train
-0.5545730887352924,1,0.0433441539131993,1.0,0.0001325626044476,1.0,2024-09-24,Beijing,12.74673791263812,-8.928455537727567,-3.1385834426767265,-0.994788305609327,-0.10196189005174576,False,train
-0.3652334681686963,1,0.0415982537013199,1.0,0.0001566623278702,1.0,2024-10-01,Beijing,3.5125065892708465,-8.76141784675731,-3.1796970909296904,-0.999832969770105,0.018276557681691223,False,train
0.0446871592650661,1,0.0417568714341582,1.0,0.0001814375534744,1.0,2024-10-08,Beijing,2.008919221965537,-8.614599021453186,-3.1758912559786405,-0.9903973200352558,0.13825031091098192,False,train
-0.3482363796453455,1,0.0373975602792661,1.0,0.0001287209997561,1.0,2024-10-15,Beijing,11.519101556053368,-8.957863288404623,-3.28614980986413,-0.9666180104000972,0.2562218218071163,False,train
-0.4021944094969777,1,0.0401010044008246,1.0,0.0002631821732934,1.0,2024-10-22,Beijing,1.224902499597169,-8.242664091455111,-3.2163538975811847,-0.9288394302558068,0.3704825404820963,False,train
-0.0014610294625603,1,0.0414926995125526,1.0,0.0001882610842096,1.0,2024-10-29,Beijing,0.5709678148716246,-8.577680812754167,-3.1822377825805845,-0.8776087166898392,0.4793776594606945,False,train
-0.1081364516696576,1,0.04690197597109,1.0,0.0003412192921812,1.0,2024-11-05,Beijing,1.3816695823506708,-7.9829852017963105,-3.0596954728376695,-0.8136678304455991,0.5813300798152042,False,train
0.0044981042270746,1,0.0430426643005464,1.0,0.0002432591448745,1.0,2024-11-12,Beijing,13.13816459524312,-8.321383243053944,-3.145563462150777,-0.7379428103031386,0.6748632518680403,False,train
0.1376899140295913,1,0.0444767300097585,1.0,0.0003155530590522,1.0,2024-11-19,Beijing,5.474858641558699,-8.061183715630833,-3.112789147709901,-0.6515303615068021,0.75862255966641,False,train
0.2191199589690033,1,0.0373891332287345,1.0,0.0002540765160987,1.0,2024-11-26,Beijing,0.011382742704106,-8.277875091827676,-3.2863751721624745,-0.5556819724760489,0.8313949395234058,False,train
0.1506983146026012,1,0.0388631729031909,1.0,0.0001777434250572,1.0,2024-12-03,Beijing,0.0111611242423618,-8.635169479797977,-3.2477081887728114,-0.451785789832884,0.8921264484954345,False,train
0.1784778952937039,1,0.0394873514885418,1.0,0.0002338707203534,1.0,2024-12-10,Beijing,0.4433231545348587,-8.360742072400514,-3.2317748738349397,-0.34134651424503615,0.9399375283564133,False,train
0.1037278987605526,1,0.0364227614964404,1.0,0.0001247700020399,1.0,2024-12-17,Beijing,0.004866137154131,-8.98903849919206,-3.3125613839316492,-0.22596360824801906,0.974135744004672,False,train
0.1853951439414371,1,0.0412101300697089,1.0,0.0002369435037748,1.0,2024-12-24,Beijing,0.0060057856003936,-8.347688825943385,-3.1890711773707063,-0.10730813165636247,0.9942258118156161,False,train
0.2360788098458167,1,0.0404705681710166,1.0,0.0002501004408865,1.0,2024-12-31,Beijing,0.0098058805280796,-8.29364795724139,-3.2071802808794314,0.012901459949419653,0.9999167727021953,False,train
0.1745977776996567,1,0.0401987927827576,1.0,0.0001410163728679,1.0,2025-01-07,Beijing,0.1333306696974967,-8.866634554696972,-3.213918314087741,0.1201261651823505,0.9927586335250793,False,train
0.1641427887351332,1,0.0423674820359194,1.0,0.0003807021341501,1.0,2025-01-14,Beijing,0.0064243825110749,-7.873493288733642,-3.161374144102988,0.23851257519407648,0.9711394088771653,False,train
0.0297291187576597,1,0.054693074353063,1.0,0.0003512880853903,1.0,2025-01-21,Beijing,1.3086006144677036,-7.953903915036789,-2.9060181890314802,0.3534446712740877,0.9354554315134164,False,train
0.0846187535019152,1,0.0432108988895522,1.0,6.882324163698734e-05,1.0,2025-01-28,Beijing,0.18043783850849,-9.583969055580349,-3.1416625264416136,0.4632579225674917,0.88622350294858,False,train
0.1223842844320352,1,0.0398547440638601,1.0,9.716963450566668e-05,1.0,2025-02-04,Beijing,0.0370671922149032,-9.23905229751069,-3.2225138328049647,0.5663619330814524,0.8241566360566663,False,train
0.0566304917993959,1,0.039483548558824,1.0,0.0001352854146371,1.0,2025-02-11,Beijing,0.0925924805738652,-8.908123828767641,-3.23187118601369,0.6612634749656386,0.7501537286959042,False,train
0.1361936292072292,1,0.0404159651736452,1.0,0.0001607440362029,1.0,2025-02-18,Beijing,0.0144386820493844,-8.7356972953612,-3.2085303945116466,0.746588114532413,0.6652865452111116,False,train
0.0129538469145765,1,0.0467371364121307,1.0,0.0003036374709141,1.0,2025-02-25,Beijing,3.9852877996185634,-8.099676098075465,-3.063216218069834,0.8211001178128892,0.5707841943569036,False,train
-0.2373006238537327,1,0.0505522358664669,1.0,0.000155675508571,1.0,2025-03-04,Beijing,0.4737046421055845,-8.767736790334588,-2.9847481037031685,0.8837203473619977,0.4680153284438345,False,train
-0.0573567148933493,1,0.0415597544806209,1.0,6.37852614521623e-05,1.0,2025-03-11,Beijing,6.955444252940619,-9.659988406022443,-3.180623020357085,0.9335418911179212,0.35846832151248087,False,train
0.3772033112738574,1,0.0367717750499008,1.0,9.034785231111918e-05,1.0,2025-03-18,Beijing,0.2489277389100232,-9.311843311976478,-3.303024710428341,0.969843196967294,0.24372971360968387,False,train
-0.0296354277235309,1,0.0414202815105675,1.0,0.0001424944298812,1.0,2025-03-25,Beijing,0.2304823412497097,-8.856207647572528,-3.183984626548961,0.992098522791769,0.12546123335273648,False,train
0.0587798628102941,1,0.0416601487248331,1.0,0.000136680935334,1.0,2025-04-01,Beijing,0.0545132365781789,-8.897861287500914,-3.1782102731884945,0.9999855506507186,0.005375731557583884,False,train
0.3093534593641061,1,0.0401490468438922,1.0,9.58438447321427e-05,1.0,2025-04-08,Beijing,1.0976139256979018,-9.252790308248358,-3.2151565787493137,0.9933900548258936,-0.11478762552212701,False,train
0.0241959714650018,1,0.0443563339316083,1.0,0.0001306105861763,1.0,2025-04-15,Beijing,16.794553337165965,-8.94329028639548,-3.115499763476718,0.9724075561219968,-0.23328854407545518,False,train
0.3825768458298634,1,0.0407337437231696,1.0,0.0001367084892692,1.0,2025-04-22,Beijing,0.4028826427687658,-8.89765971470538,-3.2006984459266077,0.9373419384643772,-0.3484108069446808,False,train
-0.0259823784896683,1,0.0419458742761299,0.9826989619377162,0.0001345028670581,1.0,2025-04-29,Beijing,7.385791800204387,-8.91392504273247,-3.171375199507849,0.8887010478292915,-0.45848712914008766,False,train
-0.190703706272575,1,0.0423712793084617,1.0,0.0001023472040421,1.0,2025-05-06,Beijing,41.38948509249038,-9.187139563845156,-3.1612845210666207,0.8271893372462497,-0.5619233046832195,False,train
-0.3169843199521184,1,0.0392662907943429,1.0,9.097189910145942e-05,1.0,2025-05-13,Beijing,2.830302273950297,-9.30495990021916,-3.237388868778841,0.753697664392914,-0.6572212950663319,False,train
-0.1029414709633878,1,0.0496404277321588,1.0,9.466057899784978e-05,1.0,2025-05-20,Beijing,9.113404119376382,-9.265212916899662,-3.002949701999558,0.6692903895412567,-0.7430009249440493,False,train
-0.5094798223092186,1,0.0423137783423324,1.0,7.640207086337142e-05,1.0,2025-05-27,Beijing,2.1581076873895007,-9.479500756617638,-3.162642516834968,0.5751899607119775,-0.8180198708443175,False,train
-0.1484237848641838,1,0.0374424070021164,1.0,7.935342405641326e-05,1.0,2025-06-03,Beijing,1.6437091826852563,-9.441598960613291,-3.2849513398527903,0.47275920928627757,-0.881191653407483,False,train
0.240142849332983,1,0.0478367341126919,1.0,7.288110085598914e-05,1.0,2025-06-10,Beijing,24.406668745748902,-9.526681200077403,-3.039961438545219,0.36348161248290634,-0.9316013725767187,False,train
-0.2622823029249369,1,0.0449470297206111,1.0,7.621818985985585e-05,1.0,2025-06-17,Beijing,8.596838944983721,-9.481910411687268,-3.1022705998783167,0.24893980855376657,-0.9685189578512204,False,train
-1.0674040982597714,1,0.0554162898233555,1.0,7.704731900405808e-05,1.0,2025-06-24,Beijing,23.625428674417915,-9.47109079233814,-2.8928816883174555,0.13079267585675922,-0.9914097417023038,False,train
-0.609435764111318,1,0.0413928435532384,1.0,5.8913102813232615e-05,1.0,2025-07-01,Beijing,47.01091892007623,-9.739447033418248,-3.1846472741259477,0.01075130776352193,-0.9999422030204416,False,train
-0.7969651452769645,1,0.0424320258428736,1.0,5.07284096139297e-05,1.0,2025-07-08,Beijing,14.115450850867262,-9.88902445688834,-3.1598518753768436,-0.10944576864891556,-0.993992768446958,False,val
-0.4653437176139421,1,0.0388198730630974,1.0,6.912932070043163e-05,1.0,2025-07-15,Beijing,41.4928388587832,-9.57953159446314,-3.248822971130766,-0.2280577712215198,-0.9736476020539838,False,val
-0.804511785850099,1,0.0410545563654674,1.0,5.506997524352049e-05,0.9204152249134948,2025-07-22,Beijing,101.3377152676331,-9.806905904235645,-3.1928534537385582,-0.34336687399638804,-0.939201357453208,False,val
-0.6089789452902001,1,0.0439173480186733,1.0,5.8893295028202694e-05,1.0,2025-07-29,Beijing,38.60572741711869,-9.739783310319664,-3.1254458656924284,-0.45370308603134424,-0.8911529104063088,False,val
-0.5764114542271573,1,0.0392482744841724,1.0,5.484132068241968e-05,1.0,2025-08-05,Beijing,25.81296327655868,-9.811066621094426,-3.2378477979067752,-0.5574684374327892,-0.8301981337405212,False,val
-0.704360623371504,1,0.045002811546613,1.0,5.824615594032557e-05,0.8927335640138409,2025-08-12,Beijing,40.3269835224734,-9.750832460136824,-3.101030312349915,-0.65316012232693,-0.7572198192083127,False,val
-0.6233916246459091,1,0.0401249459374269,1.0,5.923724909588507e-05,1.0,2025-08-19,Beijing,52.11332334166563,-9.733960006241722,-3.2157570448867117,-0.7393922635959241,-0.673274892250183,False,val
-0.6452106647762397,1,0.0398817607458726,1.0,6.562761627128101e-05,1.0,2025-08-26,Beijing,85.82821725050948,-9.631513970856204,-3.221836183763015,-0.8149159841660791,-0.5795791048257612,False,val
-0.4080187948538879,1,0.0399421333329193,1.0,8.198480990101758e-05,1.0,2025-09-02,Beijing,15.449447738472244,-9.408976572969557,-3.220323538977768,-0.8786374941610001,-0.4774894280028391,False,val
-0.2442098655956152,1,0.0396958596208773,1.0,9.449668595658132e-05,1.0,2025-09-09,Beijing,6.80431928299499,-9.266945793322042,-3.2265083883933054,-0.9296339319682695,-0.3684843993077793,False,val
-0.4011330775982715,1,0.035435343632964,1.0,0.0001036689001801,1.0,2025-09-16,Beijing,2.0585553940991583,-9.174308389539584,-3.340045549209044,-0.9671667297977312,-0.2541427094613622,False,val
-0.6430216806239012,1,0.0373129833846174,0.9896193771626296,0.0001263964724162,1.0,2025-09-23,Beijing,0.3622900377492511,-8.97608698474064,-3.2884139328816095,-0.9906923101615609,-0.13612033862266704,False,val
-0.3396414788491266,1,0.0395500874468345,0.9896193771626296,0.0001135301985781,1.0,2025-09-30,Beijing,6.828615230337816,-9.083441689664902,-3.2301873737257987,-0.9998699583618592,-0.016126573270657762,False,val
-0.5552117181740395,1,0.0416372172036442,0.9100346020761244,0.000179510868761,1.0,2025-10-07,Beijing,68.43346446645863,-8.625274801668473,-3.1787608673522496,-0.9945667569706337,0.1041007489354256,False,val
-0.4005562777990507,1,0.0345137578215142,1.0,0.0001023217112987,1.0,2025-10-14,Beijing,7.224221166085006,-9.1873886758658,-3.366397257000218,-0.9748595108374125,0.22282040779479959,False,val
-0.1375234586491377,1,0.0388471472220904,1.0,0.0001473442172948,1.0,2025-10-21,Beijing,0.4252449043753923,-8.822739094241536,-3.248120635441461,-0.9410336347451197,0.3383130181923075,False,val
-0.2022547044264737,1,0.0383711415396832,1.0,0.0001812801644744,0.9273356401384084,2025-10-28,Beijing,3.367418938257661,-8.615466853390197,-3.260449624327064,-0.8935790198239952,0.4489059314938798,False,val
-0.0952255182410301,1,0.0395136007310806,1.0,0.0002118937769109,1.0,2025-11-04,Beijing,6.058314249247776,-8.45942546116799,-3.231110344034544,-0.8331829385891785,0.5529974600700271,False,val
0.114619457900435,1,0.0341184282094996,1.0,0.0002635863256877,1.0,2025-11-11,Beijing,0.0083762562463956,-8.24112963191783,-3.377917623964315,-0.7607200913564104,0.6490800741100398,False,val
0.3677566581743607,1,0.035608162634855,1.0,0.0002795834444297,1.0,2025-11-18,Beijing,0.0061366517903389,-8.182209760982518,-3.335180379910586,-0.6772399381909491,0.7357622347736525,False,val
0.4909939164028316,1,0.0361765284368543,1.0,0.00026819209038,1.0,2025-11-25,Beijing,0.0137925997000319,-8.223807079050461,-3.3193447561655964,-0.5839514998576998,0.8117885474764613,False,val
0.3962178371328763,1,0.0357181250467638,1.0,0.0002005215697847,1.0,2025-12-02,Beijing,0.0025570389539097,-8.514588737030394,-3.3320970146436695,-0.4822058478963526,0.8760579434344281,False,val
0.1569336361093083,1,0.0420233339710246,1.0,0.0003919260051725,1.0,2025-12-09,Beijing,1.9994420960641248,-7.844437498306711,-3.169530244232374,-0.37347653741307074,0.9276396261490467,False,val
0.2653412896605376,1,0.0417075779718177,1.0,0.000255844114619,1.0,2025-12-16,Beijing,1.107176987155312,-8.270942226225749,-3.17707244074467,-0.2593382659754056,0.9657865518844574,False,val
0.25583602490963,1,0.0401921510955504,1.0,0.0003037928447735,1.0,2025-12-23,Beijing,0.006968538293543,-8.099164520504257,-3.2140835487995605,-0.14144406768794202,0.9899462489023779,False,val
0.3341195651452218,1,0.0380586550386563,1.0,0.0001822490258513,1.0,2025-12-30,Beijing,0.0098643763521977,-8.610136532212975,-3.2686267556613835,-0.021501372740813793,0.999768818762748,False,val
0.3423362095424823,1,0.0390523523651182,1.0,0.0002469054957679,1.0,2026-01-06,Beijing,0.03224153199022,-8.306504902776625,-3.242852164687018,0.10303137904317879,0.9946781061893646,False,val
0.2582963678094482,1,0.0448094572451218,1.0,0.0003710954499247,1.0,2026-01-13,Beijing,1.0712956736434156,-7.899051251021933,-3.105336062618034,0.22177215755648186,0.975098513039961,False,val
0.4592282767702458,1,0.0421497583244126,1.0,0.0002219954195351,1.0,2026-01-20,Beijing,0.1569732403582122,-8.412853809029627,-3.1665263282538514,0.3373010691361842,0.9413968285264122,False,val
0.228960419523913,1,0.047059431700481,1.0,0.0002327838505958,1.0,2026-01-27,Beijing,0.4692055077205836,-8.365400214806177,-3.056343971818714,0.44794493940789115,0.8940611451454876,False,val
0.2061962105280506,1,0.0402805104453704,1.0,0.0002661352258607,1.0,2026-02-03,Beijing,0.0257111676202107,-8.23150601046039,-3.211887538784801,0.5521013427459208,0.8337770129585915,False,val
0.4015677759996728,1,0.0421842575712897,1.0,0.0001382846295516,1.0,2026-02-10,Beijing,0.0055998557400016,-8.88619646392543,-3.165708170872512,0.6482618097757122,0.7614175109532997,False,val
1.1215099997163414,1,0.0404246125525346,1.0,9.470821841471004e-05,1.0,2026-02-17,Beijing,0.0074782823574637,-9.264709777855467,-3.2083164579177823,0.7350336741329412,0.6780306024735382,False,val
0.2951200139905029,1,0.0514088062839239,1.0,0.0001545803234084,1.0,2026-02-24,Beijing,6.415314316779412,-8.774796704112813,-2.967945792715056,0.8111602420785621,0.5848239578463322,False,val
0.3045415429898498,1,0.0439394160626841,1.0,0.0001372708240275,1.0,2026-03-03,Beijing,5.176847068714697,-8.893554765750121,-3.1249435015385547,0.8755389928586302,0.4831474640149687,False,val
0.0495038090199077,1,0.0446805791310599,1.0,0.0002077492460767,1.0,2026-03-10,Beijing,0.923863358490106,-8.479178753228322,-3.1082163431135754,0.9272375462179537,0.374473674486883,False,val
0.1064059574543967,1,0.0461236541753852,1.0,0.0001889892984942,1.0,2026-03-17,Beijing,3.3820861098097463,-8.573820166231512,-3.0764293548165518,0.9655071658143364,0.2603764827344581,False,val
0.1091954398269201,1,0.0506298012729709,1.0,0.0001732038610027,1.0,2026-03-24,Beijing,2.3885504914524556,-8.66104126992101,-2.9832149180925396,0.9897936029670716,0.14250832791617088,False,val
0.2682178236693193,1,0.0399804069770845,1.0,0.000151927241207,1.0,2026-03-31,Beijing,1.1140861677132197,-8.792108827989793,-3.219365770444823,0.9997451236925734,0.022576263041545485,False,val
0.1995532961875981,1,0.0403133572313635,1.0,0.0001591061345593,1.0,2026-04-07,Beijing,7.393470507669342,-8.745939065480147,-3.211072419998257,0.9952176027737294,-0.09768276782171598,False,val
0.1398100085767388,1,0.0449685232658933,1.0,0.0001505379137169,1.0,2026-04-14,Beijing,12.899292655856376,-8.801295587116734,-3.101792516944326,0.9762766110869321,-0.21652708524481437,False,val
0.1714685565281068,1,0.0429074182488408,1.0,0.0001124086528908,1.0,2026-04-21,Beijing,0.2803820195815543,-9.093369640453489,-3.14871054844363,0.9431964659565866,-0.33223549871590435,False,val
-0.0525139110075919,1,0.0359802103271981,1.0,8.037891642787885e-05,1.0,2026-04-28,Beijing,1.6692275559019396,-9.428758649652659,-3.324786204807072,0.8964562582905575,-0.44313223418263453,False,val
-0.0294407992197336,1,0.0378542747374512,1.0,7.91658487581643e-05,1.0,2026-05-05,Beijing,0.9346051863715708,-9.443965554686878,-3.2740113665735198,0.8367329140344921,-0.5476112038402312,False,val
-0.0138130645820374,1,0.0487337772153649,1.0,9.0441049125746e-05,1.0,2026-05-12,Beijing,67.18557852934558,-9.31081231038134,-3.021382911989629,0.7648913904341226,-0.6441592666722685,False,val
-0.2081541175890573,1,0.0406531948294817,1.0,6.349784755824633e-05,0.9757785467128028,2026-05-19,Beijing,31.234573759333053,-9.664504549360664,-3.2026778524854462,0.6819721490904629,-0.7313781428679254,False,val
0.1263794362308717,1,0.0364951826792326,1.0,7.271297361457024e-05,1.0,2026-05-26,Beijing,0.3630821654590542,-9.528990735225207,-3.310575008494889,0.5891760872322963,-0.8080046647350754,False,val
0.0213876190546624,1,0.036699650163776,1.0,7.739445819274873e-05,1.0,2026-06-02,Beijing,24.510846933194426,-9.466595379508854,-3.304988056289225,0.4878471454423119,-0.8729290708206411,False,val
-0.3825074945836449,1,0.0357425480505238,1.0,6.495704366366967e-05,1.0,2026-06-09,Beijing,26.539290935656403,-9.641784373250076,-3.331413477709231,0.37945284372454435,-0.925211078289358,False,val
-0.2473223234409224,1,0.0368466607679607,1.0,6.517120551769821e-05,1.0,2026-06-16,Beijing,26.141917396652335,-9.638492819744451,-3.3009902813330556,0.26556302780405594,-0.9640935007889755,False,val
-0.4967177278078666,1,0.0424732293247062,1.0,6.76583122281827e-05,1.0,2026-06-23,Beijing,46.591000204298645,-9.601040339821116,-3.1588812997632187,0.14782713347053048,-0.9890132145779883,False,val
-0.4465427321567331,1,0.0398191087793513,1.0,6.225025862504763e-05,1.0,2026-06-30,Beijing,11.58580505576303,-9.684347868008848,-3.223408361828311,0.02795029824021032,-0.999609314096404,False,val
-0.459673228047365,1,0.0410038034078108,1.0,5.747906341987971e-05,1.0,2026-07-07,Beijing,117.98634620385673,-9.7640897909036,-3.1940904505361667,-0.09233133369539123,-0.9957283388645872,False,val
-0.3512912040189725,1,0.0362375325132305,1.0,7.345949055218069e-05,1.0,2026-07-14,Beijing,19.54894184911139,-9.518776452633817,-3.317659887508674,-0.2112757555821793,-0.9774264960104055,False,val
-0.5867332375684287,1,0.0439105014461453,1.0,5.536146648881437e-05,0.8823529411764706,2026-07-21,Beijing,41.70385567739788,-9.801626756962103,-3.125601774611606,-0.3271603271220951,-0.9449688462364056,False,val
-0.6786498614574513,1,0.0406442231256044,1.0,5.980485536721232e-05,0.972318339100346,2026-07-28,Beijing,22.331505129591942,-9.724423706872052,-3.202898565618517,-0.4383067230125192,-0.898825465016444,False,val
-0.6718367905688656,1,0.0408864466705299,1.0,5.574772684765357e-05,0.9965397923875432,2026-08-04,Beijing,9.996276604101023,-9.79467392248845,-3.196956648099612,-0.5431052396834317,-0.8396646346181327,False,val
-0.4380274398824251,1,0.0393180143116363,1.0,5.4284555264824765e-05,1.0,2026-08-11,Beijing,39.95263840306732,-9.821270804911885,-3.236072485699731,-0.6400381082043503,-0.7683431655492202,False,val
-0.606426563840955,1,0.0458163248197206,1.0,6.230960416014248e-05,1.0,2026-08-18,Beijing,29.524422161159965,-9.683394984178403,-3.0831148142588107,-0.7277014757264236,-0.6858939875998223,False,val
-0.3845543921970976,1,0.0368496306526628,1.0,7.453910087533643e-05,1.0,2026-08-25,Beijing,86.0439392940718,-9.504186726296934,-3.300909683391247,-0.8048257371083452,-0.593511190196115,False,val
-0.4869426065273424,1,0.0329044481711949,1.0,7.950483599934514e-05,1.0,2019-01-01,Cairo,0.0533474238420876,-9.439692707973625,-3.4141474275780004,0.017201575418260506,0.9998520419557735,False,train
-0.4646288726060513,1,0.0334934064595028,1.0,0.0001397980794655,1.0,2019-01-08,Cairo,0.0134845448576652,-8.875311465987826,-3.3964066816275227,0.13718540405660057,0.9905453876091833,False,train
-0.221866017347627,1,0.0323621815632211,1.0,0.0001235018220205,1.0,2019-01-15,Cairo,0.0960948436020954,-8.99925464880264,-3.4307647736370597,0.2551824131233728,0.9668929289391521,False,train
-0.4841383649496269,1,0.0335953611285278,1.0,0.0001071728468278,1.0,2019-01-22,Cairo,0.012408963740438,-9.141067635928838,-3.393367283195324,0.3694836834473831,0.9292372181882051,False,train
-0.396936992354709,1,0.0330712352980398,1.0,0.0001328807907395,1.0,2019-01-29,Cairo,0.0061108747131229,-8.926058141898043,-3.4090913986479854,0.4784338202547012,0.8781236129591848,False,train
-0.4620202657718364,1,0.034366047970732,1.0,8.847746055920967e-05,1.0,2019-02-05,Cairo,11.216760849086794,-9.332762721334383,-3.370686179580888,0.580454927809098,0.8142923779467267,False,train
-0.713254258453952,1,0.0345407545220181,1.0,0.0001222945201421,1.0,2019-02-12,Cairo,2.021725237568729,-9.009078322962651,-3.3656153616261695,0.6740694616546162,0.7386679638813748,False,train
-0.5131011181057423,1,0.0349184451347338,1.0,0.000147479723749,1.0,2019-02-19,Cairo,0.1944318972007494,-8.821819857742206,-3.354740075498811,0.7579216274973472,0.6523456189565257,False,train
-0.539690869902831,1,0.033491494731045,0.9965397923875432,6.269208593781394e-05,1.0,2019-02-26,Cairo,0.7405548447035514,-9.677275339379447,-3.396463761011812,0.8307970168121247,0.5565755266413303,False,train
-0.8020252458911556,1,0.0351795418440629,1.0,0.0001076656604387,1.0,2019-03-05,Cairo,2.1978887932539637,-9.136479869223987,-3.347290562950737,0.8916401947968874,0.45274469960737107,False,train
-0.5270369771220532,1,0.0346369738319447,1.0,8.934170657693381e-05,1.0,2019-03-12,Cairo,0.4032908912857945,-9.32304214017513,-3.3628335596137338,0.9395699859530622,0.342356891994542,False,train
-0.3891204250319788,1,0.0338710013966966,1.0,8.0155427481142e-05,1.0,2019-03-19,Cairo,1.279287812120984,-9.431542964655621,-3.385196046699451,0.9738922359149924,0.22701082094141847,False,train
-0.5090920114864903,1,0.0349773797284134,1.0,8.060976222819384e-05,1.0,2019-03-26,Cairo,2.107757602724473,-9.425890796329561,-3.3530537199042816,0.9941098647022418,0.10837701279187609,False,train
-0.5405309373025909,1,0.037716374463192,1.0,9.909068137804684e-05,1.0,2019-04-02,Cairo,0.095280769577224,-9.219475153561806,-3.277660942931016,0.9999300657962057,-0.011826390691832589,False,train
-0.200375367336231,1,0.0387668826881153,1.0,8.741186684026009e-05,1.0,2019-04-09,Cairo,3.583194728933276,-9.34487950831519,-3.250188935790802,0.9912685467787256,-0.13185851571739118,False,train
-0.6142728731358565,1,0.0394705288761654,1.0,6.855995202128168e-05,1.0,2019-04-16,Cairo,0.0307213791204047,-9.58780198348127,-3.2322009899503477,0.9682507501166718,-0.2499809690726521,False,train
0.6778454490898269,1,0.0372263048912078,1.0,7.512421771273813e-05,1.0,2019-04-23,Cairo,0.0060020092469414,-9.496367578304708,-3.2907396468637127,0.9312100364121947,-0.3644830148102912,False,train
0.3700733700181808,1,0.0357773162824725,1.0,8.35287899468768e-05,1.0,2019-04-30,Cairo,0.1747340601977567,-9.390319195750847,-3.330441209794244,0.8806828564301475,-0.47370635037968,False,train
-0.291031796619401,1,0.0361587868025032,1.0,0.0001015360798259,1.0,2019-05-07,Cairo,0.0096701029764909,-9.195096356380573,-3.3198352948367327,0.8174009818249189,-0.5760691233798758,False,train
0.1552453753674827,1,0.0341576524194723,1.0,9.063362063006944e-05,1.0,2019-05-14,Cairo,0.0061565314757544,-9.308685325119585,-3.3767686355066706,0.742280907086982,-0.6700888411055113,False,train
0.3477585994910946,1,0.0334528462720757,1.0,7.277877042560114e-05,1.0,2019-05-21,Cairo,0.0172950027176216,-9.528086260322517,-3.397618405681818,0.6564105761979381,-0.7544038410927472,False,train
0.1823261842352366,1,0.0330252902676208,1.0,6.674081094083784e-05,1.0,2019-05-28,Cairo,0.009566338781513,-9.61469393396812,-3.410481639282448,0.5610336262283677,-0.8277930117131022,False,train
-0.1240914616318172,1,0.031883815159358,1.0,5.709053109900091e-05,1.0,2019-06-04,Cairo,0.0466177054043366,-9.770872285193736,-3.445656759718486,0.4575313760742512,-0.8891934772070711,False,train
-0.5195890490384747,1,0.0329050521947002,1.0,6.548458026620539e-05,1.0,2019-06-11,Cairo,0.2234669271602019,-9.633695858820836,-3.4141290708513283,0.3474028211842774,-0.9377159910299093,False,train
-0.3037895637308594,1,0.0340573060081407,1.0,7.003109705399447e-05,1.0,2019-06-18,Cairo,0.0120810818469727,-9.56657117093341,-3.379710702350243,0.23224292400907015,-0.9726578145718654,False,train
-0.4304918407614175,1,0.0326229277084823,1.0,7.394580857878311e-05,1.0,2019-06-25,Cairo,0.0208352506550394,-9.512178049537749,-3.4227399338706186,0.11371951458594969,-0.9935128947338007,False,train
-0.3973986340082487,1,0.0319834558720863,1.0,7.551896256519215e-05,1.0,2019-07-02,Cairo,0.0071981792013938,-9.491126773440769,-3.442536513872362,-0.00645086419810515,-0.9999791929590823,False,train
-0.3121483564566205,1,0.0322750130480958,1.0,7.329352631538173e-05,1.0,2019-07-09,Cairo,0.0057711262945744,-9.521038270633817,-3.433461937970789,-0.12652781683868314,-0.9919630595773397,False,train
-0.0233476059099507,1,0.0321950429487349,1.0,6.443407977173926e-05,1.0,2019-07-16,Cairo,0.0385016836600333,-9.649867875822926,-3.4359427839740913,-0.24477230089725957,-0.9695805901076308,False,train
-0.5333692542704213,1,0.0329956224460654,1.0,7.438112165393996e-05,1.0,2019-07-23,Cairo,0.0278540651277405,-9.50630838953346,-3.411380379464397,-0.3594718130884232,-0.9331559438780432,False,train
-0.5531725772092743,1,0.0334686690825004,1.0,7.21723752793961e-05,1.0,2019-07-30,Cairo,0.0148902995881136,-9.536453199139633,-3.397145529040107,-0.46896519100763184,-0.8832166493127127,False,train
-0.5517221587473592,1,0.0336085818857252,1.0,6.61790164028842e-05,1.0,2019-08-06,Cairo,0.02877512407564,-9.623147118033897,-3.392973831359763,-0.5716666713027052,-0.8204859638785327,False,train
-0.5320638072459485,1,0.0331192962773199,1.0,5.8983372712628976e-05,1.0,2019-08-13,Cairo,0.0094401441638355,-9.738254972206848,-3.407639197356275,-0.666088855860977,-0.7458723993404063,False,train
-0.6688549737972217,1,0.0330119648503257,1.0,6.949034950876995e-05,1.0,2019-08-20,Cairo,0.0118730690235921,-9.574322671023834,-3.410885212006728,-0.7508642533989489,-0.6604565640279754,False,train
-0.6255558058025428,1,0.0332144959139757,1.0,7.171072637884752e-05,1.0,2019-08-27,Cairo,0.0283104523051368,-9.542870220727039,-3.404768874437248,-0.8247650844733614,-0.5654755126737576,False,train
-0.6290347183604704,1,0.0324875723730455,1.0,7.361609120516535e-05,1.0,2019-09-03,Cairo,0.0319933109623843,-9.516646925620645,-3.426897651297256,-0.886721063082993,-0.46230483047981086,False,train
-0.88359694752235,1,0.0321971123677255,1.0,6.537873961034638e-05,1.0,2019-09-10,Cairo,0.0884126031863138,-9.635313434762468,-3.4358785084740355,-0.9358348973349941,-0.35243871088460327,False,train
-0.6439878864132995,1,0.0317706981775486,1.0,6.410807746596621e-05,1.0,2019-09-17,Cairo,0.074665247270577,-9.654940188467071,-3.4492108549412808,-0.97139528468375,-0.23746831555846842,False,train
-0.5905994255082979,1,0.0320341086030459,1.0,8.021153477401323e-05,1.0,2019-09-24,Cairo,0.0593959798106788,-9.43084322832126,-3.440954049998729,-0.9928872135356962,-0.11905873003404988,False,train
-0.6310983713846844,1,0.0334002163179799,1.0,0.0001002716615637,1.0,2019-10-01,Cairo,0.0507551992380379,-9.207627439670153,-3.3991929024342307,-0.9999994220246925,0.001075151282798226,False,train
-0.5378384004545652,1,0.0301938799100537,1.0,7.608743273742665e-05,1.0,2019-10-08,Cairo,0.0144517044976429,-9.4836274481607,-3.500116027122978,-0.9926289059345095,0.12119346147073601,False,train
-0.6064656354831783,1,0.0309366704035586,1.0,9.060785311977066e-05,1.0,2019-10-15,Cairo,0.0656728629510051,-9.308969669645585,-3.475813054251273,-0.9708824104813836,0.2395565591209271,False,train
-1.1144337770297712,1,0.0299271406765336,1.0,7.450720774021659e-05,1.0,2019-10-22,Cairo,17.044559848321995,-9.504614689067738,-3.50898949537533,-0.9350748843515574,0.3544502230989869,False,train
-0.7851836714959547,1,0.0303536050466505,1.0,0.0001181860635529,1.0,2019-10-29,Cairo,0.0097123766863174,-9.043250365587516,-3.4948399861039983,-0.8857249183835637,0.4642104791518923,False,train
-0.892508749462376,1,0.031353688236086,1.0,8.76789453763795e-05,1.0,2019-11-05,Cairo,0.087226359410317,-9.34182876293477,-3.462423371739,-0.8235472349556007,0.5672476988027229,False,train
-0.8032614362388558,1,0.030398731374269,1.0,0.0001105529172618,1.0,2019-11-12,Cairo,0.0098469123818335,-9.110016262390268,-3.4933544025503003,-0.7494423368521953,0.6620696215153815,False,train
-0.7410202215669147,1,0.0313746745596643,1.0,0.0001378374690734,1.0,2019-11-19,Cairo,0.0066602920374332,-8.889435327249503,-3.461754254184326,-0.6644834655228552,0.7473029667054297,False,train
-0.8450779011907167,1,0.0307285872465547,1.0,9.534438233957492e-05,1.0,2019-11-26,Cairo,0.2514118127197404,-9.258015143861392,-3.4825618769992173,-0.5699010576127624,0.821713322596059,False,train
-0.9507587166908348,1,0.0313513912898135,1.0,0.0001055208006803,1.0,2019-12-03,Cairo,0.4791812821988947,-9.156602461635748,-3.462496633627539,-0.46706492487743034,0.8842230238742036,False,train
-0.7414965042857112,1,0.0310504846262099,1.0,7.119723695365584e-05,1.0,2019-12-10,Cairo,5.94432376384751,-9.550056547130024,-3.4721408627949866,-0.3574644155648614,0.9339267592294762,False,train
-0.9797406565274904,1,0.0327171795296708,1.0,0.0001198128458682,1.0,2019-12-17,Cairo,0.03955606609705,-9.029579650417038,-3.419854971156476,-0.2426868445825954,0.9701046827361175,False,train
-0.8549667648815599,1,0.0323439861786827,1.0,5.101386544585416e-05,1.0,2019-12-24,Cairo,0.4190710216517282,-9.883413090702968,-3.431327173966208,-0.12439450483979998,0.9922328391893008,False,train
-1.0570289381702629,1,0.0344479481252011,1.0,8.237115230108833e-05,1.0,2019-12-31,Cairo,0.1164305233583397,-9.404275275779256,-3.368305844248366,-0.004300592702981974,0.9999907524084426,False,train
-0.9969124725951948,1,0.0356694767036465,1.0,9.516183746005992e-05,1.0,2020-01-07,Cairo,1.6703637463779326,-9.259931563551794,-3.3334599502082543,0.1201261651823505,0.9927586335250793,False,train
-0.9652039057918074,1,0.0335866136653409,1.0,7.353796971368543e-05,1.0,2020-01-14,Cairo,2.123348858959627,-9.517708690390592,-3.393627694213701,0.23851257519407648,0.9711394088771653,False,train
-1.1543857383825284,1,0.0345304307602626,1.0,9.892832432938414e-05,1.0,2020-01-21,Cairo,0.302680082447054,-9.221114966714731,-3.3659142927011234,0.3534446712740877,0.9354554315134164,False,train
-1.0454805848561075,1,0.0343753561311039,1.0,0.0001182887022404,1.0,2020-01-28,Cairo,0.0381935563221269,-9.042382292466895,-3.3704153628715,0.4632579225674917,0.88622350294858,False,train
-0.8808425423564794,1,0.0338165917709453,1.0,6.51204796355841e-05,1.0,2020-02-04,Cairo,0.2269753068053618,-9.63927147088581,-3.3868037161385307,0.5663619330814524,0.8241566360566663,False,train
-1.1904010537203171,1,0.0340741858872977,1.0,0.0001105201967672,1.0,2020-02-11,Cairo,0.8697349521594713,-9.110312277534241,-3.379215193473723,0.6612634749656386,0.7501537286959042,False,train
-1.173196502508067,1,0.0335237159890947,1.0,6.666511805302153e-05,0.9411764705882352,2020-02-18,Cairo,9.336145793763222,-9.615828709558826,-3.3955021506494374,0.746588114532413,0.6652865452111116,False,train
-1.1016578997811817,1,0.0346672809794314,1.0,0.0001141583043852,1.0,2020-02-25,Cairo,0.812680457000881,-9.077924437873763,-3.3619589481053604,0.8211001178128892,0.5707841943569036,False,train
-0.6198442858689802,1,0.0329966398988666,1.0,0.0001193660098807,1.0,2020-03-03,Cairo,1.816903122570576,-9.033316071899208,-3.4113495439462587,0.8837203473619977,0.4680153284438345,False,train
-0.981316181286792,1,0.0333979649948824,1.0,7.70004576792199e-05,1.0,2020-03-10,Cairo,56.486174443829405,-9.471699192242282,-3.3992603091526203,0.9335418911179212,0.35846832151248087,False,train
-0.7104414243186886,1,0.0360848959983882,1.0,8.605472606483486e-05,1.0,2020-03-17,Cairo,0.8026727553605819,-9.36052711450421,-3.3218808945906892,0.969843196967294,0.24372971360968387,False,train
-0.1005506269915638,1,0.0370225048765382,1.0,8.416636230432405e-05,1.0,2020-03-24,Cairo,0.763526954177987,-9.382715214109757,-3.2962293113343937,0.992098522791769,0.12546123335273648,False,train
-0.3253743157768212,1,0.0361152804280362,1.0,7.082501874787885e-05,1.0,2020-03-31,Cairo,0.0840360628543149,-9.55529824754065,-3.3210392226462253,0.9999855506507186,0.005375731557583884,False,train
-0.983930338205111,1,0.0386801130334679,1.0,7.835687155872853e-05,1.0,2020-04-07,Cairo,0.2436534146801735,-9.454236889641928,-3.252429686129651,0.9933900548258936,-0.11478762552212701,False,train
-0.5986515280994922,1,0.0391573355919317,1.0,7.919559763938284e-05,1.0,2020-04-14,Cairo,0.1841358647117154,-9.443589846050145,-3.2401675026557384,0.9724075561219968,-0.23328854407545518,False,train
-0.4181273596297621,1,0.0382781656886996,1.0,9.388290416729104e-05,1.0,2020-04-21,Cairo,0.3301164435980809,-9.273462252571866,-3.262875631813536,0.9373419384643772,-0.3484108069446808,False,train
-0.4513397873933861,1,0.0385693396252088,1.0,8.615024939700541e-05,1.0,2020-04-28,Cairo,0.0365718219792594,-9.359417700078618,-3.2552976283706228,0.8887010478292915,-0.45848712914008766,False,train
-0.4978571614993196,1,0.0365763920384325,1.0,8.457492416329561e-05,1.0,2020-05-05,Cairo,0.1511925636566131,-9.377872739977827,-3.3083522729660984,0.8271893372462497,-0.5619233046832195,False,train
-0.5726804858745526,1,0.0347237272041669,1.0,9.011432087287784e-05,1.0,2020-05-12,Cairo,0.3759495499313422,-9.314431461775193,-3.360332044601195,0.753697664392914,-0.6572212950663319,False,train
-0.1947938470391519,1,0.035683588318846,1.0,7.998053346125833e-05,1.0,2020-05-19,Cairo,0.0596976927017109,-9.433727284634633,-3.3330644068527158,0.6692903895412567,-0.7430009249440493,False,train
-0.4076846490623125,1,0.0340686293717256,1.0,6.751483974781908e-05,1.0,2020-05-26,Cairo,0.0317338702755746,-9.603163136133007,-3.379378277888809,0.5751899607119775,-0.8180198708443175,False,train
-0.215876714665267,1,0.0329703733763909,1.0,8.526305951991649e-05,1.0,2020-06-02,Cairo,0.0065352893311803,-9.369769262683707,-3.4121458972313237,0.47275920928627757,-0.881191653407483,False,train
-0.2714160523088574,1,0.0321581499755658,1.0,7.243822561725039e-05,1.0,2020-06-09,Cairo,0.0134134791704906,-9.532776419765202,-3.437089361961426,0.36348161248290634,-0.9316013725767187,False,train
0.0056425524379771,1,0.0321336865091902,1.0,7.505976052833755e-05,1.0,2020-06-16,Cairo,0.0141354149397014,-9.497225954665666,-3.4378503751442446,0.24893980855376657,-0.9685189578512204,False,train
-0.6049198499215631,1,0.0330027876058793,1.0,7.285717560653362e-05,1.0,2020-06-23,Cairo,0.0532653998030533,-9.527009531799875,-3.4111632481778584,0.13079267585675922,-0.9914097417023038,False,train
-0.6735704420286657,1,0.0332262339757199,1.0,7.889091496623927e-05,1.0,2020-06-30,Cairo,0.0121141730460602,-9.447444482924288,-3.4044155350959793,0.01075130776352193,-0.9999422030204416,False,train
-0.9267304832589665,1,0.0331550786293454,1.0,6.807292258435091e-05,1.0,2020-07-07,Cairo,0.0512095510187649,-9.59493103644224,-3.4065593725958663,-0.10944576864891556,-0.993992768446958,False,train
-0.7400193645049885,1,0.0319691091410775,1.0,6.664187701293398e-05,1.0,2020-07-14,Cairo,0.047840579992666,-9.61617739404176,-3.442985181763838,-0.2280577712215198,-0.9736476020539838,False,train
-0.8512627588816319,1,0.0322303144444148,1.0,6.177305556431189e-05,1.0,2020-07-21,Cairo,0.0720844709444687,-9.69204328267868,-3.4348478269375735,-0.34336687399638804,-0.939201357453208,False,train
-0.6068237937119467,1,0.0319469738703856,1.0,5.289030792455021e-05,1.0,2020-07-28,Cairo,0.019720866117864,-9.847290450922804,-3.4436778171862206,-0.45370308603134424,-0.8911529104063088,False,train
-0.6072826904089685,1,0.0320509278831965,1.0,6.346624425864144e-05,1.0,2020-08-04,Cairo,0.0037663115758396,-9.6650023798859,-3.440429144920758,-0.5574684374327892,-0.8301981337405212,False,train
-0.9164430719629788,1,0.0334861299716235,1.0,7.034606727467194e-05,1.0,2020-08-11,Cairo,0.0198340710873515,-9.562083678245472,-3.396623956583297,-0.65316012232693,-0.7572198192083127,False,train
-0.803075609395388,1,0.0333207822242571,1.0,7.010790450108689e-05,1.0,2020-08-18,Cairo,0.0218201684036452,-9.565475009922828,-3.4015739858408947,-0.7393922635959241,-0.673274892250183,False,train
-0.8973417661998977,1,0.0331893382590197,1.0,7.208416120938571e-05,1.0,2020-08-25,Cairo,0.045075024127524,-9.53767621590065,-3.405526591411666,-0.8149159841660791,-0.5795791048257612,False,train
-0.7412559559960827,1,0.0322445078982661,1.0,7.246285699704838e-05,1.0,2020-09-01,Cairo,0.0271494309595248,-9.532436444665075,-3.434407547970843,-0.8786374941610001,-0.4774894280028391,False,train
-0.8534375968317406,1,0.0309163629362223,1.0,6.866810259361049e-05,1.0,2020-09-08,Cairo,0.0841073949123273,-9.586225766504011,-3.476469690376276,-0.9296339319682695,-0.3684843993077793,False,train
-0.6346723821716044,1,0.031373071426482,1.0,5.90333136770243e-05,1.0,2020-09-15,Cairo,0.0204231479017927,-9.737408634813313,-3.4618053518981147,-0.9671667297977312,-0.2541427094613622,False,train
-0.7151973938426294,1,0.0318091232632004,1.0,6.748940142520132e-05,1.0,2020-09-22,Cairo,0.0191684123808134,-9.603539988337024,-3.4480021352733314,-0.9906923101615609,-0.13612033862266704,False,train
-0.7396113269504921,1,0.0329401522377678,1.0,7.056858406273464e-05,1.0,2020-09-29,Cairo,0.0113226697965809,-9.558925497447362,-3.4130629325745976,-0.9998699583618592,-0.016126573270657762,False,train
-0.8195082083337297,1,0.0323917557976786,1.0,7.949123299022611e-05,1.0,2020-10-06,Cairo,0.0595464553552658,-9.439863819237429,-3.4298513392508547,-0.9945667569706337,0.1041007489354256,False,train
-0.8191455055531655,1,0.0303196874655337,1.0,7.176990625287434e-05,1.0,2020-10-13,Cairo,0.0138515484687533,-9.542045302739194,-3.495958026126076,-0.9748595108374125,0.22282040779479959,False,train
-0.9037518479867666,1,0.0319740000636833,1.0,7.996091881376316e-05,1.0,2020-10-20,Cairo,0.0487224344020695,-9.433972557480596,-3.4428322044477153,-0.9410336347451197,0.3383130181923075,False,train
-0.8787119354047096,1,0.0318204646945008,1.0,6.804973622993545e-05,1.0,2020-10-27,Cairo,1.0803342873863362,-9.59527170499576,-3.447645652329326,-0.8935790198239952,0.4489059314938798,False,train
-1.273151153809858,1,0.0312745419557102,1.0,6.727453596651875e-05,0.9965397923875432,2020-11-03,Cairo,0.9373787576759618,-9.60672875893706,-3.4649508684371244,-0.8331829385891785,0.5529974600700271,False,train
-1.180573818087294,1,0.0338136971508117,1.0,8.570326998619695e-05,1.0,2020-11-10,Cairo,0.3301943597770512,-9.364619576890139,-3.3868893174329067,-0.7607200913564104,0.6490800741100398,False,train
-1.123819986857681,1,0.0328355073158954,1.0,0.000110823719959,1.0,2020-11-17,Cairo,0.4598471871320729,-9.107569727510395,-3.4162448089973005,-0.6772399381909491,0.7357622347736525,False,train
-1.2906340912070802,1,0.0347492687446691,1.0,0.0001467168285128,1.0,2020-11-24,Cairo,1.4944327855811903,-8.827006165605777,-3.3595967505116247,-0.5839514998576998,0.8117885474764613,False,train
-0.7882271186409405,1,0.0336525994467878,1.0,0.0001827713355786,1.0,2020-12-01,Cairo,0.1065273340026801,-8.607274718796708,-3.391664976341922,-0.4822058478963526,0.8760579434344281,False,train
-0.7002912039120406,1,0.0347864708849418,1.0,0.0001548856109175,1.0,2020-12-08,Cairo,0.102518881023851,-8.772823707577357,-3.3585267354655386,-0.37347653741307074,0.9276396261490467,False,train
-1.3348721151346508,1,0.0338767791867123,1.0,0.0001170204752948,1.0,2020-12-15,Cairo,1.2538797039177922,-9.053161635958014,-3.385025479044542,-0.2593382659754056,0.9657865518844574,False,train
-1.3593394802568182,1,0.0334969755219336,1.0,0.000175765811588,1.0,2020-12-22,Cairo,0.0375174672464374,-8.646358064958921,-3.3963001271542206,-0.14144406768794202,0.9899462489023779,False,train
-1.242145199649744,1,0.0335996452021205,1.0,0.0001702051270602,1.0,2020-12-29,Cairo,0.0933862154748739,-8.678506218540756,-3.3932397715294296,-0.021501372740813793,0.999768818762748,False,train
-1.1677347262868394,1,0.0339427379093241,1.0,0.0001657392663211,1.0,2021-01-05,Cairo,0.1367719687592259,-8.705094689238948,-3.383080353327568,0.08590610426133272,0.9963032375991965,False,train
-1.3482699051466709,1,0.0348020572090846,1.0,8.110387497963307e-05,1.0,2021-01-12,Cairo,0.0527122510254871,-9.419779817717602,-3.3580787787453628,0.20496611396949532,0.9787690698649216,False,train
-1.243066066154914,1,0.0358315392428927,1.0,0.0001375992387112,1.0,2021-01-19,Cairo,0.1851979956556785,-8.891165165102429,-3.328926788976159,0.321057654185271,0.9470596510722283,False,train
-1.239031777280848,1,0.0331233226747041,1.0,0.0001238961520931,1.0,2021-01-26,Cairo,1.185126932138596,-8.996066826364308,-3.407517632193156,0.4324994021339788,0.901634220265486,False,train
-1.3809131467219005,1,0.0334324082078368,1.0,0.0001855491363506,1.0,2021-02-02,Cairo,5.562730302032036,-8.59219082500582,-3.398229543817837,0.5376773767406141,0.8431506618282,False,train
-1.1454734300440603,1,0.0345635602154233,1.0,0.0001809862223223,1.0,2021-02-09,Cairo,0.0300867663988067,-8.617089649362002,-3.3649553248594413,0.6350683134867438,0.7724559775191742,False,train
-1.2433621336350726,1,0.0355541646018682,1.0,0.0001412110568614,0.9965397923875432,2021-02-16,Cairo,2.357983836491739,-8.865254929587065,-3.3366979818622706,0.7232617254437388,0.6905740195722293,False,train
-1.357189103472528,1,0.034261183828102,1.0,0.0001232016022667,1.0,2021-02-23,Cairo,3.377246928059209,-9.001688501537899,-3.373742232447829,0.8009803309782905,0.5986906625177214,False,train
-1.241347470078883,1,0.0346781242337255,1.0,0.0001111957224338,1.0,2021-03-02,Cairo,0.1672309405187968,-9.10421864420962,-3.3616462163721144,0.8670985522812081,0.4981366284784055,False,train
-0.2292815397492823,1,0.0378184441374462,1.0,0.0001027957368379,1.0,2021-03-09,Cairo,0.2196988554965868,-9.182766676251576,-3.274958355216598,0.9206588168102428,0.3903682146763026,False,train
-0.5154432567606524,1,0.0390205348389996,1.0,0.0001213621461759,1.0,2021-03-16,Cairo,0.0254898102782978,-9.016731538704128,-3.2436672370897304,0.9608854255574977,0.27694620226893646,False,train
-0.9419209475565764,1,0.0374950894241617,1.0,8.00860652639012e-05,1.0,2021-03-23,Cairo,0.4526011049931811,-9.432408685766736,-3.2835453032693214,0.9871957872910085,0.15951325197263655,False,train
-0.957202395126211,1,0.0383653777889197,1.0,0.000115138733471,1.0,2021-03-30,Cairo,0.1527156896186276,-9.069372778681574,-3.2605998461725365,0.9992088560679753,0.03977011384605572,False,train
-0.749103627925627,1,0.0379004639335276,1.0,0.0001145036521083,1.0,2021-04-06,Cairo,0.005409280724683,-9.074903839336292,-3.2727919259785025,0.9967506498213929,-0.08054900421874167,False,train
-0.6142688888756911,1,0.0356532362254983,1.0,9.373668969883522e-05,1.0,2021-04-13,Cairo,0.010979014165051,-9.275020879739136,-3.333915358528042,0.9798567700958665,-0.1997015525660636,False,train
-0.6474842820106127,1,0.0355129778152059,1.0,7.958339405796752e-05,1.0,2021-04-20,Cairo,0.0372036772831036,-9.438705104239782,-3.3378570770467033,0.9487718864399473,-0.31596187665790293,False,train
-0.3820412160281552,1,0.0353896142524108,1.0,7.352298973691381e-05,1.0,2021-04-27,Cairo,0.0034504492205655,-9.517912415116438,-3.341336884587792,0.9039461929224011,-0.42764620926777464,False,train
-0.1002882602376157,1,0.0355075095009116,1.0,9.702254769817202e-05,1.0,2021-05-04,Cairo,0.2483001153786656,-9.240567155976704,-3.338011069634244,0.8460288880917339,-0.533137056031809,False,train
-0.8355577947823964,1,0.0339126333178901,1.0,5.891592257030646e-05,1.0,2021-05-11,Cairo,0.0171665615406793,-9.739399171576649,-3.3839676697732592,0.7758587728069828,-0.6309066211876704,False,train
-0.7689339377226736,1,0.0324404507493577,1.0,6.970070559647482e-05,1.0,2021-05-18,Cairo,0.0267417443535656,-9.571300116913672,-3.4283491549683967,0.6944521021088763,-0.719538934232584,False,train
-0.4345734131922672,1,0.0323528728204391,1.0,8.08148871139246e-05,1.0,2021-05-25,Cairo,0.0026331021689504,-9.423349362949056,-3.4310524576368597,0.6029878670694714,-0.7977503570459932,False,train
-0.784408265851918,1,0.0332008977029169,1.0,7.577484401168142e-05,1.0,2021-06-01,Cairo,0.0171153935674839,-9.48774419359486,-3.405178364180763,0.5027907197793043,-0.8644081744776648,False,train
-0.4324235318545164,1,0.0324504824090338,1.0,7.643159724926842e-05,1.0,2021-06-08,Cairo,0.0012874601225121,-9.479114370729908,-3.428039969716536,0.3953117887649151,-0.9185469991587165,False,train
-0.7660706710282025,1,0.0327408152359821,1.0,8.277792072284242e-05,1.0,2021-06-15,Cairo,0.0073335383552497,-9.399349190069294,-3.4191328070442655,0.2821076626819194,-0.9593827529490743,False,train
-0.9790557167471146,1,0.0322091413688667,1.0,8.03600577193367e-05,1.0,2021-06-22,Cairo,0.004845203083093,-9.428993299758258,-3.4355049732788276,0.16481784665719793,-0.9863240225317866,False,train
0.1489963405664163,1,0.0322726479880559,1.0,8.090529859847297e-05,1.0,2021-06-29,Cairo,0.0080671978309044,-9.42223124038978,-3.4335352190162363,0.04514101777397193,-0.9989806246941579,False,train
0.547632399241089,1,0.032986344781924,1.0,8.990808499300716e-05,1.0,2021-07-06,Cairo,0.0245684746798956,-9.316722687349053,-3.411661597639372,-0.07518957641475855,-0.9971692572470178,False,train
0.6247255665953733,1,0.0342289351899663,1.0,8.109356558876523e-05,1.0,2021-07-13,Cairo,0.0135473608634496,-9.419906939216506,-3.3746839344329103,-0.19443122004766195,-0.9809161537413774,False,train
0.669009199728608,1,0.0344223801793353,1.0,5.434769774602947e-05,1.0,2021-07-20,Cairo,0.0119116896024243,-9.820108305072923,-3.3690483395339226,-0.3108569682435036,-0.9504567035349151,False,train
0.8205375949895395,1,0.0408164799551492,1.0,9.170770294348935e-05,1.0,2021-07-27,Cairo,0.0112928666011115,-9.296904180665019,-3.1986693586565904,-0.4227806579826773,-0.9062320427107697,False,train
0.7210555395481817,1,0.0413065534572365,1.0,0.0001077356853,1.0,2021-08-03,Cairo,0.0195217804076544,-9.135829688849983,-3.1867341122514135,-0.5285813283559292,-0.8488826652214553,False,train
0.7674028986354571,1,0.0398288157619451,1.0,7.920254821929939e-05,1.0,2021-08-10,Cairo,0.0092023759418772,-9.443502085175378,-3.223164614544304,-0.6267266965083301,-0.7792391467859886,False,train
0.5845992866875183,1,0.0383446054382982,1.0,7.735550890959247e-05,1.0,2021-08-17,Cairo,0.0502353579140818,-9.467098762930616,-3.261141427600542,-0.7157953492826642,-0.6983101158835584,False,train
0.5308949349302455,1,0.0357666078217207,1.0,8.12712923452686e-05,1.0,2021-08-24,Cairo,0.0284114380259149,-9.41771771145198,-3.3307405632604077,-0.7944973291665992,-0.6072676460566135,False,train
0.6836715670823288,1,0.0360290421630274,1.0,7.26729868673007e-05,1.0,2021-08-31,Cairo,0.0376332517624208,-9.529540812387339,-3.323429939004389,-0.8616928164028521,-0.5074302810827518,False,train
0.6143701624010243,1,0.0348575663052868,1.0,7.723361646203666e-05,1.0,2021-09-07,Cairo,0.0223894309049814,-9.468675749313375,-3.356485054715546,-0.9164086366943458,-0.4002439388573056,False,train
0.4082748539808954,1,0.0348306250703955,1.0,8.094650511076683e-05,1.0,2021-09-14,Cairo,0.0653727901554986,-9.421722052203553,-3.357258248443254,-0.9578523554276669,-0.28726097055059635,False,train
0.4773912497584109,1,0.0342959695542976,1.0,7.522360996570033e-05,1.0,2021-09-21,Cairo,0.1063225294509815,-9.495045413974488,-3.3727274374201883,-0.9854237542919524,-0.17011767832049052,False,train
0.3399538118682985,1,0.0343183718317998,1.0,8.596965226811364e-05,1.0,2021-09-28,Cairo,0.0848208131454804,-9.361516204591107,-3.3720744462860996,-0.9987235240803972,-0.050510617185222886,False,train
0.4026687610362692,1,0.0340272814625998,1.0,8.449848045358543e-05,1.0,2021-10-05,Cairo,0.0411586446387223,-9.378777006560643,-3.3805926801546944,-0.9975590477788613,0.06982797572987089,False,train
0.4473592304794092,1,0.032046221946512,1.0,9.6211751325402e-05,1.0,2021-10-12,Cairo,0.0495942394750539,-9.248959052603237,-3.440575982547874,-0.981947190186646,0.18915526872004093,False,train
0.3800889424100364,1,0.0334475079581076,1.0,8.666100606780586e-05,1.0,2021-10-19,Cairo,0.0337173167036246,-9.353506532352188,-3.3977779956882044,-0.9521140536681102,0.3057430764672831,False,train
0.6117920130721469,1,0.0322894305977371,1.0,0.0001220350732719,1.0,2021-10-26,Cairo,0.2724206178800929,-9.011202068711906,-3.433015328379912,-0.9084917035725082,0.41790288888678667,False,train
0.2718719799088817,1,0.0307635024897195,1.0,0.0001185386067992,1.0,2021-11-02,Cairo,0.0514941555517771,-9.040271854675167,-3.481426275751423,-0.8517119107469189,0.5240103253675756,False,train
0.312826099269484,1,0.0317633733689994,1.0,0.0001474666440499,1.0,2021-11-09,Cairo,0.0408493912840415,-8.821908549792942,-3.449441433854401,-0.7825970017677834,0.6225286602431057,False,train
-0.1577335318344581,1,0.032164228657775,1.0,0.0001067262635904,1.0,2021-11-16,Cairo,2.662369087380013,-9.145243285705165,-3.4369003552002817,-0.7021479494046978,0.712031078778713,False,train
0.3612872134037251,1,0.0336238924344387,1.0,0.0002248054156343,1.0,2021-11-23,Cairo,0.0044465921465996,-8.400275349335008,-3.3925183803553787,-0.6115298757991053,0.7912213413483807,False,train
0.2761506805652544,1,0.0322805939846327,1.0,0.0001540908482098,1.0,2021-11-30,Cairo,0.0506206510256934,-8.777968206046815,-3.4332890347387592,-0.5120551783114646,0.8589525565270845,False,train
0.3768241045293429,1,0.0316008876468193,1.0,0.0001798467152762,1.0,2021-12-07,Cairo,0.0128492544949047,-8.623405651674718,-3.4545700686945713,-0.4051645224207563,0.9142437912130223,False,train
0.0424558907196409,1,0.032624461130631,1.0,9.807531613714526e-05,1.0,2021-12-14,Cairo,2.3016258629879953,-9.229774842451521,-3.4226929305444695,-0.29240597695107734,0.9562942772197719,False,train
0.2000089543051887,1,0.0315706579902462,1.0,0.0001470902608035,1.0,2021-12-21,Cairo,0.444961589931157,-8.82446414054669,-3.4555271343663296,-0.17541259380427843,0.9844950085880858,False,train
-0.3490182370676271,1,0.0317625340884508,1.0,0.0001423809728076,0.986159169550173,2021-12-28,Cairo,7.568067157548017,-8.857004185838226,-3.4494678571069683,-0.05587875690537313,0.9984375616565666,False,train
0.1291455836474658,1,0.0328120579962199,1.0,0.0002249559513703,1.0,2022-01-04,Cairo,0.0040149391165445,-8.399605946613187,-3.4169592093124175,0.06875540848113941,0.9976335468520451,False,train
-0.0531998255866702,1,0.0317574973739165,1.0,0.0001002316241097,1.0,2022-01-11,Cairo,0.8674132493090747,-9.208026809230585,-3.4496264437584196,0.18809941761179758,0.9821499931752291,False,train
0.0014986121372415,1,0.0335115288395063,1.0,0.0001580589538764,1.0,2022-01-18,Cairo,0.4525067360350112,-8.752542468731427,-3.3958657548923648,0.3047192331091634,0.9524422234305676,False,train
-0.3590471172605332,1,0.0325279394329019,1.0,8.946727980436349e-05,1.0,2022-01-25,Cairo,3.137653246892942,-9.321637588305395,-3.4256558840967144,0.4169258813287287,0.908940487313808,False,train
-0.0292032890698531,1,0.0321576880760506,1.0,0.0001576185760529,1.0,2022-02-01,Cairo,0.6743938211721705,-8.75533251913046,-3.437103725437957,0.5230943033491326,0.8522748088519838,False,train
0.1906277569866341,1,0.0339282410311589,1.0,0.0001585077327458,1.0,2022-02-08,Cairo,0.1344031456463612,-8.749707178797241,-3.3835075426391703,0.6216868902665479,0.7832658619336791,False,train
-0.2239395319424898,1,0.0322601035565158,0.9792387543252596,0.0001309768060094,0.9896193771626296,2022-02-15,Cairo,7.116335702706937,-8.940490303802278,-3.4339239962308405,0.7112757519738152,0.7029130847082615,False,train
0.055958947687547,1,0.0332483734725086,1.0,0.0001761311589914,1.0,2022-02-22,Cairo,0.6064726357794226,-8.644281618923774,-3.403749431196846,0.7905633969115482,0.612380204990065,False,train
1.1972967755857484,1,0.0356523301582663,1.0,0.000128114466414,1.0,2022-03-01,Cairo,0.2080526443046128,-8.962586424805451,-3.3339407721746337,0.8584015232918917,0.512978386299228,False,train
-0.0097747556724322,1,0.0341245695209202,1.0,0.0001049293249666,1.0,2022-03-08,Cairo,0.7416390891593545,-9.162223529993456,-3.3777376403281494,0.9138076496466615,0.4061472386305789,False,train
0.511142139891099,1,0.0351483509268243,1.0,0.0001254856845994,1.0,2022-03-15,Cairo,2.121255199805308,-8.983318872835616,-3.3481775771368514,0.9559793438440766,0.2934339689665273,False,train
0.2850345281145271,1,0.0344134461875795,1.0,9.897847646089004e-05,1.0,2022-03-22,Cairo,0.7410857785915222,-9.220608140952512,-3.3693079134295956,0.984305844499033,0.17647097349152166,False,train
0.5173895706527495,1,0.0345375034641967,1.0,0.0001131464009277,1.0,2022-03-29,Cairo,0.0080630502696552,-9.086827994364983,-3.365709488430133,0.998376906467142,0.056952196034039754,False,train
1.743479515994241,1,0.0352558119169359,1.0,0.0001039972161125,1.0,2022-04-05,Cairo,0.0064248703419778,-9.171146427330214,-3.345124886238395,0.9979887423155984,-0.06339140486951038,False,train
0.982851706066964,1,0.0334732114796426,1.0,9.488383920539548e-05,1.0,2022-04-12,Cairo,0.0130310956139801,-9.262857159732954,-3.3970098173716856,0.9831469737221499,-0.1828169249850199,False,train
0.831109776138716,1,0.032619368799428,1.0,8.542820961477089e-05,1.0,2022-04-19,Cairo,0.006722954530917,-9.367834188356525,-3.4228490320859883,0.9540665500578387,-0.2995947563972602,False,train
0.8180004244288648,1,0.0333058997631356,1.0,8.49731861403882e-05,1.0,2022-04-26,Cairo,0.0109811271393264,-9.37317480841294,-3.402020727624369,0.9111686353326631,-0.41203363695942635,False,train
1.2242279275541228,1,0.0338137734503356,1.0,7.545078826807673e-05,1.0,2022-05-03,Cairo,0.1899968148986651,-9.492029925249303,-3.3868870609675024,0.8550745085896932,-0.518505144391157,False,train
1.2005444366393203,1,0.0341412606381189,1.0,8.310450884650876e-05,1.0,2022-05-10,Cairo,0.0407889241320733,-9.395411599494057,-3.3772486367522045,0.7865965660866021,-0.6174672802835514,False,train
0.8444872179582368,1,0.03250243110732,1.0,9.099120620638318e-05,1.0,2022-05-17,Cairo,0.008658066253481,-9.304747691211587,-3.426440389141919,0.7067265555776159,-0.7074868024503348,False,train
0.9957445631383212,1,0.0329712981304283,1.0,0.0001043386336098,1.0,2022-05-24,Cairo,0.0056766913892428,-9.167868856010692,-3.412117849594182,0.6166212130956382,-0.7872599821916922,False,train
0.8431271900552008,1,0.0313951880098406,1.0,8.489154170102274e-05,1.0,2022-05-31,Cairo,0.0203325622489413,-9.374136096217539,-3.4611006459058666,0.5175855102531889,-0.8556314858488706,False,train
1.0997704812457934,1,0.0323697735794413,1.0,9.000701710502587e-05,1.0,2022-06-07,Cairo,0.0072474769469977,-9.315622922839722,-3.430530205833931,0.4110537546870351,-0.9116111071930239,False,train
0.6092199331112895,1,0.0334519658974064,1.0,7.878161900698555e-05,1.0,2022-06-14,Cairo,0.0277373743840496,-9.448830849642768,-3.3976447229119486,0.2985688173637202,-0.9543881083175908,False,train
0.8971585250216841,1,0.0325626391882433,1.0,8.142064211706873e-05,1.0,2022-06-21,Cairo,0.0065074210309958,-9.415881728442171,-3.424589684982691,0.18175978759137534,-0.9833429613388902,False,train
0.4649864618054689,1,0.0326820398479648,1.0,9.168816619438208e-05,1.0,2022-06-28,Cairo,0.0075017479362578,-9.29711723616374,-3.420929592089938,0.062318379354325076,-0.998056320853012,False,train
0.71556684920921,1,0.0317364474432268,1.0,8.059745333104177e-05,1.0,2022-07-05,Cairo,0.0142545692593051,-9.426043505339928,-3.450289496952595,-0.05802556932878035,-0.9983150972033183,False,train
0.9337537498838596,1,0.0303470435385958,1.0,6.872962076519955e-05,1.0,2022-07-12,Cairo,0.0169060484529255,-9.585330290593697,-3.4950561784588805,-0.17752914918703497,-0.984115542601034,False,train
0.7406139221147466,1,0.0326421194588219,1.0,8.096835520724635e-05,1.0,2022-07-19,Cairo,0.0144775062862589,-9.421452156079512,-3.422151816594197,-0.2944616217868012,-0.9556633054034704,False,train
0.6761540166989677,1,0.0332663416595673,1.0,9.311068558441744e-05,1.0,2022-07-26,Cairo,0.0274988068443268,-9.28172160492461,-3.4032091541330387,-0.4071294853542516,-0.9133704517637858,False,train
0.4841458035804474,1,0.0321866622924444,1.0,7.802248148523968e-05,1.0,2022-08-02,Cairo,0.0157499939452847,-9.45851354863355,-3.436203126762666,-0.5139010013093103,-0.8578494977869301,False,train
0.5109928809537905,1,0.0316914826346814,1.0,7.980522392219303e-05,1.0,2022-08-09,Cairo,0.0069980717720983,-9.435921592966976,-3.451707320804725,-0.6132298262997502,-0.7899045386224707,False,train
0.7131844922468353,1,0.031531206768043,1.0,8.114723519150302e-05,1.0,2022-08-16,Cairo,0.0085091781006966,-9.419245334929084,-3.4567775325120724,-0.7036774074790128,-0.7105196029692745,False,train
0.7619249635878148,1,0.0310503500080296,1.0,7.495816810626531e-05,1.0,2022-08-23,Cairo,0.0146445977888675,-9.498580358616275,-3.4721451982658733,-0.7839338166829201,-0.620844401650647,False,train
0.5255317071974224,1,0.030190501676346,1.0,6.92812536759342e-05,1.0,2022-08-30,Cairo,0.0570261385560012,-9.57733619808955,-3.500227918099501,-0.8528367217694595,-0.522177676659508,False,train
0.3386669044674439,1,0.030204742976774,1.0,7.463267985185863e-05,1.0,2022-09-06,Cairo,0.1833885994309192,-9.502932078958924,-3.499756314721661,-0.9093882203647925,-0.4159483918249421,False,train
0.3584645221606364,1,0.0297112722206423,1.0,9.303526538222406e-05,1.0,2022-09-13,Cairo,0.0258311301832925,-9.282531939029957,-3.5162287691305085,-0.9527692922168511,-0.30369503751065885,False,train
1.1000331434302817,1,0.0306483185974645,1.0,9.356785043710284e-05,1.0,2022-09-20,Cairo,0.0204604161531986,-9.276823711718968,-3.4851774762624457,-0.9823516608469237,-0.18704334906991657,False,train
0.98547091700882,1,0.028759630804294,1.0,8.38895142027905e-05,1.0,2022-09-27,Cairo,0.040497268708461,-9.386009932006251,-3.548782583336375,-0.9977068927101168,-0.06768276175455162,False,train
0.1118795308019144,1,0.0294748845785681,1.0,8.405701149203115e-05,1.0,2022-10-04,Cairo,0.0161147869776211,-9.384015281100769,-3.524216748475849,-0.9986126020839734,0.052658056924614005,False,train
0.4512732267117121,1,0.0278351446320967,1.0,8.290513877474325e-05,1.0,2022-10-11,Cairo,0.2369224815912853,-9.39781351011157,-3.5814558613085503,-0.9850556718215013,0.172236243027682,False,train
0.1076149748465684,1,0.0281910805700461,1.0,9.045137925283354e-05,1.0,2022-10-18,Cairo,0.9279956829319468,-9.310698097451686,-3.5687496429112207,-0.957232443323312,0.2893199776186952,False,train
0.1538922239577823,1,0.0285409872261506,1.0,0.0001017277116333,1.0,2022-10-25,Cairo,4.0338594467477575,-9.193210807923565,-3.5564140765663677,-0.9155458729775467,0.40221356823680365,False,train
0.1587239385482319,1,0.0295800344605524,1.0,0.0001189323667967,1.0,2022-11-01,Cairo,0.137137841900424,-9.036955572668912,-3.5206556567051517,-0.8605996962501181,0.5092820071573356,False,train
0.0170360514405809,1,0.0293808531588467,1.0,0.0001061529175077,1.0,2022-11-08,Cairo,0.4664501971119241,-9.150629885428694,-3.527412069895371,-0.7931896839451843,0.6089746507720486,False,train
0.15430578865776,1,0.0288321511524045,1.0,0.0001493327005889,1.0,2022-11-15,Cairo,0.0462441019161595,-8.809333851354276,-3.546264155047598,-0.7142921172691032,0.699847677146407,False,train
0.1020440229411241,1,0.0282696047616231,1.0,0.0001218227232824,1.0,2022-11-22,Cairo,0.2378479950780902,-9.012943657836177,-3.5659680882154356,-0.6250496486104377,0.7805849965070866,False,train
0.2297108299606409,1,0.0314786013457542,1.0,0.0001585172227714,1.0,2022-11-29,Cairo,0.0403965883933826,-8.749647309531824,-3.4584472863515425,-0.5267547528105542,0.8500173118187018,False,train
0.3314922773710131,1,0.0322219171582282,1.0,0.0002202537042817,1.0,2022-12-06,Cairo,0.0445683596634156,-8.420730474757292,-3.4351084008859165,-0.42083100859565564,0.9071390534005044,False,train
0.3308622755544105,1,0.0306054389229925,1.0,0.0001529328979557,1.0,2022-12-13,Cairo,0.0273004412680606,-8.785511308227123,-3.486577543236689,-0.30881248126625377,0.9511229423235357,False,train
-0.1285234333777835,1,0.0301111835672825,1.0,0.0001234991910385,1.0,2022-12-20,Cairo,4.345549775845688,-8.999275952213242,-3.502858629148036,-0.19232150523909483,0.9813319716704275,False,train
0.0582513141037907,1,0.0306466731797546,1.0,0.0001678334760368,1.0,2022-12-27,Cairo,0.0737403566232018,-8.692538284205211,-3.485231164750284,-0.07304518821104743,0.9973286321364752,False,train
-0.2987444553427874,1,0.0295112819830038,1.0,0.0001435587120898,1.0,2023-01-03,Cairo,4.520558751682762,-8.848766462958043,-3.522982648646115,0.051584366869408364,0.9986686402879997,False,train
0.0470543917856671,1,0.0314624993470031,1.0,0.0001475470326381,1.0,2023-01-10,Cairo,0.8442439069508595,-8.821363567668097,-3.4589589392754716,0.17117705961019986,0.985240282501282,False,train
0.1304657668035986,1,0.0320394553971646,1.0,0.0001978707132544,1.0,2023-01-17,Cairo,0.0073248708362374,-8.527896703904776,-3.440787154518056,0.2882906407095177,0.9575429528116719,False,train
0.3605232994141394,1,0.0319816054386955,0.9930795847750864,0.0001144911426708,1.0,2023-01-24,Cairo,0.0178043002380316,-9.075013094549055,-3.442594371501305,0.4012289854475009,0.9159777842484877,False,train
0.2840655978678255,1,0.0327547599174955,1.0,8.40630393927437e-05,1.0,2023-01-31,Cairo,0.3191857460241266,-9.383943571620748,-3.418706986469626,0.5083564379375122,0.8611467540480452,False,train
-0.0901894398558339,1,0.0336320437889,1.0,0.0001248819998791,1.0,2023-02-07,Cairo,2.894059176814389,-8.988141267478696,-3.3922759822873734,0.6081214998935418,0.7938439653781019,False,train
-0.3385592015771263,1,0.0320087262865625,1.0,0.0001087268900939,1.0,2023-02-14,Cairo,2.9169874517139927,-9.126671415461521,-3.4417467169022524,0.6990793005655562,0.7150441465537444,False,train
0.2308029975010143,1,0.0309257005669639,1.0,0.0001378953373981,1.0,2023-02-21,Cairo,0.0988472293252596,-8.889015585207995,-3.4761677072184183,0.7799125224167177,0.6258885343075018,False,train
0.918695028751188,1,0.0328339981350624,1.0,0.0001291974953516,1.0,2023-02-28,Cairo,0.0077785108410853,-8.95416835262721,-3.416290771908789,0.8494504794814806,0.527668345562516,False,train
0.6994070188576483,1,0.0327530197296094,1.0,0.0001255885514741,1.0,2023-03-07,Cairo,0.31147054346877,-8.982499458768569,-3.418760115667284,0.9066860720977985,0.4218060770826634,False,train
-0.1312061739814936,1,0.0311604139238798,1.0,6.408830538574141e-05,1.0,2023-03-14,Cairo,1.6215795255342935,-9.655248653962614,-3.468606774246259,0.9507903724625832,0.3098349038318025,False,train
0.3603323305473113,1,0.0326322992294382,1.0,0.0001264334336261,1.0,2023-03-21,Cairo,2.133122790206086,-8.975794604691602,-3.422452707192846,0.981124629771712,0.19337647441020586,False,train
0.3365291568093835,1,0.0349570651932969,1.0,0.0001102145036246,1.0,2023-03-28,Cairo,0.0063564786634417,-9.113082058067063,-3.3536346792787533,0.9972495210773451,0.07411742515094437,False,train
1.2155721112267466,1,0.0341950467955111,1.0,9.975970074369636e-05,1.0,2023-04-04,Cairo,0.156903510591411,-9.212746256359459,-3.375674475943144,0.9989315138848577,-0.046215046983708354,False,train
0.2903747560135018,1,0.0332382374985497,1.0,9.35652637228629e-05,1.0,2023-04-11,Cairo,1.4715111951028124,-9.276851357432575,-3.404054333910021,0.986146248341595,-0.16587819893463143,False,train
0.6375324713397148,1,0.032844467785886,1.0,6.819280330931482e-05,1.0,2023-04-18,Cairo,0.1718140987297745,-9.593171522006665,-3.415971956578209,0.9590788900341131,-0.28313898122818354,False,train
0.6111033196026077,1,0.03406010127422,1.0,8.641878898581612e-05,1.0,2023-04-25,Cairo,0.0337612568926805,-9.356305440682762,-3.3796286303456737,0.9181214482844365,-0.39629913726891813,False,train
0.6345640863036661,1,0.0332310355884593,1.0,7.108646504520691e-05,1.0,2023-05-02,Cairo,0.0248231965600261,-9.551613604323121,-3.4042710328382353,0.8638670987837349,-0.503719798736334,False,train
0.7033940026833079,1,0.0341690503119362,1.0,0.0001001595788175,1.0,2023-05-09,Cairo,0.055048765533747,-9.208745855718172,-3.3764350062778634,0.7971015927871943,-0.6038452208771035,False,train
0.985192662400481,1,0.0344992619145434,1.0,8.403691965861305e-05,1.0,2023-05-16,Cairo,0.0633289699378646,-9.384254335936077,-3.3668173489550237,0.7187918772884232,-0.6952253139408723,False,train
0.7576172750740976,1,0.0340353909277192,1.0,0.0001020583398102,1.0,2023-05-23,Cairo,0.0851551425683214,-9.189965949262636,-3.3803543860979675,0.6300720909843687,-0.7765366444428655,False,train
1.0783058160775805,1,0.0327509996157329,1.0,7.394240846214402e-05,1.0,2023-05-30,Cairo,0.4298983161111427,-9.512224031789854,-3.4188217947488835,0.5322271388474397,-0.8466016020976267,False,train
1.067264642385075,1,0.0320888711737657,1.0,9.037177786689016e-05,1.0,2023-06-06,Cairo,0.3834608237747,-9.31157853104607,-3.439246001363926,0.42667408318992467,-0.9044054548343001,False,train
0.9510268630886788,1,0.0343930267692875,1.0,7.827796906684705e-05,1.0,2023-06-13,Cairo,0.1425808481225192,-9.45524436024349,-3.369901445346404,0.31494162072895193,-0.9491110448902284,False,train
0.5872205902566844,1,0.0353849028860554,1.0,8.344874525652033e-05,1.0,2023-06-20,Cairo,0.0532974672069815,-9.391277943841006,-3.341470021952845,0.19864794288017112,-0.9800709131432666,False,train
0.6855173946725209,1,0.0358559679305021,1.0,5.862867020129422e-05,1.0,2023-06-27,Cairo,0.013075656117255,-9.744286728444516,-3.32824525632094,0.07947729992362097,-0.9968366760893436,False,train
0.5106270221540125,1,0.0355400556332639,1.0,6.990693445785669e-05,1.0,2023-07-04,Cairo,0.0131399458063991,-9.568345708239365,-3.33709489088646,-0.04084439154329611,-0.9991655196610109,False,train
0.7555677204127895,1,0.0347678972713268,1.0,7.96643330960145e-05,1.0,2023-07-11,Cairo,0.0121644820399096,-9.43768858681171,-3.359060810162753,-0.16057454459499376,-0.9870237158387383,False,train
0.6146413542150431,1,0.0338019655384248,1.0,8.992039746960444e-05,1.0,2023-07-18,Cairo,0.0139447764609585,-9.316585751570607,-3.387236326159525,-0.2779791393987801,-0.9605871111248129,False,train
0.7113761490772336,1,0.038299331050644,1.0,8.70048038081064e-05,1.0,2023-07-25,Cairo,0.0057948764397973,-9.349547224648918,-3.2623228489886964,-0.3913578365610259,-0.9202385798054075,False,train
0.7147783029196183,1,0.0359321884755278,1.0,0.0001023417478075,1.0,2023-08-01,Cairo,0.007265555304059,-9.187192876293649,-3.3261217702897428,-0.4990686026885319,-0.8665624788845385,False,train
0.5380968946469997,1,0.0336558854970209,1.0,7.234021842404886e-05,1.0,2023-08-08,Cairo,0.1059319472259547,-9.534130312035856,-3.3915673348562025,-0.5995514915196489,-0.8003361849976323,False,train
0.4764265155209596,1,0.0327552962400544,1.0,7.015876563316696e-05,1.0,2023-08-15,Cairo,0.1317276306643726,-9.564749803653077,-3.418690612722132,-0.6913512362094071,-0.722518835873311,False,train
0.6281827316995141,1,0.033911377237059,1.0,7.954362789149263e-05,1.0,2023-08-22,Cairo,0.0179898812503172,-9.439204908318505,-3.384004709188091,-0.7731383255706027,-0.6342374393978054,False,train
0.7256493339008182,1,0.0350707716318759,1.0,7.637221927186947e-05,1.0,2023-08-29,Cairo,0.0627644380832566,-9.479891550014294,-3.3503872124523184,-0.8437282590292712,-0.5367705514607103,False,train
1.033918717089917,1,0.0352817655456096,1.0,9.290243286268752e-05,1.0,2023-09-05,Cairo,0.0064343200847361,-9.283960724514426,-3.3443890052859,-0.9020987014301837,-0.4315297589714715,False,train
0.6558050730907521,1,0.0338352814168964,1.0,8.619319810253802e-05,1.0,2023-09-12,Cairo,0.4865017329393406,-9.358919291731278,-3.3862511920014775,-0.9474042892438845,-0.32003923622313857,False,train
0.4610772908590595,1,0.0338697709406335,1.0,8.428700854750102e-05,1.0,2023-09-19,Cairo,0.0172858806890052,-9.381282814589403,-3.385232375073657,-0.9789888737409319,-0.20391367068311472,False,train
0.2756838244362912,1,0.0319430813873697,1.0,8.063862708424104e-05,1.0,2023-09-26,Cairo,0.1023416495660675,-9.425532779031174,-3.4437996666040998,-0.9963950238187231,-0.08483487790576538,False,train
0.1324485495608319,1,0.0317994749218869,0.9965397923875432,7.40221720449583e-05,1.0,2023-10-03,Cairo,0.5840415382836799,-9.511145887408714,-3.4483055012226775,-0.9993706508539969,0.03547255575312556,False,train
0.1939546283133171,1,0.0337903801171953,1.0,8.777990286104709e-05,1.0,2023-10-10,Cairo,0.0294079965495257,-9.340677980323083,-3.387579128920121,-0.9878726596350429,0.15526624985999563,False,train
0.2544670456517399,1,0.0321440468571259,1.0,0.0001039545961397,1.0,2023-10-17,Cairo,0.0140860027909177,-9.171556329729574,-3.437528013185201,-0.9620675724981452,0.27281126433401914,False,train
0.3281046845066019,1,0.03333123713821,1.0,0.0001086429218164,1.0,2023-10-24,Cairo,0.1556855458677003,-9.127444000034684,-3.4012602694932537,-0.9223291176290545,0.3864052261209853,False,train
0.467469491963971,1,0.0312193814593524,1.0,0.0001120280147155,1.0,2023-10-31,Cairo,0.5583053918029456,-9.096761586558427,-3.4667161764116687,-0.8692328164574792,0.4944029842076182,False,train
0.1391321314574458,1,0.0307921160754306,1.0,0.0001175711688101,1.0,2023-11-07,Cairo,3.0044586895995993,-9.048466715736573,-3.4804965933458525,-0.8035476485339116,0.5952404359043674,False,train
-0.0367640458406012,1,0.0316909950688335,1.0,0.0001049300852705,1.0,2023-11-14,Cairo,0.7212512070644768,-9.162216284153024,-3.451722705682867,-0.7262249146041543,0.6874571793269664,False,train
0.3516230281152251,1,0.0352493973749725,1.0,0.000166123535382,1.0,2023-11-21,Cairo,0.0065908653898762,-8.702778857330904,-3.3453068456154544,-0.6383844591746642,0.769717664006921,False,train
0.0767551590902749,1,0.0329440327789829,1.0,0.0001239485705398,1.0,2023-11-28,Cairo,0.0607606747202163,-8.995643832104637,-3.412945133706217,-0.5412984521036173,0.8408305333122887,False,train
0.0147047396183187,1,0.0340874820160486,0.9930795847750864,0.0001365377248353,1.0,2023-12-05,Cairo,0.0584165951854408,-8.8989096091033,-3.3788250583925685,-0.4363729641045924,0.8997658785476209,False,train
0.2135669023595462,1,0.0335836102799851,1.0,0.0001664547793525,1.0,2023-12-12,Cairo,0.3979552538600845,-8.700786880912988,-3.3937171203070324,-0.3251276029999093,0.9456701548465688,False,train
-0.1486549069029497,1,0.0333625445795711,1.0,8.870744624584169e-05,1.0,2023-12-19,Cairo,0.0972887388290737,-9.330166723515617,-3.400321428034445,-0.20917350564635637,0.9778785428342386,False,train
-0.26712485033885,1,0.0333982728638768,1.0,9.869439328751708e-05,1.0,2023-12-26,Cairo,2.231828272010306,-9.223482418735935,-3.399251090998896,-0.09019000427034513,0.9959245770286599,False,train
0.2159149178279366,1,0.0335912866749005,1.0,0.0001595653544472,1.0,2024-01-02,Cairo,0.0660359701100141,-8.74305697391177,-3.3934885707953306,0.03439806061360801,0.9994082116062598,False,train
0.2287369403927459,1,0.0344836443116817,1.0,0.0001062335379643,1.0,2024-01-09,Cairo,0.3537636560722427,-9.149870698970282,-3.3672701452775597,0.1542040475626894,0.988039023376751,False,train
0.3248151154698157,1,0.0346157635145052,1.0,0.0001885464795543,1.0,2024-01-16,Cairo,0.01275213092727,-8.576166005586165,-3.3634461077646205,0.2717767384711357,0.9623603298276545,False,train
-0.2411509161751659,1,0.0330661206655094,1.0,8.170775659691139e-05,0.9930795847750864,2024-01-23,Cairo,1.9829432981209896,-9.412361620618157,-3.4092460656275185,0.38541335945432564,0.9227440286201427,False,train
-0.0507805420212049,1,0.0353172740554668,1.0,8.240225969590447e-05,1.0,2024-01-30,Cairo,1.1832430908417015,-9.403897697930878,-3.343383084722334,0.49346814167723735,0.8697638720650646,False,train
-0.1066571909623116,1,0.0342445451541347,1.0,0.0001632592499002,1.0,2024-02-06,Cairo,0.0070707302273688,-8.720171130462216,-3.3742279925307206,0.5943761565849831,0.804187157621448,False,train
-0.2081179194298895,1,0.0331921929293264,1.0,6.789913314476417e-05,1.0,2024-02-13,Cairo,1.505658288195405,-9.597487290126711,-3.4054405834435655,0.6866759803451553,0.726963615332308,False,train
0.1228819120896256,1,0.0342197155233643,1.0,0.0001303687479461,1.0,2024-02-20,Cairo,0.2203087860439434,-8.945143600185515,-3.3749533237214258,0.7690308592589181,0.6392116531380588,False,train
0.3203120179914055,1,0.0347030546521974,1.0,0.0001289689149816,1.0,2024-02-27,Cairo,0.054687804686489,-8.955939151775212,-3.3609275655810733,0.8402480696078469,0.5422021592729844,False,train
0.4226891244163445,1,0.0354305034341791,1.0,0.0001021642153769,1.0,2024-03-05,Cairo,0.0047508621831718,-9.188929084592242,-3.340182150942961,0.8992961915530253,0.4373400963303323,False,train
0.2716205932390736,1,0.0354143703255896,1.0,0.0001307215949475,1.0,2024-03-12,Cairo,2.1859833135558846,-8.942440725676251,-3.3406375998134914,0.945320046913132,0.3261441535642696,False,train
0.1500214271934723,1,0.0345280265905905,1.0,8.497000919550404e-05,1.0,2024-03-19,Cairo,0.683629658173292,-9.373212196728234,-3.365983919789978,0.9776530844816641,0.2102247521189836,False,train
0.8021506634360895,1,0.0350387821979962,1.0,0.0001211478003532,1.0,2024-03-26,Cairo,0.204419874522058,-9.01849926725782,-3.3512997681412986,0.9958270335100595,0.09126072172931188,False,train
0.4670150809751619,1,0.0363170160068665,1.0,7.952413634075804e-05,1.0,2024-04-02,Cairo,0.2340805665188153,-9.439449980611139,-3.3154688870254834,0.9995786855478958,-0.029025013321975237,False,train
0.2730646615499557,1,0.0369669025952557,1.0,6.012412107059336e-05,1.0,2024-04-09,Cairo,0.8713827946406273,-9.719099448013708,-3.297732291116211,0.9888537064205885,-0.1488903868564548,False,train
1.030172409574791,1,0.0354215543545984,1.0,9.353814012576312e-05,1.0,2024-04-16,Cairo,0.1655233758147465,-9.277141289061095,-3.340434764061269,0.9638074231367307,-0.26659942067929354,False,train
1.2089946793974105,1,0.0352470269952092,1.0,9.252509124268965e-05,1.0,2024-04-23,Cairo,0.0329938337098997,-9.28803069355161,-3.3453740938421657,0.9248025743285089,-0.38044736628785164,False,train
0.7133337671887675,1,0.036622164958229,1.0,8.55618347440095e-05,1.0,2024-04-30,Cairo,0.0565773849199713,-9.366271230034107,-3.3071016219248537,0.8724040568049612,-0.48878539428899265,False,train
0.7998267340556808,1,0.0365691849817624,1.0,0.0001204525607683,1.0,2024-05-07,Cairo,0.0092902349682287,-9.024254569118591,-3.3085493335946974,0.8073707443023492,-0.5900444739548627,False,train
1.1189262460974976,1,0.0376743092480994,1.0,0.0001009520681679,1.0,2024-05-14,Cairo,0.0835027825216017,-9.200864726363278,-3.2787768691273875,0.7306444969184916,-0.6827580970759147,False,train
1.2346446344380309,1,0.0373323826420713,1.0,0.0001049495888599,1.0,2024-05-21,Cairo,0.0051476701123931,-9.162030429190775,-3.287894161623908,0.6433365204044917,-0.765583517007675,False,train
0.8034979364033639,1,0.0345750371931633,1.0,9.212611708345704e-05,1.0,2024-05-28,Cairo,0.0043073375320363,-9.292352081791986,-3.3646233257077203,0.5467112728685939,-0.8373211953118121,False,train
0.8186967888569461,1,0.0349739008441573,1.0,9.252564925222577e-05,1.0,2024-06-04,Cairo,0.002618651784688,-9.28802466267019,-3.353153185824862,0.44216815196707204,-0.8969321743510065,False,train
1.1726470761172283,1,0.0322490534005846,1.0,7.14713533576047e-05,1.0,2024-06-11,Cairo,0.0102823196173351,-9.546213840888099,-3.434266588090989,0.3312212278016865,-0.9435531242349544,False,train
0.7278528921127193,1,0.0333863433204904,1.0,7.588739336619818e-05,1.0,2024-06-18,Cairo,0.007943008416272,-9.48625998266505,-3.3996083452348222,0.21547731504673012,-0.976508846196619,False,train
0.646419728120575,1,0.0350371084138514,1.0,8.21599896774553e-05,1.0,2024-06-25,Cairo,0.0333888541336846,-9.40684211798352,-3.3513475387548577,0.0966127018812031,-0.9953220513156602,False,train
0.6438740754816401,1,0.0354310444213695,1.0,9.136498548522504e-05,1.0,2024-07-02,Cairo,0.0122448613495506,-9.30064824387354,-3.340166882092455,-0.023651127245231586,-0.9997202729664083,False,train
0.5137838337274475,1,0.0347884961261634,1.0,8.497204833280132e-05,1.0,2024-07-09,Cairo,0.0065218988927588,-9.373188198698234,-3.358468517939633,-0.1435724234118113,-0.9896398128792412,False,train
0.4652956803170294,1,0.0353462100348212,1.0,0.000102221774861,1.0,2024-07-16,Cairo,0.0085736959593835,-9.188365841626766,-3.342564104980696,-0.2614143985111562,-0.965226663665613,False,train
0.4570787810133826,1,0.038707603728677,1.0,8.17943447249856e-05,1.0,2024-07-23,Cairo,0.0237688971831541,-9.411302452136908,-3.2517192194686446,-0.3754703786876202,-0.9268343944460494,False,train
0.473478929684934,1,0.0378563751334405,1.0,8.898426377682045e-05,1.0,2024-07-30,Cairo,0.0123649972242128,-9.32705101536153,-3.2739558817508843,-0.48408852163897587,-0.8750190302029955,False,train
0.4022917648770051,1,0.0380695239468148,1.0,9.067617443829672e-05,1.0,2024-08-06,Cairo,0.003719905613186,-9.308215920706077,-3.2683412133463774,-0.5856957398073508,-0.8105309990194823,False,train
0.4586895665150308,1,0.0388174382979443,1.0,8.129723524952054e-05,1.0,2024-08-13,Cairo,0.014284061652147,-9.417398548759717,-3.2488856926524474,-0.6788204829862357,-0.734304263829602,False,train
0.5061561621128623,1,0.0379329673715666,1.0,8.208309001934494e-05,1.0,2024-08-20,Cairo,0.0109179537438895,-9.407778530815909,-3.2719346935027978,-0.7621140503891487,-0.6474427960827475,False,train
0.333811834316416,1,0.0392236065960651,1.0,8.731393790746326e-05,1.0,2024-08-27,Cairo,0.0218208358649655,-9.346000452564866,-3.2384765043575516,-0.8343701235229537,-0.5512045872199277,False,train
0.2284673255303972,1,0.0363944757278222,1.0,8.00665548559779e-05,1.0,2024-09-03,Cairo,0.0052228964510823,-9.43265233345736,-3.3133382815761943,-0.8945422369764496,-0.4469834295196742,False,train
0.738713756363136,1,0.0368895564679614,1.0,9.863592095697504e-05,1.0,2024-09-10,Cairo,0.0140332799077835,-9.224075052791957,-3.299826790542567,-0.9417589340994617,-0.33628873017668287,False,train
0.5233313094903624,1,0.0349054604259874,1.0,9.029744553358596e-05,1.0,2024-09-17,Cairo,0.0082133657535936,-9.312401386606073,-3.3551120028148724,-0.9753363880767837,-0.2207236509605022,False,train
0.5003428109606937,1,0.0350157045507838,1.0,8.330899207386227e-05,1.0,2024-09-24,Cairo,0.0084432727157106,-9.392954066551876,-3.351958616678151,-0.994788305609327,-0.10196189005174576,False,train
0.3934494195319623,1,0.0343607704475498,1.0,9.015742812320517e-05,1.0,2024-10-01,Cairo,0.0051514863433455,-9.3139532143361,-3.370839759313343,-0.999832969770105,0.018276557681691223,False,train
0.5785854796911678,1,0.0327132778765431,1.0,0.0001065687189583,1.0,2024-10-08,Cairo,0.0587892127524979,-9.146720532463318,-3.4199742322250057,-0.9903973200352558,0.13825031091098192,False,train
0.329492353857781,1,0.0338750966868286,1.0,9.566064533550808e-05,1.0,2024-10-15,Cairo,0.0084747594539548,-9.254703573597432,-3.385075145562623,-0.9666180104000972,0.2562218218071163,False,train
0.6177981754711589,1,0.0341577064883714,1.0,8.871902239789557e-05,1.0,2024-10-22,Cairo,0.0042914690325801,-9.33003623394257,-3.376767052585935,-0.9288394302558068,0.3704825404820963,False,train
0.0128317223129145,1,0.0325756381548244,1.0,0.0001200839919134,1.0,2024-10-29,Cairo,0.4994638744492269,-9.027319127409152,-3.424190565838499,-0.8776087166898392,0.4793776594606945,False,train
-0.2257670548770722,1,0.0323217580300058,1.0,0.0001046097006894,1.0,2024-11-05,Cairo,0.157116592846108,-9.165274269817171,-3.4320146523158153,-0.8136678304455991,0.5813300798152042,False,train
0.3104934542981524,1,0.0332456976856245,1.0,9.199346538745032e-05,1.0,2024-11-12,Cairo,0.0940093668568168,-9.293793011835149,-3.403829913165808,-0.7379428103031386,0.6748632518680403,False,train
0.1291698041686725,1,0.033181865295688,1.0,0.0001260527706977,1.0,2024-11-19,Cairo,0.4504045259720192,-8.978809923630234,-3.405751778328975,-0.6515303615068021,0.75862255966641,False,train
0.0263541957292514,1,0.033572857093247,1.0,0.0001375958020006,1.0,2024-11-26,Cairo,0.0272312654431666,-8.891190141647002,-3.3940373630848497,-0.5556819724760489,0.8313949395234058,False,train
0.0232706892836447,1,0.0351683437688097,1.0,0.0001910384474688,1.0,2024-12-03,Cairo,0.0942111225011839,-8.563035854526728,-3.34760892576293,-0.451785789832884,0.8921264484954345,False,train
-0.1399761860452183,1,0.0344098378097631,1.0,0.0001261492595127,1.0,2024-12-10,Cairo,0.0673588470426072,-8.978044752789797,-3.369412772646132,-0.34134651424503615,0.9399375283564133,False,train
-0.0045781632042792,1,0.033734995113274,1.0,0.000133128282714,1.0,2024-12-17,Cairo,0.4499450155109571,-8.924197362920102,-3.3892195497590207,-0.22596360824801906,0.974135744004672,False,train
0.2919032278525049,1,0.033911539149357,1.0,8.904446665916722e-05,1.0,2024-12-24,Cairo,0.0494280248746773,-9.326374687619438,-3.383999934627909,-0.10730813165636247,0.9942258118156161,False,train
0.1044077823097367,1,0.0367805623645334,1.0,0.0001325433955151,1.0,2024-12-31,Cairo,0.5799394935924184,-8.928600452837268,-3.302785769968165,0.012901459949419653,0.9999167727021953,False,train
-0.0540594853880725,1,0.0343925953402905,1.0,0.0001907822582072,1.0,2025-01-07,Cairo,0.1135839716542644,-8.564377789609015,-3.3699139895085053,0.1201261651823505,0.9927586335250793,False,train
0.0352407812686549,1,0.034469296621144,0.9273356401384084,0.0002075958083404,1.0,2025-01-14,Cairo,0.0267155952859759,-8.479917597914918,-3.3676863041984313,0.23851257519407648,0.9711394088771653,False,train
-0.2203142440606418,1,0.0338367063915609,1.0,0.0001612926042967,1.0,2025-01-21,Cairo,0.7527135682807644,-8.732290424493705,-3.386209077835458,0.3534446712740877,0.9354554315134164,False,train
-0.1728985217958626,1,0.0344159101180013,1.0,0.0001369962164329,1.0,2025-01-28,Cairo,0.0395973638865318,-8.895557249795615,-3.3692363180942593,0.4632579225674917,0.88622350294858,False,train
-0.2398650289330669,1,0.0345032183951527,1.0,0.0001357889106476,0.9896193771626296,2025-02-04,Cairo,0.5139893639410896,-8.90440900561729,-3.366702672479747,0.5663619330814524,0.8241566360566663,False,train
0.0590806473611157,1,0.0341332052376845,1.0,0.0001426650337572,1.0,2025-02-11,Cairo,0.0397997552375677,-8.855011096743192,-3.377484607854093,0.6612634749656386,0.7501537286959042,False,train
-0.173134577723136,1,0.0349302492311845,1.0,0.0001435970550932,0.9965397923875432,2025-02-18,Cairo,0.2627166214855368,-8.848499409267957,-3.354402085027543,0.746588114532413,0.6652865452111116,False,train
-0.0131268850981681,1,0.034338003127622,1.0,0.0001061508703148,1.0,2025-02-25,Cairo,0.0392826880191018,-9.150649170933876,-3.371502575243715,0.8211001178128892,0.5707841943569036,False,train
0.1214155400714374,1,0.0346972145916878,1.0,0.000125507530025,1.0,2025-03-04,Cairo,2.7603669792150742,-8.983144800993172,-3.3610958663841397,0.8837203473619977,0.4680153284438345,False,train
0.3470403567498145,1,0.0348949218244981,1.0,0.0001413208895046,1.0,2025-03-11,Cairo,0.0106106433592497,-8.864477441234717,-3.3554139668222205,0.9335418911179212,0.35846832151248087,False,train
0.0655374519410339,1,0.0340739895661808,1.0,0.0001005516992217,1.0,2025-03-18,Cairo,0.3242897450368346,-9.204838542617395,-3.3792209550694103,0.969843196967294,0.24372971360968387,False,train
0.7672854770905652,1,0.0346074916934354,1.0,9.121390330157716e-05,1.0,2025-03-25,Cairo,0.0079975869438529,-9.302303224020871,-3.3636850974245065,0.992098522791769,0.12546123335273648,False,train
0.7538354592648997,1,0.0352261319156126,1.0,7.939918829257647e-05,1.0,2025-04-01,Cairo,0.0916095975640469,-9.44102241277885,-3.345967087842487,0.9999855506507186,0.005375731557583884,False,train
0.2636569577808359,1,0.0350191134692222,1.0,8.225427808225998e-05,1.0,2025-04-08,Cairo,0.6784826624346422,-9.405695156513254,-3.3518612674299493,0.9933900548258936,-0.11478762552212701,False,train
1.0305164162409537,1,0.0346613200586331,1.0,9.14776347380152e-05,1.0,2025-04-15,Cairo,0.0108563102218523,-9.299416044653189,-3.3621309094812926,0.9724075561219968,-0.23328854407545518,False,train
0.6047771200263045,1,0.035188272969646,1.0,8.443324911072807e-05,1.0,2025-04-22,Cairo,0.011565575560534,-9.379549287129459,-3.347042406157719,0.9373419384643772,-0.3484108069446808,False,train
0.5863250802176337,1,0.0332301178533555,1.0,9.198573358569472e-05,1.0,2025-04-29,Cairo,1.377234083292138,-9.293877062660496,-3.4042986500268135,0.8887010478292915,-0.45848712914008766,False,train
0.6981901695346118,1,0.0327039389536644,1.0,9.768576995749082e-05,1.0,2025-05-06,Cairo,0.0069323322777386,-9.233754659907506,-3.4202597510347217,0.8271893372462497,-0.5619233046832195,False,train
1.420705053855823,1,0.0328232505937047,1.0,0.0001035019932585,1.0,2025-05-13,Cairo,0.062581139510073,-9.175919686908061,-3.4166181551501453,0.753697664392914,-0.6572212950663319,False,train
1.0456909674974877,1,0.0330176378743296,1.0,9.499917079349124e-05,1.0,2025-05-20,Cairo,0.0050476046657614,-9.261642394891393,-3.4107133792594824,0.6692903895412567,-0.7430009249440493,False,train
0.3941842310999733,1,0.032668412898552,1.0,8.091708502336197e-05,1.0,2025-05-27,Cairo,0.1478724155373253,-9.422085569257689,-3.421346634330278,0.5751899607119775,-0.8180198708443175,False,train
0.6805682081076554,1,0.0348111981086022,1.0,6.356317097021241e-05,1.0,2025-06-03,Cairo,0.0126218646464508,-9.663476328141005,-3.3578161592333626,0.47275920928627757,-0.881191653407483,False,train
0.6447416865186211,1,0.0338130956520966,1.0,8.354032654730065e-05,1.0,2025-06-10,Cairo,0.0111167694605859,-9.390181090029284,-3.386907106202422,0.36348161248290634,-0.9316013725767187,False,train
0.544475548624854,1,0.0364841331982855,1.0,8.824151442523456e-05,1.0,2025-06-17,Cairo,0.0086242107717379,-9.335433020595648,-3.3108778198024127,0.24893980855376657,-0.9685189578512204,False,train
0.5481919553568315,1,0.0357770283691849,1.0,8.854308497846445e-05,1.0,2025-06-24,Cairo,0.0042638809572186,-9.332021288501695,-3.3304492571962294,0.13079267585675922,-0.9914097417023038,False,train
0.4916017846759991,1,0.0342662415942162,1.0,9.000209449651212e-05,1.0,2025-07-01,Cairo,0.0311497925186783,-9.315677615721334,-3.3735946195441713,0.01075130776352193,-0.9999422030204416,False,train
0.3744115801287318,1,0.0342671084831513,1.0,9.545947497390071e-05,1.0,2025-07-08,Cairo,0.0326602601521344,-9.256808746360786,-3.373569321235124,-0.10944576864891556,-0.993992768446958,False,val
0.5729832832677875,1,0.0344248237515924,1.0,9.260421067120094e-05,1.0,2025-07-15,Cairo,0.0090468516312005,-9.2871759457347,-3.3689773541599757,-0.2280577712215198,-0.9736476020539838,False,val
0.5382189318164361,1,0.0378037003303091,1.0,0.0001041455159585,1.0,2025-07-22,Cairo,0.0069463276764142,-9.16972144487112,-3.2753482888115175,-0.34336687399638804,-0.939201357453208,False,val
0.3515259816140312,1,0.033564719723021,1.0,7.394547450890023e-05,1.0,2025-07-29,Cairo,0.0090430270699452,-9.512182567314264,-3.394279771901245,-0.45370308603134424,-0.8911529104063088,False,val
0.5285212960029052,1,0.0339033735249163,1.0,8.575368481217991e-05,1.0,2025-08-05,Cairo,0.0677493075058268,-9.364031501270865,-3.3842407555375926,-0.5574684374327892,-0.8301981337405212,False,val
0.8056394930457282,1,0.0354749825427488,1.0,6.68237539122748e-05,1.0,2025-08-12,Cairo,0.0073798945172545,-9.613451943142334,-3.338927548036256,-0.65316012232693,-0.7572198192083127,False,val
0.4862825738619735,1,0.0383817263383907,1.0,9.284654806728906e-05,1.0,2025-08-19,Cairo,0.0112760043723923,-9.284562448376434,-3.2601738092580708,-0.7393922635959241,-0.673274892250183,False,val
0.5395528377987867,1,0.0350970763645257,1.0,8.58852762905142e-05,1.0,2025-08-26,Cairo,0.0081589325738655,-9.362498148898284,-3.34963744643745,-0.8149159841660791,-0.5795791048257612,False,val
0.4106892393562029,1,0.0321455742757216,1.0,7.630516768231775e-05,1.0,2025-09-02,Cairo,0.0916172660756845,-9.48076989349659,-3.4374804963832952,-0.8786374941610001,-0.4774894280028391,False,val
0.3808402892616843,1,0.0315819917827161,1.0,7.9333747692677e-05,1.0,2025-09-09,Cairo,0.0167604347862712,-9.441846949957611,-3.455168201126558,-0.9296339319682695,-0.3684843993077793,False,val
0.2109892850941412,1,0.0320089245693963,1.0,7.824088269251192e-05,1.0,2025-09-16,Cairo,0.0199449792093213,-9.455718250444093,-3.4417405222721418,-0.9671667297977312,-0.2541427094613622,False,val
0.3103165516999873,1,0.0321536292538819,1.0,8.389152510229997e-05,1.0,2025-09-23,Cairo,0.0094866596715331,-9.385985961484696,-3.437229949634338,-0.9906923101615609,-0.13612033862266704,False,val
0.5595130163861358,1,0.0329807544513413,1.0,8.954753028601099e-05,1.0,2025-09-30,Cairo,0.0304049707192854,-9.320741009000221,-3.4118310860862207,-0.9998699583618592,-0.016126573270657762,False,val
0.1920845983686798,1,0.0322877232421457,1.0,9.537362499010932e-05,1.0,2025-10-07,Cairo,0.0057908526103517,-9.257708485343166,-3.4330682063867695,-0.9945667569706337,0.1041007489354256,False,val
0.3539345459096439,1,0.0303561315643094,1.0,8.537836522506044e-05,1.0,2025-10-14,Cairo,0.006018578648792,-9.368417823865546,-3.4947567534035655,-0.9748595108374125,0.22282040779479959,False,val
0.3985672592014362,1,0.0295953905311997,1.0,0.0001080186653761,1.0,2025-10-21,Cairo,0.0098983197280066,-9.133206518216534,-3.5201366550758726,-0.9410336347451197,0.3383130181923075,False,val
-0.1535860054358865,1,0.028462658835945,1.0,0.0001121703067837,1.0,2025-10-28,Cairo,0.716136235957595,-9.095492245322026,-3.5591622670739897,-0.8935790198239952,0.4489059314938798,False,val
0.3054819765218193,1,0.0307857359393903,1.0,0.0001279257856134,1.0,2025-11-04,Cairo,0.144452811042988,-8.964060262088926,-3.480703815126229,-0.8331829385891785,0.5529974600700271,False,val
-0.1938425439203438,1,0.0296125837111455,1.0,0.0001140162016536,1.0,2025-11-11,Cairo,0.3771410975702237,-9.079169999899415,-3.519555882615775,-0.7607200913564104,0.6490800741100398,False,val
0.3336423358523763,1,0.0307656779339449,1.0,0.0001809993913733,1.0,2025-11-18,Cairo,0.223383683317068,-8.617016889282555,-3.481355563149327,-0.6772399381909491,0.7357622347736525,False,val
0.2065430421788602,1,0.0293383981676594,1.0,0.0001534641903278,1.0,2025-11-25,Cairo,0.006175663604486,-8.782043305919622,-3.528858103270322,-0.5839514998576998,0.8117885474764613,False,val
0.4229215164180803,1,0.0292752559543537,1.0,0.0001088954878828,1.0,2025-12-02,Cairo,0.3018271650522108,-9.125121962466858,-3.5310126264331196,-0.4822058478963526,0.8760579434344281,False,val
-0.2717332475564752,1,0.0299511249209361,1.0,0.0001268408943686,1.0,2025-12-09,Cairo,1.0143594359684982,-8.9725770571632,-3.508188395161559,-0.37347653741307074,0.9276396261490467,False,val
0.3686809834666834,1,0.0306174567962973,1.0,0.0001410998347851,1.0,2025-12-16,Cairo,0.1255292267682905,-8.86604287001264,-3.486184949148547,-0.2593382659754056,0.9657865518844574,False,val
0.1881895335880494,1,0.0295797396852113,1.0,0.000131185324299,1.0,2025-12-23,Cairo,0.1406225703239154,-8.938899545187933,-3.5206656221029364,-0.14144406768794202,0.9899462489023779,False,val
0.0934414613511899,1,0.0307833269615328,1.0,0.0001725431831996,1.0,2025-12-30,Cairo,0.0323017058140388,-8.664863015433049,-3.4807820679936667,-0.021501372740813793,0.999768818762748,False,val
0.512629462163064,1,0.0313687779031019,1.0,0.0001647580894269,1.0,2026-01-06,Cairo,0.1587698558392272,-8.71103228456159,-3.461942215042338,0.10303137904317879,0.9946781061893646,False,val
0.1259765595366187,1,0.0307205754396765,1.0,0.0001430909080154,1.0,2026-01-13,Cairo,0.2139262424708348,-8.85203040930156,-3.4828226391178,0.22177215755648186,0.975098513039961,False,val
0.6658278715806986,1,0.0338651188087591,0.9930795847750864,0.0001363071769445,1.0,2026-01-20,Cairo,0.3756885019450388,-8.90059956514914,-3.3853697380161205,0.3373010691361842,0.9413968285264122,False,val
0.6652186399438448,1,0.0299048776843162,0.9930795847750864,8.096907557345841e-05,1.0,2026-01-27,Cairo,0.0131802785294741,-9.421443259233259,-3.5097336786355564,0.44794493940789115,0.8940611451454876,False,val
0.660027263592136,1,0.0301993111524758,1.0,0.0001327736618499,1.0,2026-02-03,Cairo,0.0115365454126932,-8.92686467003535,-3.499936164382123,0.5521013427459208,0.8337770129585915,False,val
0.9604757484223972,1,0.0306830474078589,1.0,0.0001342350219504,1.0,2026-02-10,Cairo,0.3703888162635066,-8.915918399139175,-3.4840449786069008,0.6482618097757122,0.7614175109532997,False,val
0.2442538618007666,1,0.0309148970798415,1.0,9.853698918274408e-05,1.0,2026-02-17,Cairo,1.4894356097342,-9.225078555580074,-3.4765171051105286,0.7350336741329412,0.6780306024735382,False,val
-0.1735002037774003,1,0.0313152214017931,1.0,9.441389531783696e-05,1.0,2026-02-24,Cairo,0.4087335896387465,-9.267822299481585,-3.46365099287829,0.8111602420785621,0.5848239578463322,False,val
0.3298727500662911,1,0.0325749589383614,1.0,0.0001059649062501,1.0,2026-03-03,Cairo,0.0156474297279653,-9.152402591781273,-3.4242114164981503,0.8755389928586302,0.4831474640149687,False,val
0.457383814551721,1,0.0312554247281413,1.0,0.0001194888411521,1.0,2026-03-10,Cairo,0.3940121664179432,-9.032287570433178,-3.4655623265644313,0.9272375462179537,0.374473674486883,False,val
0.360820886165657,1,0.0305479503209855,1.0,7.996974333354594e-05,1.0,2026-03-17,Cairo,2.387254803651582,-9.433862203159878,-3.488457688218108,0.9655071658143364,0.2603764827344581,False,val
0.0552786615179589,1,0.0308867854763386,1.0,8.549965574116875e-05,1.0,2026-03-24,Cairo,13.704635567409452,-9.366998208448745,-3.477426841036121,0.9897936029670716,0.14250832791617088,False,val
1.4408065560991448,1,0.0345647433072363,1.0,0.0001308519748767,1.0,2026-03-31,Cairo,4.671602101304607,-8.941443836425666,-3.3649210959907196,0.9997451236925734,0.022576263041545485,False,val
0.4665648226480494,1,0.0333558465548907,1.0,9.26236143374228e-05,1.0,2026-04-07,Cairo,0.5084568484528807,-9.286966434379785,-3.400522212993105,0.9952176027737294,-0.09768276782171598,False,val
1.1983565212871603,1,0.0331937806149326,1.0,0.0001018830994052,1.0,2026-04-14,Cairo,0.0402414294114607,-9.191684486199545,-3.4053927514838387,0.9762766110869321,-0.21652708524481437,False,val
0.54316275733148,1,0.0334009073743554,1.0,0.0001144902011485,1.0,2026-04-21,Cairo,0.1257031798761169,-9.075021318121197,-3.3991722124716275,0.9431964659565866,-0.33223549871590435,False,val
0.5376148058136159,1,0.0342032013139329,1.0,0.0001028231501665,1.0,2026-04-28,Cairo,0.0892167623400908,-9.182500034123882,-3.375436033623762,0.8964562582905575,-0.44313223418263453,False,val
0.6924120532853276,1,0.0339177145906876,1.0,9.547087544771716e-05,1.0,2026-05-05,Cairo,0.0171809804704997,-9.256689326123984,-3.3838178467821156,0.8367329140344921,-0.5476112038402312,False,val
1.4808579775754012,1,0.033433965103478,1.0,9.092480645288058e-05,1.0,2026-05-12,Cairo,0.0038728038020963,-9.305477695739288,-3.3981829764457974,0.7648913904341226,-0.6441592666722685,False,val
0.7170334807530998,1,0.0323903779909253,1.0,8.200530055543571e-05,1.0,2026-05-19,Cairo,0.0077348448021983,-9.408726671869207,-3.4298938758785615,0.6819721490904629,-0.7313781428679254,False,val
0.716760919432723,1,0.0314613191193288,1.0,6.003278084217468e-05,1.0,2026-05-26,Cairo,0.0824682346334127,-9.72061979756598,-3.45899645218245,0.5891760872322963,-0.8080046647350754,False,val
1.0026424205196582,1,0.0317276515610388,1.0,0.0001014752018406,1.0,2026-06-02,Cairo,0.0293840582118853,-9.195696106174033,-3.450566689330091,0.4878471454423119,-0.8729290708206411,False,val
0.8085886002481881,1,0.0310222741547926,1.0,8.817984564156198e-05,1.0,2026-06-09,Cairo,0.0102815783945855,-9.336132128528622,-3.4730498113873662,0.37945284372454435,-0.925211078289358,False,val
0.7534438184091263,1,0.0310953450000524,1.0,7.878844589414083e-05,1.0,2026-06-16,Cairo,0.0225691626859385,-9.448744197559913,-3.4706971494547934,0.26556302780405594,-0.9640935007889755,False,val
0.8274220766670078,1,0.0320582783716976,1.0,9.029201465969366e-05,1.0,2026-06-23,Cairo,0.0055200979595153,-9.312461532684235,-3.4401998334392188,0.14782713347053048,-0.9890132145779883,False,val
0.7515100262040887,1,0.0324635917740223,1.0,7.585694139006542e-05,1.0,2026-06-30,Cairo,0.023408004512814,-9.486661341656019,-3.4276360707059843,0.02795029824021032,-0.999609314096404,False,val
0.7449633607237971,1,0.0320784614766212,1.0,8.371471646439018e-05,1.0,2026-07-07,Cairo,0.0044350274387693,-9.388095771976749,-3.439570456092083,-0.09233133369539123,-0.9957283388645872,False,val
0.7425244190448936,1,0.0341786954712621,1.0,9.3760050094141e-05,1.0,2026-07-14,Cairo,0.019526248811405,-9.2747716978552,-3.376152768457745,-0.2112757555821793,-0.9774264960104055,False,val
0.9737011334721786,1,0.0368190660304161,1.0,8.134006549303549e-05,1.0,2026-07-21,Cairo,0.0130807264298809,-9.416871852309278,-3.3017394693214084,-0.3271603271220951,-0.9449688462364056,False,val
0.7828146799509179,1,0.0381680774021266,1.0,8.802816866552998e-05,1.0,2026-07-28,Cairo,0.0105075291941162,-9.337853696234722,-3.2657557828379153,-0.4383067230125192,-0.898825465016444,False,val
0.8234253547540097,1,0.0360475270814939,1.0,8.886841755935115e-05,1.0,2026-08-04,Cairo,0.0333020557965285,-9.328353736613549,-3.3229170145112974,-0.5431052396834317,-0.8396646346181327,False,val
0.5615564411088232,1,0.0361344062247488,1.0,9.105299504880303e-05,1.0,2026-08-11,Cairo,0.0097989006507662,-9.30406885778139,-3.320509786518668,-0.6400381082043503,-0.7683431655492202,False,val
0.6312331254316255,1,0.035015477368389,1.0,9.452596094667276e-05,1.0,2026-08-18,Cairo,0.0247259874731982,-9.266636042180526,-3.3519651047135826,-0.7277014757264236,-0.6858939875998223,False,val
0.9015590182925624,1,0.0353758542470205,1.0,8.669298514951209e-05,1.0,2026-08-25,Cairo,0.0171925787377378,-9.353137586914654,-3.3417257749846336,-0.8048257371083452,-0.593511190196115,False,val
-0.4330923642105907,1,0.0440977984377049,1.0,0.0001111360903455,1.0,2019-01-01,Delhi,3.9278933112787384,-9.104755068475537,-3.1213454198229917,0.017201575418260506,0.9998520419557735,False,train
-0.6104699908046762,1,0.0407408836005824,1.0,0.0001279392987825,1.0,2019-01-08,Delhi,0.1728684759363986,-8.963954634788161,-3.200523179646402,0.13718540405660057,0.9905453876091833,False,train
-0.5989229486664988,1,0.0435556251752436,1.0,0.0001588594126229,1.0,2019-01-15,Delhi,18.05161353099916,-8.747490944217338,-3.133716418117966,0.2551824131233728,0.9668929289391521,False,train
-0.8727217473283455,1,0.0381889337712727,1.0,9.36750309573681e-05,1.0,2019-01-22,Delhi,20.738050197644572,-9.27567888280827,-3.2652094971898977,0.3694836834473831,0.9292372181882051,False,train
-0.6734133258893972,1,0.0414050940284815,1.0,0.0001211159511191,1.0,2019-01-29,Delhi,1.1023632744129597,-9.018762197507103,-3.184351361553961,0.4784338202547012,0.8781236129591848,False,train
-0.7641340400830884,1,0.0417689082697101,1.0,0.000101687779912,1.0,2019-02-05,Delhi,22.810164787075205,-9.193603420320091,-3.175603037522545,0.580454927809098,0.8142923779467267,False,train
-1.086798475715877,1,0.0391744733192972,1.0,0.0001100357914291,1.0,2019-02-12,Delhi,14.636135990364693,-9.114704868467172,-3.2397299351368174,0.6740694616546162,0.7386679638813748,False,train
-0.918460800972732,1,0.0348146648328241,1.0,7.386550684328103e-05,1.0,2019-02-19,Delhi,2.5011291499902115,-9.513264593462656,-3.3577165777250464,0.7579216274973472,0.6523456189565257,False,train
-0.9644151612412388,1,0.0371008393986483,1.0,7.35135395982098e-05,1.0,2019-02-26,Delhi,16.526016514388917,-9.51804095648993,-3.2941156843242028,0.8307970168121247,0.5565755266413303,False,train
-1.1501627579896243,1,0.0389088078431256,1.0,6.601144455808907e-05,1.0,2019-03-05,Delhi,2.5353812004285143,-9.625682428575017,-3.24653463128503,0.8916401947968874,0.45274469960737107,False,train
-0.9874410267529646,1,0.0369234180058789,1.0,6.767378801879013e-05,1.0,2019-03-12,Delhi,1.7297946180270414,-9.600811631471114,-3.298909294925184,0.9395699859530622,0.342356891994542,False,train
-0.4058720729494705,1,0.0382924159234169,1.0,4.740201976586344e-05,1.0,2019-03-19,Delhi,3.7789012492483978,-9.956845719076904,-3.2625034200689784,0.9738922359149924,0.22701082094141847,False,train
-0.5549985825494729,1,0.0383525315657876,1.0,6.55568330540301e-05,1.0,2019-03-26,Delhi,1.846132357194591,-9.632593111325736,-3.2609347412018774,0.9941098647022418,0.10837701279187609,False,train
-0.4565976741232961,1,0.0441889830070055,1.0,8.10035001534117e-05,1.0,2019-04-02,Delhi,4.0831743902099,-9.421018192454921,-3.1192797742024045,0.9999300657962057,-0.011826390691832589,False,train
0.084982758803225,1,0.0397725995093269,1.0,6.432291617418953e-05,1.0,2019-04-09,Delhi,2.192542988840313,-9.651594595592258,-3.224577058324922,0.9912685467787256,-0.13185851571739118,False,train
-1.0027024166321938,1,0.0409387056549162,1.0,6.729597847820975e-05,1.0,2019-04-16,Delhi,26.27978300819843,-9.606410078251903,-3.195679314907885,0.9682507501166718,-0.2499809690726521,False,train
0.3965466419727099,1,0.0414468019798342,1.0,6.843033280688044e-05,1.0,2019-04-23,Delhi,1.312162776515429,-9.589694369547125,-3.1833445540604632,0.9312100364121947,-0.3644830148102912,False,train
0.5180823382780939,1,0.0449131007668075,1.0,8.046807026623687e-05,1.0,2019-04-30,Delhi,1.1500721082500325,-9.427650094878704,-3.103025750248829,0.8806828564301475,-0.47370635037968,False,train
0.6372334972291316,1,0.0449468859930404,1.0,7.249626940366107e-05,1.0,2019-05-07,Delhi,0.9034663302179629,-9.531975453928803,-3.102273797593525,0.8174009818249189,-0.5760691233798758,False,train
-0.4236305628336317,1,0.0398296779472997,1.0,7.340148774950925e-05,1.0,2019-05-14,Delhi,6.154523283025657,-9.519566353482336,-3.223142967502928,0.742280907086982,-0.6700888411055113,False,train
-0.2485853698526305,1,0.0397743327402121,1.0,6.561551996617758e-05,1.0,2019-05-21,Delhi,2.4242475875591736,-9.631698305145745,-3.2245334807579065,0.6564105761979381,-0.7544038410927472,False,train
0.4160907595567605,1,0.0415957454087081,1.0,7.637008922092819e-05,1.0,2019-05-28,Delhi,1.944637305568565,-9.479919440792722,-3.1797573907743764,0.5610336262283677,-0.8277930117131022,False,train
0.0901954698944192,1,0.042092122771714,1.0,7.89543664485654e-05,1.0,2019-06-04,Delhi,3.5140318550991307,-9.446640512287026,-3.1678946633608422,0.4575313760742512,-0.8891934772070711,False,train
-0.0040141341470817,1,0.0378644237575767,1.0,7.004993698764331e-05,1.0,2019-06-11,Delhi,6.656942438738122,-9.566302184715662,-3.273743294871602,0.3474028211842774,-0.9377159910299093,False,train
-0.6829829243836841,1,0.0397132571076708,1.0,8.201107456390351e-05,1.0,2019-06-18,Delhi,2.2589235678178827,-9.408656264161856,-3.226070214848791,0.23224292400907015,-0.9726578145718654,False,train
-0.3211648176730419,1,0.038878911415182,1.0,7.056267831938483e-05,1.0,2019-06-25,Delhi,2.2002928988610546,-9.559009188944959,-3.247303298362576,0.11371951458594969,-0.9935128947338007,False,train
-0.8694209863360386,1,0.0411803296442557,1.0,7.036461197819085e-05,1.0,2019-07-02,Delhi,26.314214302840124,-9.561820091945915,-3.189794572454463,-0.00645086419810515,-0.9999791929590823,False,train
1.113223008079392,1,0.0336422272684512,1.0,3.880702460277045e-05,1.0,2019-07-09,Delhi,15.365923171366092,-10.156909281258823,-3.3919732371377367,-0.12652781683868314,-0.9919630595773397,False,train
-0.8549084249545617,1,0.0356806486947923,1.0,5.484264219016165e-05,0.9779411764705882,2019-07-16,Delhi,90.91277963536749,-9.811042524449713,-3.333146790527743,-0.24477230089725957,-0.9695805901076308,False,train
-1.1974462676589968,1,0.0354484382630829,1.0,3.842503428445687e-05,0.7352941176470589,2019-07-23,Delhi,86.7914045364911,-10.166801376296503,-3.3396760816124345,-0.3594718130884232,-0.9331559438780432,False,train
-1.2176073090821184,1,0.0385694010500578,1.0,3.9159445322819306e-05,0.6029411764705882,2019-07-30,Delhi,71.34509661563627,-10.14786890478381,-3.255296035789555,-0.46896519100763184,-0.8832166493127127,False,train
-1.3308358640542084,1,0.0327211900037186,0.9852941176470588,3.983394435901964e-05,0.9595588235294118,2019-08-06,Delhi,31.33999555214436,-10.13079113582149,-3.4197323986021346,-0.5716666713027052,-0.8204859638785327,False,train
-1.3233296301282769,1,0.0353018806611864,1.0,3.930669701351293e-05,0.9080882352941176,2019-08-13,Delhi,96.530193289489,-10.14411564613824,-3.3438190399411685,-0.666088855860977,-0.7458723993404063,False,train
-1.2736549439644644,1,0.0366805994432059,1.0,3.737928101870132e-05,1.0,2019-08-20,Delhi,32.017781169970405,-10.194393990506503,-3.305507289219071,-0.7508642533989489,-0.6604565640279754,False,train
-1.4866520899452946,1,0.0417107267129768,1.0,4.332083484095021e-05,1.0,2019-08-27,Delhi,22.46477370117011,-10.046876864527098,-3.17699694793353,-0.8247650844733614,-0.5654755126737576,False,train
-1.4828988458496049,1,0.0402546442791729,1.0,5.2585977274064074e-05,0.9852941176470588,2019-09-03,Delhi,16.428097911776504,-9.853061065510339,-3.212529895956036,-0.886721063082993,-0.46230483047981086,False,train
-1.2211036130365194,1,0.038631235843816,1.0,4.941540603792141e-05,0.9963235294117648,2019-09-10,Delhi,4.969353615254299,-9.915248319273772,-3.253694111000608,-0.9358348973349941,-0.35243871088460327,False,train
-1.300647223366028,1,0.0341073789021919,1.0,5.073662438934334e-05,1.0,2019-09-17,Delhi,28.469580076798707,-9.888862533610784,-3.3782415280080214,-0.97139528468375,-0.23746831555846842,False,train
-1.4961079457572228,1,0.0343845076641947,1.0,4.115856204546265e-05,0.9632352941176472,2019-09-24,Delhi,19.512578213661623,-10.098078583336033,-3.3701491746436676,-0.9928872135356962,-0.11905873003404988,False,train
-1.119582581669614,1,0.0374049074616306,1.0,5.3076973548196227e-05,1.0,2019-10-01,Delhi,6.696008088639767,-9.843767366926913,-3.285953367618038,-0.9999994220246925,0.001075151282798226,False,train
-1.0724812980873748,1,0.0397911452740205,1.0,7.423026686400195e-05,1.0,2019-10-08,Delhi,0.074604545332926,-9.508338581744932,-3.224110871996463,-0.9926289059345095,0.12119346147073601,False,train
-0.6923721540144064,1,0.0418465254954187,1.0,7.117874371699385e-05,1.0,2019-10-15,Delhi,2.1624671653315817,-9.550316327419916,-3.173746508302826,-0.9708824104813836,0.2395565591209271,False,train
-0.6246490882191967,1,0.0447130508258808,1.0,7.41429732168049e-05,1.0,2019-10-22,Delhi,0.0240306481619758,-9.50951525831035,-3.107489855191232,-0.9350748843515574,0.3544502230989869,False,train
0.5510104610151298,1,0.0576107427155713,0.9779411764705882,5.930885180925381e-05,1.0,2019-10-29,Delhi,2.3883048621113305,-9.732751991443605,-2.8540462231916077,-0.8857249183835637,0.4642104791518923,False,train
-0.7086480170239926,1,0.0423815709680637,1.0,6.67998847574959e-05,1.0,2019-11-05,Delhi,6.983661932255778,-9.61380920261035,-3.161041658210233,-0.8235472349556007,0.5672476988027229,False,train
-0.4747025188799422,1,0.0398454027315916,1.0,6.796913800080704e-05,1.0,2019-11-12,Delhi,0.0073653138961214,-9.59645680873989,-3.222748244727323,-0.7494423368521953,0.6620696215153815,False,train
-0.6990417401943616,1,0.0438897680283535,1.0,0.0001096597571737,1.0,2019-11-19,Delhi,0.0494377314536787,-9.118128102347015,-3.1260740605920767,-0.6644834655228552,0.7473029667054297,False,train
-1.1161297637512653,1,0.0396584171510279,1.0,7.197605863341718e-05,1.0,2019-11-26,Delhi,21.743276405784567,-9.539177013225231,-3.2274520671501707,-0.5699010576127624,0.821713322596059,False,train
-0.855469051163447,1,0.0425699761776407,1.0,0.0001439847977003,1.0,2019-12-03,Delhi,0.0026042589008428,-8.845802835487033,-3.1566060587466325,-0.46706492487743034,0.8842230238742036,False,train
-0.6186998025836754,1,0.0381426725924124,1.0,8.773322867214404e-05,1.0,2019-12-10,Delhi,19.526187715855823,-9.34120984012862,-3.266421608050079,-0.3574644155648614,0.9339267592294762,False,train
-0.9367501525667684,1,0.0398452245036008,0.9926470588235294,0.0001295458350354,1.0,2019-12-17,Delhi,1.2833867248925868,-8.951475800948838,-3.2227527177248882,-0.2426868445825954,0.9701046827361175,False,train
-0.867548925581972,1,0.0416825409019359,1.0,0.0001563489676855,1.0,2019-12-24,Delhi,0.1718433281807621,-8.763420076669366,-3.177672921256564,-0.12439450483979998,0.9922328391893008,False,train
-0.8792689626654904,1,0.0432775087314229,1.0,0.0001130997702994,1.0,2019-12-31,Delhi,1.3741089757397456,-9.087240205795633,-3.1401222077590827,-0.004300592702981974,0.9999907524084426,False,train
-1.0583749619838136,1,0.04085270835037,1.0,0.0001125917246093,1.0,2020-01-07,Delhi,39.90782847817966,-9.09174233866019,-3.197782159987207,0.1201261651823505,0.9927586335250793,False,train
-1.491571830598701,1,0.0399957854021089,1.0,8.972119161292304e-05,1.0,2020-01-14,Delhi,15.747147231830931,-9.318803566936765,-3.218981195366754,0.23851257519407648,0.9711394088771653,False,train
-1.1918603833432946,1,0.0408998596358567,1.0,9.974147504897892e-05,1.0,2020-01-21,Delhi,4.1210628154016185,-9.212928969014618,-3.1966286478254142,0.3534446712740877,0.9354554315134164,False,train
-1.5180510706191428,1,0.0400669211820141,1.0,8.881980145506886e-05,1.0,2020-01-28,Delhi,9.457257024109424,-9.328900943465698,-3.2172041932727904,0.4632579225674917,0.88622350294858,False,train
-1.550795027103168,1,0.0440842103097134,1.0,9.674579902584332e-05,1.0,2020-02-04,Delhi,0.3472417719185548,-9.243423647918615,-3.1216536035056284,0.5663619330814524,0.8241566360566663,False,train
-1.3247975344984817,1,0.0394127245531227,1.0,7.951195677979628e-05,1.0,2020-02-11,Delhi,0.0076941209599112,-9.43960314786703,-3.2336665566169396,0.6612634749656386,0.7501537286959042,False,train
-1.027335107578118,1,0.0441664363780106,1.0,6.424425125870551e-05,1.0,2020-02-18,Delhi,51.05756866550554,-9.65281831276471,-3.119790136320342,0.746588114532413,0.6652865452111116,False,train
-1.2827764726109456,1,0.0439460598761265,1.0,7.22518612340007e-05,1.0,2020-02-25,Delhi,15.913450634740911,-9.53535247027931,-3.1247923090147824,0.8211001178128892,0.5707841943569036,False,train
-1.3664870080256617,1,0.0376954793187564,1.0,6.607245067461141e-05,1.0,2020-03-03,Delhi,56.077256214905454,-9.624758680516967,-3.278215103687513,0.8837203473619977,0.4680153284438345,False,train
-1.149138829012913,1,0.0409061905847809,1.0,5.5579697825744486e-05,1.0,2020-03-10,Delhi,12.348672156171272,-9.797692570409128,-3.1964738683459073,0.9335418911179212,0.35846832151248087,False,train
-1.2601684921566634,1,0.0401177572627538,1.0,5.60069009443936e-05,1.0,2020-03-17,Delhi,1.8445171769480864,-9.790035643671574,-3.2159362181798743,0.969843196967294,0.24372971360968387,False,train
-1.2604845070183974,1,0.0377253617949184,1.0,2.7924775326883983e-05,1.0,2020-03-24,Delhi,17.122813451947994,-10.485996258631923,-3.277422684051656,0.992098522791769,0.12546123335273648,False,train
-0.970543988440656,1,0.03682946477587,1.0,3.0089116286501495e-05,1.0,2020-03-31,Delhi,0.3680541352959652,-10.411347036763186,-3.301457080917752,0.9999855506507186,0.005375731557583884,False,train
-0.6756056702540324,1,0.0372970532769382,1.0,2.583516943703885e-05,1.0,2020-04-07,Delhi,0.7891143639062249,-10.56377383781664,-3.2888409560713594,0.9933900548258936,-0.11478762552212701,False,train
-0.7712764229687326,1,0.0392642521182354,1.0,4.174731968122184e-05,1.0,2020-04-14,Delhi,3.586233805985024,-10.083875307980442,-3.237440789370049,0.9724075561219968,-0.23328854407545518,False,train
-1.0836872591357385,1,0.0419340827374485,1.0,4.8926374823523706e-05,1.0,2020-04-21,Delhi,14.306821148864303,-9.925193944442842,-3.1716563522212953,0.9373419384643772,-0.3484108069446808,False,train
-0.6247189619352161,1,0.0442054547974824,1.0,4.844439748893587e-05,1.0,2020-04-28,Delhi,4.624828387360698,-9.935093861217014,-3.1189070858053363,0.8887010478292915,-0.45848712914008766,False,train
-0.8328437223874606,1,0.0439619786234709,1.0,4.9258430639127367e-05,1.0,2020-05-05,Delhi,5.688718784971869,-9.918430024505989,-3.1244301408265236,0.8271893372462497,-0.5619233046832195,False,train
-0.5756679041556367,1,0.0433709421353326,1.0,5.862190368789608e-05,1.0,2020-05-12,Delhi,3.3025123544146884,-9.744402148150897,-3.1379655981673813,0.753697664392914,-0.6572212950663319,False,train
-0.1028303101869103,1,0.0436911571602184,1.0,6.249612330226439e-05,1.0,2020-05-19,Delhi,0.3644283027191514,-9.680406030309452,-3.130609550669867,0.6692903895412567,-0.7430009249440493,False,train
-0.1347384996683404,1,0.0393641138729825,1.0,5.442502800855931e-05,1.0,2020-05-26,Delhi,32.68180344275073,-9.818686436217074,-3.234900693129175,0.5751899607119775,-0.8180198708443175,False,train
-1.2358997086794734,1,0.0404765424870531,1.0,5.0492436803517304e-05,1.0,2020-06-02,Delhi,9.325294623239545,-9.89368699916603,-3.2070326705200554,0.47275920928627757,-0.881191653407483,False,train
-0.787102634018789,1,0.0409200147990672,1.0,5.412199630609381e-05,1.0,2020-06-09,Delhi,1.5113453891296291,-9.824269868680974,-3.196135976240243,0.36348161248290634,-0.9316013725767187,False,train
0.0061046161956721,1,0.0413225811989337,1.0,5.855537903051472e-05,1.0,2020-06-16,Delhi,1.6150325103015892,-9.745537601422816,-3.1863461681693432,0.24893980855376657,-0.9685189578512204,False,train
-0.6532166300196984,1,0.0362701972902176,1.0,4.450199958489349e-05,1.0,2020-06-23,Delhi,13.00498493090852,-10.019976435309616,-3.3167588862144552,0.13079267585675922,-0.9914097417023038,False,train
-0.8714153128820472,1,0.0404155749432136,1.0,6.0594686888771166e-05,1.0,2020-06-30,Delhi,9.262747424219908,-9.711303343835478,-3.2085400499117798,0.01075130776352193,-0.9999422030204416,False,train
-1.3325721418842422,1,0.0355095685889409,1.0,4.007118225230555e-05,1.0,2020-07-07,Delhi,35.15870331322339,-10.124853129077017,-3.3379530811028864,-0.10944576864891556,-0.993992768446958,False,train
-1.571432733087703,1,0.0364874130788035,1.0,4.468229705248125e-05,0.9963235294117648,2020-07-14,Delhi,44.46877458816135,-10.015933173883324,-3.3107879250232135,-0.2280577712215198,-0.9736476020539838,False,train
-1.6135924913727229,1,0.0343301751538145,1.0,3.576199736106125e-05,1.0,2020-07-21,Delhi,40.78303208545616,-10.238624754602965,-3.3717305694627933,-0.34336687399638804,-0.939201357453208,False,train
-1.3704302068122678,1,0.0363292585402651,1.0,4.220924520808571e-05,1.0,2020-07-28,Delhi,19.74590769888529,-10.072871280156669,-3.3151318419783475,-0.45370308603134424,-0.8911529104063088,False,train
-1.5824766279964024,1,0.0346115921082099,1.0,3.8408363650126344e-05,1.0,2020-08-04,Delhi,44.22564475970454,-10.167235318697601,-3.3635666209999684,-0.5574684374327892,-0.8301981337405212,False,train
-1.504022166252924,1,0.0366339159301258,1.0,2.892616462824715e-05,0.6066176470588235,2020-08-11,Delhi,72.86845605502974,-10.450764021970043,-3.306780802906007,-0.65316012232693,-0.7572198192083127,False,train
-1.3984950959902036,1,0.0345846029814391,1.0,2.7129248552186795e-05,0.9632352941176472,2020-08-18,Delhi,46.0689457714638,-10.51489812971659,-3.364346696497023,-0.7393922635959241,-0.673274892250183,False,train
-1.6230515897408118,1,0.0325647999558238,1.0,2.918505013563222e-05,0.9191176470588236,2020-08-25,Delhi,15.256405909248656,-10.441853961453829,-3.424523329922222,-0.8149159841660791,-0.5795791048257612,False,train
-1.7183528895936595,1,0.0351335007443678,1.0,3.9434073102288e-05,0.9963235294117648,2020-09-01,Delhi,29.82368292484346,-10.140880315833613,-3.348600166534381,-0.8786374941610001,-0.4774894280028391,False,train
-1.5425625181849376,1,0.0397506056451512,1.0,4.820245865811598e-05,1.0,2020-09-08,Delhi,1.7424422007335705,-9.940100528704178,-3.2251302016418633,-0.9296339319682695,-0.3684843993077793,False,train
-1.6380535595474237,1,0.0403844350330928,1.0,5.207464909892776e-05,1.0,2020-09-15,Delhi,3.5962737457429066,-9.86283230921867,-3.209310839709248,-0.9671667297977312,-0.2541427094613622,False,train
-1.2235544570950931,1,0.0390946892395783,1.0,4.82173994704488e-05,1.0,2020-09-22,Delhi,8.768774927927797,-9.939790617182997,-3.2417686462906015,-0.9906923101615609,-0.13612033862266704,False,train
-1.1004539713471888,1,0.0380222094738912,1.0,5.7314819968633195e-05,1.0,2020-09-29,Delhi,0.0047230776090145,-9.76695132948863,-3.2695848301466413,-0.9998699583618592,-0.016126573270657762,False,train
-0.9335116272226458,1,0.0444540403024268,1.0,7.61406842362885e-05,1.0,2020-10-06,Delhi,0.0073179391719691,-9.482927820495423,-3.113299425710291,-0.9945667569706337,0.1041007489354256,False,train
-0.8458349721250883,1,0.0497626459932259,0.9889705882352942,7.110880067284894e-05,1.0,2020-10-13,Delhi,0.0063425390881441,-9.551299450012667,-3.0004906568599368,-0.9748595108374125,0.22282040779479959,False,train
-0.3729268641746099,1,0.0466856307906872,1.0,7.040168175407525e-05,1.0,2020-10-20,Delhi,0.0114828350851811,-9.5612934065334,-3.064318853502374,-0.9410336347451197,0.3383130181923075,False,train
-0.2540024577926812,1,0.0491374637921759,1.0,7.18133713499836e-05,1.0,2020-10-27,Delhi,0.0055863218513252,-9.541439868747679,-3.013133525101875,-0.8935790198239952,0.4489059314938798,False,train
0.5298561914222597,1,0.0560076138555888,1.0,6.995281056409653e-05,1.0,2020-11-03,Delhi,0.0094604582159263,-9.567689678044573,-2.882267635782,-0.8331829385891785,0.5529974600700271,False,train
-0.3378654872696899,1,0.0514071196384883,1.0,7.815588310343464e-05,1.0,2020-11-10,Delhi,14.878594172755593,-9.456805224295678,-2.96797860174577,-0.7607200913564104,0.6490800741100398,False,train
-1.213644802417608,1,0.0412754917203619,1.0,8.274671247221143e-05,1.0,2020-11-17,Delhi,0.0069778890622866,-9.399726272928786,-3.1874863759734517,-0.6772399381909491,0.7357622347736525,False,train
-1.2799350452137617,1,0.0410871162281836,1.0,9.01229782584254e-05,1.0,2020-11-24,Delhi,2.529908208545679,-9.314335395249607,-3.1920606803899423,-0.5839514998576998,0.8117885474764613,False,train
-0.8257606163949753,1,0.0463491440917551,1.0,0.000105490544383,1.0,2020-12-01,Delhi,0.0043123957311763,-9.156889235766288,-3.071552453338076,-0.4822058478963526,0.8760579434344281,False,train
-1.2234750823065683,1,0.0422325366376286,1.0,9.085030517085568e-05,1.0,2020-12-08,Delhi,2.118388492559334,-9.306297404064932,-3.1645643446456315,-0.37347653741307074,0.9276396261490467,False,train
-1.6532240603268695,1,0.0387886402586664,1.0,9.95796584206662e-05,1.0,2020-12-15,Delhi,0.00728393736793,-9.2145526469563,-3.24962785205891,-0.2593382659754056,0.9657865518844574,False,train
-1.0702894609922835,1,0.0427720331953794,1.0,0.0001280137429098,1.0,2020-12-22,Delhi,0.4623121963485252,-8.963372933325212,-3.1518708199873218,-0.14144406768794202,0.9899462489023779,False,train
-1.2964442784294106,1,0.0440507366179082,1.0,0.0001142138343645,1.0,2020-12-29,Delhi,21.567567373376477,-9.077438126533874,-3.1224132044262984,-0.021501372740813793,0.999768818762748,False,train
-1.2243114814916631,1,0.0432458020022348,1.0,9.187043244917616e-05,1.0,2021-01-05,Delhi,8.621510507840377,-9.295131316505996,-3.1408551138473615,0.08590610426133272,0.9963032375991965,False,train
-1.2181294204504545,1,0.0466230527739828,1.0,0.0001644576445065,1.0,2021-01-12,Delhi,0.9435184130080796,-8.712857501116213,-3.0656601654509696,0.20496611396949532,0.9787690698649216,False,train
-1.0579365183467064,1,0.0457017987799192,1.0,9.94960360026015e-05,1.0,2021-01-19,Delhi,0.1264000699742271,-9.215392753763162,-3.085617621245663,0.321057654185271,0.9470596510722283,False,train
-1.4301462182378175,1,0.0440103068272471,1.0,0.0001456167445314,1.0,2021-01-26,Delhi,0.0068830802888442,-8.834532425164376,-3.123331426421406,0.4324994021339788,0.901634220265486,False,train
-1.4820499519451686,1,0.0426647152452711,1.0,0.0001246037639001,1.0,2021-02-02,Delhi,8.160502747888442,-8.990371744201198,-3.154383041215531,0.5376773767406141,0.8431506618282,False,train
-1.1568398159375208,1,0.0466624379717226,1.0,0.0001379070210031,1.0,2021-02-09,Delhi,0.1276931269858382,-8.888930860733014,-3.064815764038378,0.6350683134867438,0.7724559775191742,False,train
-1.2839701995582344,1,0.0486309920639888,1.0,0.00011360864446,1.0,2021-02-16,Delhi,0.0396964672224453,-9.082750958973755,-3.0234942545279937,0.7232617254437388,0.6905740195722293,False,train
-1.2565755925725135,1,0.0414328236778822,1.0,7.326690839128603e-05,1.0,2021-02-23,Delhi,0.0179285865506403,-9.521401505424183,-3.1836818698235017,0.8009803309782905,0.5986906625177214,False,train
-1.1094659923955883,1,0.0399537409056592,1.0,6.437191015034185e-05,1.0,2021-03-02,Delhi,0.0958636000607747,-9.65083319779689,-3.2200329714626816,0.8670985522812081,0.4981366284784055,False,train
-1.0761871686722728,1,0.0417521890681887,1.0,8.224827899187739e-05,1.0,2021-03-09,Delhi,4.513499034622332,-9.405768092648618,-3.176003396288835,0.9206588168102428,0.3903682146763026,False,train
-0.4729389992034002,1,0.0393715318502485,1.0,7.406854481365305e-05,1.0,2021-03-16,Delhi,3.058106490382963,-9.510519612228283,-3.2347122657092995,0.9608854255574977,0.27694620226893646,False,train
-0.5017044785197541,1,0.0384664991287773,1.0,6.095695069300016e-05,1.0,2021-03-23,Delhi,1.1556115694676672,-9.705342669277284,-3.2579675689901353,0.9871957872910085,0.15951325197263655,False,train
-0.4398869786323415,1,0.0397179638810235,1.0,6.492222181247377e-05,1.0,2021-03-30,Delhi,0.01031311505676,-9.642320592051476,-3.2259517029261584,0.9992088560679753,0.03977011384605572,False,train
-0.4077063521426926,1,0.0430418477829507,1.0,7.309722869622264e-05,1.0,2021-04-06,Delhi,0.1800302421570467,-9.523720103059572,-3.145582432290143,0.9967506498213929,-0.08054900421874167,False,train
-0.3701453922897221,1,0.0423559450179489,1.0,6.353345082470602e-05,1.0,2021-04-13,Delhi,1.516317197681522,-9.66394400612691,-3.161646489508338,0.9798567700958665,-0.1997015525660636,False,train
-0.9266827649457752,1,0.0410598720672723,1.0,6.474683886481673e-05,1.0,2021-04-20,Delhi,2.4801811185912435,-9.645025679196984,-3.192723983147,0.9487718864399473,-0.31596187665790293,False,train
-0.1417535062877281,1,0.0481408105884995,1.0,7.621490229408798e-05,1.0,2021-04-27,Delhi,3.439377324370873,-9.48195354622875,-3.033625008619833,0.9039461929224011,-0.42764620926777464,False,train
-1.1851329305579206,1,0.0448154257314944,1.0,7.398685299706791e-05,1.0,2021-05-04,Delhi,10.044757674668778,-9.511623142745687,-3.105202874463513,0.8460288880917339,-0.533137056031809,False,train
-0.6531719638810634,1,0.0404597590655386,1.0,5.19102456883508e-05,1.0,2021-05-11,Delhi,4.6320011607740135,-9.865994375168686,-3.2074474021406782,0.7758587728069828,-0.6309066211876704,False,train
-0.9231627894849974,1,0.0381597867871039,1.0,3.617013945274122e-05,1.0,2021-05-18,Delhi,58.78347590944085,-10.22727665652688,-3.265973019757705,0.6944521021088763,-0.719538934232584,False,train
-0.4999106479685112,1,0.0394363495672245,1.0,5.56987276615928e-05,1.0,2021-05-25,Delhi,2.9682744812157806,-9.795553253992242,-3.233067310143285,0.6029878670694714,-0.7977503570459932,False,train
-0.8311115340751131,1,0.0389680925852095,1.0,6.224623470070199e-05,1.0,2021-06-01,Delhi,5.270516374043849,-9.684412511184565,-3.2450121065515067,0.5027907197793043,-0.8644081744776648,False,train
-0.0011856143779091,1,0.0356676435914688,1.0,6.013499397237143e-05,1.0,2021-06-08,Delhi,5.5361399149839,-9.718918623436647,-3.3335113431484378,0.3953117887649151,-0.9185469991587165,False,train
-1.2798740077267108,1,0.0377273587260471,1.0,6.2800322642749e-05,1.0,2021-06-15,Delhi,17.9460510721416,-9.675550346879927,-3.2773697520668215,0.2821076626819194,-0.9593827529490743,False,train
-0.8589287563858049,1,0.0399600059087066,1.0,7.958626153209968e-05,1.0,2021-06-22,Delhi,1.248057999208133,-9.438669073827807,-3.2198761773362645,0.16481784665719793,-0.9863240225317866,False,train
0.6166396909514473,1,0.0380690145165757,1.0,6.593968224244363e-05,1.0,2021-06-29,Delhi,1.2210255571622866,-9.626770139221538,-3.268354595012204,0.04514101777397193,-0.9989806246941579,False,train
0.1016707606660195,1,0.0403584089564809,1.0,6.43920320843603e-05,1.0,2021-07-06,Delhi,6.69920734414057,-9.650520657906716,-3.2099555055700795,-0.07518957641475855,-0.9971692572470178,False,train
-1.125146942048611,1,0.0370464774732526,1.0,6.10391946139223e-05,0.9889705882352942,2021-07-13,Delhi,159.1816178467191,-9.703994365473509,-3.295582006705899,-0.19443122004766195,-0.9809161537413774,False,train
-0.4431918573969884,1,0.0363283986873214,0.9926470588235294,4.4094982056157296e-05,0.9705882352941176,2021-07-20,Delhi,42.11230232804251,-10.029164567560208,-3.3151555105902064,-0.3108569682435036,-0.9504567035349151,False,train
-0.9258975912059132,1,0.0348718721069702,1.0,4.185457348976497e-05,0.7941176470588235,2021-07-27,Delhi,143.20392813286747,-10.081309484090175,-3.356074731551905,-0.4227806579826773,-0.9062320427107697,False,train
-0.7388114959192761,1,0.034630723715567,1.0,4.221510967003186e-05,0.9779411764705882,2021-08-03,Delhi,27.233042320236123,-10.072732351953686,-3.3630140222713925,-0.5285813283559292,-0.8488826652214553,False,train
0.4904575769142505,1,0.037754081974744,1.0,4.404712606737168e-05,1.0,2021-08-10,Delhi,0.5162360716792143,-10.030250450221898,-3.276661677351625,-0.6267266965083301,-0.7792391467859886,False,train
-0.915676255525538,1,0.041218865497015,1.0,5.135568332483421e-05,1.0,2021-08-17,Delhi,31.717223835775837,-9.876734949528414,-3.188859227018073,-0.7157953492826642,-0.6983101158835584,False,train
-0.1098580445530561,1,0.0414450614932851,1.0,3.727798777914435e-05,1.0,2021-08-24,Delhi,9.04139507251492,-10.197107545484956,-3.18338654820745,-0.7944973291665992,-0.6072676460566135,False,train
-0.7353137299991532,1,0.0357134970204008,1.0,4.6359743779873955e-05,1.0,2021-08-31,Delhi,69.57591618144963,-9.97907906625791,-3.332226593847824,-0.8616928164028521,-0.5074302810827518,False,train
-0.8592013355889111,1,0.0350138208567091,1.0,4.4099202542964245e-05,0.8860294117647058,2021-09-07,Delhi,74.33959643915483,-10.029068858600953,-3.3520124138176914,-0.9164086366943458,-0.4002439388573056,False,train
-1.0133001348779809,1,0.0336445106693378,1.0,4.191239253454912e-05,0.9963235294117648,2021-09-14,Delhi,10.70413864972545,-10.079929010218182,-3.391905366381702,-0.9578523554276669,-0.28726097055059635,False,train
-0.534116804453026,1,0.0351753101077315,1.0,4.8462907788312475e-05,0.9963235294117648,2021-09-21,Delhi,36.071353230424066,-9.934711840490118,-3.3474108598803474,-0.9854237542919524,-0.17011767832049052,False,train
-0.7164632399099048,1,0.0340936944619794,1.0,5.347237368151714e-05,1.0,2021-09-28,Delhi,9.820143651380162,-9.836345417216995,-3.378642824929642,-0.9987235240803972,-0.050510617185222886,False,train
-0.056335252678528,1,0.0358973403484619,1.0,8.104359584416928e-05,1.0,2021-10-05,Delhi,1.9351000223252215,-9.420523327782044,-3.3270920712333942,-0.9975590477788613,0.06982797572987089,False,train
0.1368927128839162,1,0.0399640000815326,1.0,9.266675537334288e-05,1.0,2021-10-12,Delhi,59.17667723240445,-9.286500775675915,-3.219776228071214,-0.981947190186646,0.18915526872004093,False,train
0.1056002112859303,1,0.0363665076421167,1.0,7.845323896599362e-05,1.0,2021-10-19,Delhi,1.6281165295048672,-9.453007792626764,-3.3141070476315058,-0.9521140536681102,0.3057430764672831,False,train
0.4276025594454421,1,0.0416648080258236,1.0,9.261988215512511e-05,1.0,2021-10-26,Delhi,0.0025570389539097,-9.287006729260511,-3.178098438723118,-0.9084917035725082,0.41790288888678667,False,train
1.3714545743136637,1,0.0532016532720811,1.0,7.549365112213388e-05,1.0,2021-11-02,Delhi,0.0152967053758582,-9.491461996342714,-2.9336658065745262,-0.8517119107469189,0.5240103253675756,False,train
1.4426563076967198,1,0.0542974135062064,1.0,9.73408003672785e-05,1.0,2021-11-09,Delhi,0.0099089695664238,-9.237292331204456,-2.913278686579951,-0.7825970017677834,0.6225286602431057,False,train
0.4540100915327046,1,0.0442669981109313,1.0,0.0001088879066008,1.0,2021-11-16,Delhi,0.0096619282287015,-9.125191584689627,-3.117515843190207,-0.7021479494046978,0.712031078778713,False,train
0.7936345891637976,1,0.0474020129195777,1.0,0.0001122874507597,1.0,2021-11-23,Delhi,0.0182828193329649,-9.094448449928915,-3.049090584525032,-0.6115298757991053,0.7912213413483807,False,train
-0.2096422568009446,1,0.0395344851383401,0.9852941176470588,8.945130582344804e-05,1.0,2021-11-30,Delhi,1.6908260495975398,-9.321816149754468,-3.2305819464771406,-0.5120551783114646,0.8589525565270845,False,train
0.0719826088284522,1,0.0398204670120933,1.0,0.0001015475351918,1.0,2021-12-07,Delhi,0.0064430136603732,-9.194983542100493,-3.2233742523361735,-0.4051645224207563,0.9142437912130223,False,train
0.2461552283594686,1,0.0411897611481352,1.0,8.498410831871675e-05,1.0,2021-12-14,Delhi,0.5262460362051073,-9.373046279909609,-3.1895655693337917,-0.29240597695107734,0.9562942772197719,False,train
0.3333094582166216,1,0.0451395540163933,1.0,0.0001458679738666,1.0,2021-12-21,Delhi,8.071121813754482,-8.83280863395645,-3.0979963876505647,-0.17541259380427843,0.9844950085880858,False,train
-0.3192197786600409,1,0.0411408299986,1.0,0.0001465520061669,1.0,2021-12-28,Delhi,1.1124682536350503,-8.828130201601173,-3.190754219982715,-0.05587875690537313,0.9984375616565666,False,train
-0.5725949422267627,1,0.0369818847694516,1.0,0.0001679650212882,0.8308823529411765,2022-01-04,Delhi,60.458560921835335,-8.69175480685688,-3.2973270870571643,0.06875540848113941,0.9976335468520451,False,train
-0.1438420341701173,1,0.039519302395665,1.0,8.210643506293086e-05,0.9963235294117648,2022-01-11,Delhi,0.7828304275085448,-9.40749416378663,-3.230966058189821,0.18809941761179758,0.9821499931752291,False,train
-0.2671742925470981,1,0.0426241479891177,1.0,0.0001276322616774,0.9301470588235294,2022-01-18,Delhi,23.55140955495528,-8.966357384548449,-3.1553343321033274,0.3047192331091634,0.9524422234305676,False,train
-0.1613124491076385,1,0.0394017369595067,1.0,7.930038387703577e-05,1.0,2022-01-25,Delhi,0.2137746354170246,-9.442267588515065,-3.233945378383308,0.4169258813287287,0.908940487313808,False,train
0.3737693167911219,1,0.0417195218444698,1.0,0.0001350231414248,1.0,2022-02-01,Delhi,20.69080018162134,-8.910064376254743,-3.1767861099778085,0.5230943033491326,0.8522748088519838,False,train
-0.1009254647340452,1,0.0386892425375405,1.0,8.840194708745957e-05,1.0,2022-02-08,Delhi,12.071087303320034,-9.333616562687002,-3.2521936881935796,0.6216868902665479,0.7832658619336791,False,train
-0.0105257360785269,1,0.0400530584651723,1.0,0.000104037340361,1.0,2022-02-15,Delhi,0.1270534271162926,-9.17076068133034,-3.2175502422119235,0.7112757519738152,0.7029130847082615,False,train
0.2188774646881443,1,0.0386722323130551,1.0,7.750032745945407e-05,1.0,2022-02-22,Delhi,2.9473192500739827,-9.465228396330621,-3.2526334477713896,0.7905633969115482,0.612380204990065,False,train
0.0157961845173264,1,0.0409465352552811,1.0,8.049458892192444e-05,1.0,2022-03-01,Delhi,2.2966150217540577,-9.427320594160198,-3.1954880814132594,0.8584015232918917,0.512978386299228,False,train
0.001064497147568,1,0.0384588032253049,1.0,6.579732411351072e-05,1.0,2022-03-08,Delhi,0.0081851865814668,-9.628931387427848,-3.2581676566924274,0.9138076496466615,0.4061472386305789,False,train
0.5102089535527161,1,0.0491947153747909,1.0,6.938382366759299e-05,1.0,2022-03-15,Delhi,0.0218107197826156,-9.575856805984044,-3.0119690723343435,0.9559793438440766,0.2934339689665273,False,train
0.7667642072799952,1,0.0396293106319916,1.0,6.062161152395872e-05,1.0,2022-03-22,Delhi,0.0081795613132793,-9.710859102656974,-3.228186267036021,0.984305844499033,0.17647097349152166,False,train
0.8286162599006633,1,0.0388995653758046,1.0,8.938833728651555e-05,1.0,2022-03-29,Delhi,0.0073129267157412,-9.322520339702956,-3.246772201278647,0.998376906467142,0.056952196034039754,False,train
0.8744977325191005,1,0.040311736894268,1.0,8.632930970555732e-05,1.0,2022-04-05,Delhi,0.0066064082916035,-9.357341391746061,-3.2111126143599082,0.9979887423155984,-0.06339140486951038,False,train
1.555744972216896,1,0.0410970646770253,1.0,7.996593026327258e-05,1.0,2022-04-12,Delhi,0.9668537883079216,-9.433909885708596,-3.191818579080889,0.9831469737221499,-0.1828169249850199,False,train
1.2218910283124784,1,0.0389159801119879,1.0,7.43677260644253e-05,1.0,2022-04-19,Delhi,0.6887369583579388,-9.506488499695742,-3.246350312918837,0.9540665500578387,-0.2995947563972602,False,train
1.5142977679162766,1,0.0422606280073015,1.0,8.50673822267353e-05,1.0,2022-04-26,Delhi,0.9912310187005412,-9.372066883440835,-3.163899406343794,0.9111686353326631,-0.41203363695942635,False,train
1.9024679607363384,1,0.0459201387896959,1.0,8.249426613902118e-05,1.0,2022-05-03,Delhi,2.9198133105065898,-9.402781768384168,-3.080851504551702,0.8550745085896932,-0.518505144391157,False,train
1.4034377602364887,1,0.0462228225968284,1.0,7.11098015154066e-05,1.0,2022-05-10,Delhi,0.1572391661421754,-9.55128537530595,-3.0742816072677566,0.7865965660866021,-0.6174672802835514,False,train
2.10456266394221,1,0.0397551420461965,1.0,6.964215323548515e-05,1.0,2022-05-17,Delhi,16.45815699033584,-9.572140524020671,-3.2250160865952924,0.7067265555776159,-0.7074868024503348,False,train
1.4551946220232057,1,0.0380283155930935,1.0,7.024570883533083e-05,1.0,2022-05-24,Delhi,10.63187043156871,-9.563511335810713,-3.2694242495534094,0.6166212130956382,-0.7872599821916922,False,train
1.863744307969192,1,0.0381682076194741,1.0,7.815917040513824e-05,1.0,2022-05-31,Delhi,0.0112836735451777,-9.456763164345208,-3.2657523711616077,0.5175855102531889,-0.8556314858488706,False,train
2.0108799538898907,1,0.0359496561557229,1.0,5.684199235144726e-05,1.0,2022-06-07,Delhi,0.0154460603800894,-9.775235203424145,-3.325635759374788,0.4110537546870351,-0.9116111071930239,False,train
0.0937592814795096,1,0.0343975024190179,1.0,5.55919843622782e-05,1.0,2022-06-14,Delhi,9.416607797127597,-9.797471533246751,-3.3697713213369065,0.2985688173637202,-0.9543881083175908,False,train
0.8459377796525407,1,0.0383777742914957,1.0,7.456181889513533e-05,1.0,2022-06-21,Delhi,3.884213208829712,-9.503881992831712,-3.260276781446948,0.18175978759137534,-0.9833429613388902,False,train
-0.9415309958452388,1,0.0421236410586092,1.0,5.673256745759699e-05,0.8455882352941176,2022-06-28,Delhi,87.47078572062514,-9.777162130156551,-3.1671461505662477,0.062318379354325076,-0.998056320853012,False,train
-0.5468691431130611,1,0.0361827263938399,1.0,5.5383907589984214e-05,1.0,2022-07-05,Delhi,19.30987592489736,-9.801221483122655,-3.3191734454738198,-0.05802556932878035,-0.9983150972033183,False,train
-0.4167020234009684,1,0.0347584992562509,1.0,5.181879998577518e-05,1.0,2022-07-12,Delhi,50.21980482107607,-9.867757540455157,-3.3593311539631654,-0.17752914918703497,-0.984115542601034,False,train
-0.7329301481329026,1,0.034208241767548,1.0,4.203719447557613e-05,0.9926470588235294,2022-07-19,Delhi,55.40133511132319,-10.076955748826144,-3.3752886765911616,-0.2944616217868012,-0.9556633054034704,False,train
-0.8269206170951264,1,0.0317873377099074,1.0,4.122301948058532e-05,0.9007352941176472,2022-07-26,Delhi,78.00446112644002,-10.096513732380709,-3.44868725371583,-0.4071294853542516,-0.9133704517637858,False,train
-0.7367341218663138,1,0.0350586975698697,1.0,4.595448924719295e-05,0.9889705882352942,2022-08-02,Delhi,54.186118827993525,-9.987859015410438,-3.3507315487851876,-0.5139010013093103,-0.8578494977869301,False,train
-0.589646418440496,1,0.0331671197288397,1.0,3.841685958836909e-05,1.0,2022-08-09,Delhi,21.91211907075866,-10.16701414294518,-3.4061962634129777,-0.6132298262997502,-0.7899045386224707,False,train
-0.863858062314852,1,0.0311779148592982,1.0,4.332974378949304e-05,0.9889705882352942,2022-08-16,Delhi,12.581996617302734,-10.046671235234944,-3.468045291889584,-0.7036774074790128,-0.7105196029692745,False,train
-0.3671753779092992,1,0.0350642718599094,1.0,4.3462063226748454e-05,1.0,2022-08-23,Delhi,6.0024672173321365,-10.043622110108494,-3.3505725626470713,-0.7839338166829201,-0.620844401650647,False,train
-0.5433142541981065,1,0.0366380365918628,1.0,4.921667099776757e-05,1.0,2022-08-30,Delhi,0.9095456090690838,-9.91927815044176,-3.3066683270786403,-0.8528367217694595,-0.522177676659508,False,train
-0.6703997759224214,1,0.0367599932095685,1.0,6.044751993769725e-05,1.0,2022-09-06,Delhi,7.0103354859882,-9.713735008416764,-3.3033451662180493,-0.9093882203647925,-0.4159483918249421,False,train
-0.21356188577936,1,0.0365265309906337,1.0,5.42614714921033e-05,0.9705882352941176,2022-09-13,Delhi,45.64115330238857,-9.821696131821753,-3.309716405984719,-0.9527692922168511,-0.30369503751065885,False,train
-0.5724190518957706,1,0.0367681465478693,1.0,5.0520306807813344e-05,1.0,2022-09-20,Delhi,115.8769084532381,-9.893135187503328,-3.3031233915788127,-0.9823516608469237,-0.18704334906991657,False,train
-0.2010519449901313,1,0.034901297953014,1.0,6.510473657931385e-05,1.0,2022-09-27,Delhi,1.1529800960235173,-9.639513252881716,-3.3552312598345364,-0.9977068927101168,-0.06768276175455162,False,train
-0.2704057149054176,1,0.0395134802237271,1.0,7.489471593199466e-05,0.9779411764705882,2022-10-04,Delhi,143.94819006495686,-9.499427218234226,-3.231113393808167,-0.9986126020839734,0.052658056924614005,False,train
-0.0856008788797328,1,0.0358950228398166,1.0,7.831020694501942e-05,1.0,2022-10-11,Delhi,2.5495461959048744,-9.45483260656644,-3.3271566326586823,-0.9850556718215013,0.172236243027682,False,train
0.2202799663899386,1,0.0381679929366983,0.9963235294117648,9.3662065280118e-05,1.0,2022-10-18,Delhi,0.2121142319327211,-9.275817303628612,-3.2657579958265566,-0.957232443323312,0.2893199776186952,False,train
1.2154850794288226,1,0.0498513087648315,1.0,8.997130649220278e-05,1.0,2022-10-25,Delhi,0.006452141145181,-9.316019755220177,-2.9987105288601152,-0.9155458729775467,0.40221356823680365,False,train
1.1818607895859534,1,0.0519720122868461,0.9852941176470588,9.08536100873042e-05,1.0,2022-11-01,Delhi,0.7369164349821848,-9.30626102712232,-2.957049930548874,-0.8605996962501181,0.5092820071573356,False,train
0.3574913939985557,1,0.0406654832870489,1.0,7.859843704196369e-05,1.0,2022-11-08,Delhi,3.2432901455627836,-9.451158743689115,-3.2023756228391864,-0.7931896839451843,0.6089746507720486,False,train
0.2435190340341546,1,0.0384537175563297,1.0,9.730220704403274e-05,1.0,2022-11-15,Delhi,0.0038822035648422,-9.237688886151533,-3.2582999022340093,-0.7142921172691032,0.699847677146407,False,train
0.3085831985391809,1,0.0400280805590999,1.0,0.0001214556891118,1.0,2022-11-22,Delhi,0.0043117198238462,-9.015961060370717,-3.218174057187253,-0.6250496486104377,0.7805849965070866,False,train
0.2285438520849468,1,0.0434554424141988,1.0,0.0001462829084451,1.0,2022-11-29,Delhi,0.004748563451784,-8.829968082155158,-3.1360191781711464,-0.5267547528105542,0.8500173118187018,False,train
-0.0642644983958385,1,0.0377180991449972,1.0,0.0001096534973914,1.0,2022-12-06,Delhi,0.0068798651113866,-9.118185187654642,-3.2776152163096715,-0.42083100859565564,0.9071390534005044,False,train
0.2356396028242069,1,0.0372537685856936,1.0,0.000118750401163,1.0,2022-12-13,Delhi,0.00644690830498,-9.038486736840493,-3.2900021691881824,-0.30881248126625377,0.9511229423235357,False,train
-0.1653097226893248,1,0.0386597519407777,1.0,0.0001426354633916,1.0,2022-12-20,Delhi,0.0279252634325892,-8.855218389516962,-3.2529562216535335,-0.19232150523909483,0.9813319716704275,False,train
-0.140523395754183,1,0.0404481873646083,1.0,0.0001368914808345,1.0,2022-12-27,Delhi,0.0562751960781713,-8.896322056718674,-3.207733448234289,-0.07304518821104743,0.9973286321364752,False,train
0.0408995174650864,1,0.0399731252612173,1.0,0.0001874653455706,1.0,2023-01-03,Delhi,0.0833524793597131,-8.581916553259266,-3.219547919142535,0.051584366869408364,0.9986686402879997,False,train
-0.2214824199778285,1,0.0407382393825065,1.0,0.0001257558658794,1.0,2023-01-10,Delhi,6.413359577486065,-8.981168102920083,-3.200588085059716,0.17117705961019986,0.985240282501282,False,train
-0.1038055129746848,1,0.0405770310687052,1.0,0.0001732202566903,1.0,2023-01-17,Delhi,1.0919470662892867,-8.660946613187978,-3.2045531096881454,0.2882906407095177,0.9575429528116719,False,train
-0.1370135234135618,1,0.0376100287624892,1.0,9.363925941071147e-05,1.0,2023-01-24,Delhi,16.76189606296419,-9.276060824271692,-3.280484541743758,0.4012289854475009,0.9159777842484877,False,train
-0.1480509850298693,1,0.0364096334335333,1.0,9.617670677701609e-05,1.0,2023-01-31,Delhi,0.0083417269364092,-9.249323362906663,-3.312921884586939,0.5083564379375122,0.8611467540480452,False,train
0.0990400446089562,1,0.0376642928115558,1.0,8.908102103353884e-05,1.0,2023-02-07,Delhi,0.0054494529282892,-9.32596425365675,-3.2790427736259784,0.6081214998935418,0.7938439653781019,False,train
0.1761686294654666,1,0.0438827637276636,1.0,0.0001056050360009,1.0,2023-02-14,Delhi,0.0087584525613258,-9.155804498426754,-3.1262336617922393,0.6990793005655562,0.7150441465537444,False,train
0.0352131170743802,1,0.0397944729603818,1.0,8.328564775002807e-05,1.0,2023-02-21,Delhi,0.0264487216784823,-9.393234319554153,-3.2240272466772897,0.7799125224167177,0.6258885343075018,False,train
-0.0713304452259414,1,0.0378514232339246,1.0,7.289971128698719e-05,1.0,2023-02-28,Delhi,0.982799963898462,-9.526425879355484,-3.274086697852521,0.8494504794814806,0.527668345562516,False,train
-0.207616240927271,1,0.0414356175882859,1.0,7.483982704820105e-05,1.0,2023-03-07,Delhi,1.750883959620383,-9.500160367515077,-3.1836144398016,0.9066860720977985,0.4218060770826634,False,train
-0.3384971142484117,1,0.0434588338955798,1.0,7.62716674804526e-05,1.0,2023-03-14,Delhi,34.97698172520746,-9.481209019165536,-3.1359411361847958,0.9507903724625832,0.3098349038318025,False,train
-0.2991842606305583,1,0.0369599335876599,1.0,7.072659149397286e-05,1.0,2023-03-21,Delhi,13.795213622905983,-9.556688938463928,-3.2979208290809416,0.981124629771712,0.19337647441020586,False,train
-0.5050364180289293,1,0.0362217369489387,1.0,7.063501387748087e-05,1.0,2023-03-28,Delhi,24.077339910320553,-9.557984589133179,-3.3180958721565803,0.9972495210773451,0.07411742515094437,False,train
0.5223091100229088,1,0.0359526960966781,1.0,6.57617138036096e-05,1.0,2023-04-04,Delhi,0.2307600057635935,-9.629472746065531,-3.3255512018919857,0.9989315138848577,-0.046215046983708354,False,train
0.7252451512559377,1,0.0379580880403496,1.0,7.501992950750895e-05,1.0,2023-04-11,Delhi,0.1692596716976714,-9.497756752960282,-3.27127267425523,0.986146248341595,-0.16587819893463143,False,train
0.3635819558033801,1,0.037538986936164,1.0,7.370260978032716e-05,1.0,2023-04-18,Delhi,2.668645730367459,-9.515472348536678,-3.2823752344382027,0.9590788900341131,-0.28313898122818354,False,train
-0.0601943638647359,1,0.0475982859471185,0.9889705882352942,9.098401297653844e-05,1.0,2023-04-25,Delhi,24.33430370955592,-9.30482674845774,-3.044958527907438,0.9181214482844365,-0.39629913726891813,False,train
0.0251907533301582,1,0.0411987637049533,1.0,6.579961831344294e-05,1.0,2023-05-02,Delhi,25.80981590441756,-9.628896520357381,-3.1893470302382076,0.8638670987837349,-0.503719798736334,False,train
1.0285638124119565,1,0.0428860374703329,1.0,8.061152482856181e-05,1.0,2023-05-09,Delhi,1.523451175212689,-9.425868930726077,-3.1492089729160164,0.7971015927871943,-0.6038452208771035,False,train
1.1734903603037392,1,0.0381603019573839,1.0,6.701097976472668e-05,1.0,2023-05-16,Delhi,2.142744910011779,-9.610654074914217,-3.265959519504011,0.7187918772884232,-0.6952253139408723,False,train
0.3724774726731685,1,0.0363940510252598,1.0,6.0002361443315333e-05,1.0,2023-05-23,Delhi,24.77194579058586,-9.721126639128066,-3.3133499510681146,0.6300720909843687,-0.7765366444428655,False,train
-0.2075221635455111,1,0.0350737529414387,1.0,5.465536249157987e-05,1.0,2023-05-30,Delhi,6.143554888571926,-9.814463223881493,-3.350302207683016,0.5322271388474397,-0.8466016020976267,False,train
1.046145961277451,1,0.0357857315758209,1.0,6.022813598134814e-05,1.0,2023-06-06,Delhi,0.4564347238759083,-9.717370939729774,-3.330206024355976,0.42667408318992467,-0.9044054548343001,False,train
0.2050747743568989,1,0.0300982215517407,1.0,4.046129666022822e-05,1.0,2023-06-13,Delhi,14.11708171720058,-10.115164678783968,-3.503289193632652,0.31494162072895193,-0.9491110448902284,False,train
-0.4119420805046179,1,0.0396145172747846,1.0,5.769818204159719e-05,1.0,2023-06-20,Delhi,53.47851916646225,-9.760284892024616,-3.2285596300541792,0.19864794288017112,-0.9800709131432666,False,train
-0.69125809743256,1,0.0378503733879983,1.0,5.001082363465792e-05,1.0,2023-06-27,Delhi,22.791408747772973,-9.903271103269802,-3.2741144342068274,0.07947729992362097,-0.9968366760893436,False,train
-0.6587001467120673,1,0.0397554785571518,0.9705882352941176,5.5154505858183e-05,0.8529411764705882,2023-07-04,Delhi,110.42092810367896,-9.805372113731227,-3.2250076220416832,-0.04084439154329611,-0.9991655196610109,False,train
-0.7251336648937748,1,0.0366358383513863,1.0,4.109059486018552e-05,0.8860294117647058,2023-07-11,Delhi,49.92733835715115,-10.099731298167528,-3.3067283277399637,-0.16057454459499376,-0.9870237158387383,False,train
-0.9946239150402412,1,0.0356840051523558,1.0,4.570371279739749e-05,1.0,2023-07-18,Delhi,25.186254089084574,-9.99333102053268,-3.3330527255422067,-0.2779791393987801,-0.9605871111248129,False,train
-0.6538711995066034,1,0.034386856884068,1.0,4.9572012154664495e-05,0.9191176470588236,2023-07-25,Delhi,98.0885481749271,-9.912084154569541,-3.3700808549327053,-0.3913578365610259,-0.9202385798054075,False,train
-0.5242819921876941,1,0.0344240493455267,1.0,3.809727398403765e-05,1.0,2023-08-01,Delhi,25.73487483536681,-10.175367827366758,-3.368999849983971,-0.4990686026885319,-0.8665624788845385,False,train
-0.5689868678198597,1,0.037535908804052,1.0,4.315345047611121e-05,0.9926470588235294,2023-08-08,Delhi,3.8099345675242784,-10.05074817894792,-3.282457236073593,-0.5995514915196489,-0.8003361849976323,False,train
-0.3675727350954738,1,0.037389025216662,1.0,4.690607051928858e-05,1.0,2023-08-15,Delhi,12.700292041101813,-9.967363455508789,-3.2863780610293505,-0.6913512362094071,-0.722518835873311,False,train
0.0103360635595087,1,0.0351823813328322,1.0,4.3575730692197614e-05,1.0,2023-08-22,Delhi,21.22381393343671,-10.041010198088394,-3.347209852002467,-0.7731383255706027,-0.6342374393978054,False,train
0.2270686713778002,1,0.035514036281612,1.0,5.265253963901957e-05,1.0,2023-08-29,Delhi,0.0469609674096686,-9.851796084288939,-3.3378272724316664,-0.8437282590292712,-0.5367705514607103,False,train
-0.5688184704015519,1,0.0397424054906061,1.0,5.498687409065592e-05,1.0,2023-09-05,Delhi,58.98880838287966,-9.808416054111103,-3.2253365129755776,-0.9020987014301837,-0.4315297589714715,False,train
-0.8216215894675132,1,0.0385065646021644,1.0,5.246946070038179e-05,1.0,2023-09-12,Delhi,29.109908259257207,-9.855279258565439,-3.2569265430763035,-0.9474042892438845,-0.32003923622313857,False,train
-0.7105248061506229,1,0.0376102409918945,1.0,6.155798581251824e-05,1.0,2023-09-19,Delhi,8.502699897702211,-9.695530968623773,-3.280478898865688,-0.9789888737409319,-0.20391367068311472,False,train
0.2284657379637735,1,0.0372288890636191,1.0,6.309768875177966e-05,1.0,2023-09-26,Delhi,0.4699377074042576,-9.670826417427406,-3.290670231359566,-0.9963950238187231,-0.08483487790576538,False,train
0.3226568907689874,1,0.0371314980704328,1.0,6.444440626973508e-05,1.0,2023-10-03,Delhi,0.0051560152915228,-9.649707624126384,-3.2932896649754118,-0.9993706508539969,0.03547255575312556,False,train
0.3117718372512646,1,0.0367438456309453,1.0,7.681771076728392e-05,1.0,2023-10-10,Delhi,6.228753929459286,-9.474075335447795,-3.303784533171876,-0.9878726596350429,0.15526624985999563,False,train
-0.0489602266919525,1,0.0387837008313162,1.0,9.070983236836282e-05,1.0,2023-10-17,Delhi,1.860160869111387,-9.307844801334246,-3.2497552022790392,-0.9620675724981452,0.27281126433401914,False,train
0.3978306954063422,1,0.0431473378412322,1.0,9.8098872836433e-05,1.0,2023-10-24,Delhi,0.12464398753773,-9.229534681403585,-3.143134558808267,-0.9223291176290545,0.3864052261209853,False,train
1.4289708531833338,1,0.0573492655746467,0.9926470588235294,0.000100058978802,1.0,2023-10-31,Delhi,0.3556745930816878,-9.209750757812781,-2.8585952415106086,-0.8692328164574792,0.4944029842076182,False,train
0.8900499481339046,1,0.0503968855318532,1.0,7.16784765382627e-05,1.0,2023-11-07,Delhi,1.7656334644534355,-9.54332004317493,-2.9878259008171164,-0.8035476485339116,0.5952404359043674,False,train
0.5733448123640502,1,0.0486090700905023,1.0,0.0001021342995988,1.0,2023-11-14,Delhi,0.0081895913304208,-9.18922194798694,-3.023945138111821,-0.7262249146041543,0.6874571793269664,False,train
0.3060950243844937,1,0.0472376007288356,1.0,9.702159792628096e-05,1.0,2023-11-21,Delhi,2.1597104092550685,-9.240576945211911,-3.0525650779174702,-0.6383844591746642,0.769717664006921,False,train
0.011940414812406,1,0.0462513126806487,1.0,9.826656171262768e-05,1.0,2023-11-28,Delhi,5.0303943124278385,-9.227826754371087,-3.073665433142176,-0.5412984521036173,0.8408305333122887,False,train
0.1321887173806308,1,0.0417682173811454,1.0,9.8801451515424e-05,1.0,2023-12-05,Delhi,0.006470752930776,-9.22239826186671,-3.1756195783972596,-0.4363729641045924,0.8997658785476209,False,train
-0.0414018471299839,1,0.0439564819046687,1.0,0.0001297602169438,1.0,2023-12-12,Delhi,0.0097625161589588,-8.94982229571355,-3.12455518211538,-0.3251276029999093,0.9456701548465688,False,train
0.0946567623956969,1,0.0434965271491967,1.0,0.0001341437274463,1.0,2023-12-19,Delhi,0.1404401533088586,-8.91659873994728,-3.1350741797251844,-0.20917350564635637,0.9778785428342386,False,train
-0.0448468451756254,1,0.0438866420168991,1.0,0.0001686354235948,0.7904411764705882,2023-12-26,Delhi,0.1138098581990971,-8.687771430107103,-3.1261452872793867,-0.09019000427034513,0.9959245770286599,False,train
-0.1535990135827573,1,0.0424377664954411,1.0,0.0001282488817406,1.0,2024-01-02,Delhi,0.2821789019392308,-8.961537793322949,-3.1597165939670964,0.03439806061360801,0.9994082116062598,False,train
-0.2925088785980709,1,0.0420176674828573,1.0,0.0001555245498817,1.0,2024-01-09,Delhi,0.0301459751118626,-8.768706961753523,-3.1696650947952625,0.1542040475626894,0.988039023376751,False,train
0.1741561295525016,1,0.0458882039525201,1.0,0.0001519173508681,1.0,2024-01-16,Delhi,0.0602809831833667,-8.792173929289348,-3.081547189442855,0.2717767384711357,0.9623603298276545,False,train
-0.1900263324019339,1,0.0491185946168934,1.0,0.0001135420627846,1.0,2024-01-23,Delhi,0.0528433230428774,-9.08333719247586,-3.013517606772156,0.38541335945432564,0.9227440286201427,False,train
-0.1832084772103895,1,0.0405735900725248,0.9963235294117648,0.0001016069259826,0.9963235294117648,2024-01-30,Delhi,26.682667835768985,-9.194398856023223,-3.2046379148599127,0.49346814167723735,0.8697638720650646,False,train
-0.4215139751335711,1,0.0399097646897285,1.0,8.859076053292944e-05,1.0,2024-02-06,Delhi,0.0060229906253539,-9.331482988715129,-3.221134255961715,0.5943761565849831,0.804187157621448,False,train
-0.0037219914110403,1,0.0410443623245499,1.0,8.975295234399088e-05,1.0,2024-02-13,Delhi,0.5264256185043755,-9.31844963593925,-3.193101789310635,0.6866759803451553,0.726963615332308,False,train
-0.1046702365029474,1,0.0403560081396403,1.0,7.52742226888835e-05,1.0,2024-02-20,Delhi,0.6437322794820619,-9.494372809934967,-3.210014994740111,0.7690308592589181,0.6392116531380588,False,train
-0.4953312524321558,1,0.0372887560738845,1.0,6.821393361007855e-05,1.0,2024-02-27,Delhi,36.76915220704501,-9.592861708849192,-3.2890634435166293,0.8402480696078469,0.5422021592729844,False,train
-0.128741163662907,1,0.0387247914796319,1.0,5.975672033357692e-05,1.0,2024-03-05,Delhi,0.2801877749865418,-9.72522889927528,-3.251275277338456,0.8992961915530253,0.4373400963303323,False,train
0.0187039876434981,1,0.0387184173755832,1.0,6.405445085932425e-05,1.0,2024-03-12,Delhi,0.1285598064971513,-9.6557770416483,-3.2514398909735913,0.945320046913132,0.3261441535642696,False,train
0.0059832113313435,1,0.042846419338439,1.0,5.76847530193389e-05,1.0,2024-03-19,Delhi,0.0264574131919064,-9.76051766513464,-3.1501332001267777,0.9776530844816641,0.2102247521189836,False,train
0.2312364944687063,1,0.0443534454415507,1.0,6.301603154241326e-05,1.0,2024-03-26,Delhi,0.91113540702838,-9.672121395017273,-3.1155648857231952,0.9958270335100595,0.09126072172931188,False,train
0.2422568719407972,1,0.0383498903045939,1.0,7.043243123968016e-05,1.0,2024-04-02,Delhi,0.0391054348450934,-9.560856729858411,-3.2610036115486105,0.9995786855478958,-0.029025013321975237,False,train
-0.0523082572290433,1,0.0452200073350694,0.9889705882352942,8.493438626361103e-05,1.0,2024-04-09,Delhi,0.2457866314309156,-9.373631525872941,-3.0962156499238036,0.9888537064205885,-0.1488903868564548,False,train
0.4542821309485815,1,0.0364868987194775,1.0,5.960302482226572e-05,1.0,2024-04-16,Delhi,0.4885292785640939,-9.727804233129374,-3.3108020220201793,0.9638074231367307,-0.26659942067929354,False,train
0.8161824986050016,1,0.0404753471695999,1.0,7.574446680645158e-05,1.0,2024-04-23,Delhi,0.5074050779611129,-9.48814516170213,-3.2070622020716564,0.9248025743285089,-0.38044736628785164,False,train
0.9159589331049786,1,0.0429661965723426,1.0,8.875098810131013e-05,1.0,2024-04-30,Delhi,0.004895546636092,-9.329675996134837,-3.147341598672422,0.8724040568049612,-0.48878539428899265,False,train
0.7968046254949652,1,0.0513803210353408,0.9963235294117648,8.562987036541882e-05,1.0,2024-05-07,Delhi,2.617792820609563,-9.365476382819427,-2.968500039064941,0.8073707443023492,-0.5900444739548627,False,train
1.0795688791414428,1,0.05300095518149,1.0,9.81930092219942e-05,1.0,2024-05-14,Delhi,0.0111374790476974,-9.22857553432332,-2.937445343300151,0.7306444969184916,-0.6827580970759147,False,train
0.770399327953468,1,0.0490721228761933,1.0,8.25080972409168e-05,1.0,2024-05-21,Delhi,0.0503114750429835,-9.402614121065126,-3.0144641676153063,0.6433365204044917,-0.765583517007675,False,train
1.2401883042546984,1,0.0422075553279898,1.0,8.069721151041399e-05,1.0,2024-05-28,Delhi,0.3565167010770589,-9.424806537059666,-3.165156037756951,0.5467112728685939,-0.8373211953118121,False,train
1.178509738678576,1,0.0384565477268802,1.0,7.374134228412004e-05,1.0,2024-06-04,Delhi,1.396177485736998,-9.514946962393108,-3.258226305542037,0.44216815196707204,-0.8969321743510065,False,train
1.1417518209398887,1,0.0383967779557557,1.0,6.734075729017897e-05,1.0,2024-06-11,Delhi,0.0101081166088291,-9.605744898524176,-3.259781730311074,0.3312212278016865,-0.9435531242349544,False,train
0.0155658323606596,1,0.0410969216038197,1.0,6.415690734350576e-05,1.0,2024-06-18,Delhi,7.67830870396184,-9.654178797819872,-3.191822060435477,0.21547731504673012,-0.976508846196619,False,train
-0.5521605292411401,1,0.047752056218221,1.0,7.666749009896692e-05,0.9926470588235294,2024-06-25,Delhi,81.51449913310282,-9.476032797345558,-3.04173315082085,0.0966127018812031,-0.9953220513156602,False,train
-0.4954655113221005,1,0.0390752802704566,0.8860294117647058,4.867591187700397e-05,0.7941176470588235,2024-07-02,Delhi,76.27804809015217,-9.930326272890653,-3.242265230071872,-0.023651127245231586,-0.9997202729664083,False,train
-0.6721290540232225,1,0.0380828855472937,1.0,5.729504502977195e-05,1.0,2024-07-09,Delhi,33.64303193539114,-9.767296412157696,-3.2679902960029925,-0.1435724234118113,-0.9896398128792412,False,train
-0.6784431399660692,1,0.0384310010192856,1.0,4.264985187228602e-05,0.9852941176470588,2024-07-16,Delhi,9.624398849492945,-10.062486757132593,-3.258890826883953,-0.2614143985111562,-0.965226663665613,False,train
-0.6409612210895119,1,0.0385178233189297,1.0,4.66093371953339e-05,1.0,2024-07-23,Delhi,23.436408041158295,-9.973709667905279,-3.2566342014647867,-0.3754703786876202,-0.9268343944460494,False,train
-0.9080796997252344,1,0.0354678391643901,1.0,4.4802231125112425e-05,0.9779411764705882,2024-07-30,Delhi,32.94718320633123,-10.013252617883577,-3.339128932142807,-0.48408852163897587,-0.8750190302029955,False,train
-0.8793569467807222,1,0.035412439063648,1.0,3.591973829656678e-05,0.7977941176470589,2024-08-06,Delhi,81.2695800644386,-10.23422360028714,-3.340692134585246,-0.5856957398073508,-0.8105309990194823,False,train
-0.7606155857898688,1,0.0366608177360833,1.0,3.6835362065581525e-05,0.9963235294117648,2024-08-13,Delhi,69.21422463642445,-10.209052248487781,-3.3060467308705443,-0.6788204829862357,-0.734304263829602,False,train
-1.0249552590703548,1,0.0354670631668457,1.0,4.1940916545308414e-05,1.0,2024-08-20,Delhi,46.684648831714675,-10.079248679002337,-3.339150811288867,-0.7621140503891487,-0.6474427960827475,False,train
-0.7611314918501281,1,0.0364267103930293,1.0,3.9899069382784835e-05,1.0,2024-08-27,Delhi,46.84446165921731,-10.129157558080188,-3.3124529714341984,-0.8343701235229537,-0.5512045872199277,False,train
-0.8753835321392118,1,0.0374228437361059,1.0,4.6640676536321045e-05,0.9963235294117648,2024-09-03,Delhi,54.57326650085325,-9.973037510531507,-3.2854739659380003,-0.8945422369764496,-0.4469834295196742,False,train
-0.716137491125803,1,0.0374606307278724,1.0,4.6578679102289526e-05,1.0,2024-09-10,Delhi,159.7516221470973,-9.974367651525245,-3.2844647447381496,-0.9417589340994617,-0.33628873017668287,False,train
-0.7800818963400648,1,0.0379788761253621,1.0,5.516778248587701e-05,1.0,2024-09-17,Delhi,26.44266358336251,-9.80513142568972,-3.27072516525852,-0.9753363880767837,-0.2207236509605022,False,train
-0.5523401500396686,1,0.0399217540230409,1.0,5.323672162797815e-05,0.9963235294117648,2024-09-24,Delhi,3.669719472634144,-9.840762143568892,-3.2208338900512112,-0.994788305609327,-0.10196189005174576,False,train
0.0153409973604972,1,0.0372709372283991,1.0,6.337202371262576e-05,1.0,2024-10-01,Delhi,0.0848795131294946,-9.666488060270115,-3.2895414188149554,-0.999832969770105,0.018276557681691223,False,train
-0.1095502217117871,1,0.0409040931622166,1.0,7.837539685493616e-05,1.0,2024-10-08,Delhi,0.0133573827540981,-9.454000495484154,-3.196525143624972,-0.9903973200352558,0.13825031091098192,False,train
0.3585973361551002,1,0.044319799609038,1.0,9.802800654959644e-05,1.0,2024-10-15,Delhi,0.0743419812747197,-9.230257339003016,-3.1163237580100542,-0.9666180104000972,0.2562218218071163,False,train
0.0255526265535858,1,0.0454969039080936,1.0,8.454655886339107e-05,1.0,2024-10-22,Delhi,0.0076838321283508,-9.378208182875593,-3.0901110013164295,-0.9288394302558068,0.3704825404820963,False,train
0.7269553408472653,1,0.0470721666467699,1.0,8.207763136953915e-05,1.0,2024-10-29,Delhi,0.00429157336157,-9.40784503454179,-3.0560733943167873,-0.8776087166898392,0.4793776594606945,False,train
0.8587625379780638,1,0.0573039684663228,1.0,9.80606406963503e-05,1.0,2024-11-05,Delhi,0.0366499850859175,-9.229924488044906,-2.8593853999576786,-0.8136678304455991,0.5813300798152042,False,train
0.8920450316852625,1,0.0587632192106867,1.0,7.254966062607496e-05,1.0,2024-11-12,Delhi,0.0313144461708333,-9.53123925643861,-2.834239143426861,-0.7379428103031386,0.6748632518680403,False,train
1.0190539109489298,1,0.0533766599419215,1.0,9.154705846594904e-05,1.0,2024-11-19,Delhi,0.0057871376885597,-9.2986574177155,-2.9303817083024772,-0.6515303615068021,0.75862255966641,False,train
0.3101051336329134,1,0.0429193271718283,1.0,9.210179590978974e-05,1.0,2024-11-26,Delhi,0.0073091140961878,-9.29261611532972,-3.148433037674567,-0.5556819724760489,0.8313949395234058,False,train
0.1685619049238249,1,0.0403359183773433,1.0,9.502390750282326e-05,1.0,2024-12-03,Delhi,0.8886769712741945,-9.261382040099821,-3.210512932107063,-0.451785789832884,0.8921264484954345,False,train
-0.0793377613408178,1,0.0403274539781749,1.0,0.0001099528918035,1.0,2024-12-10,Delhi,0.0047224425721026,-9.115458540231609,-3.210722801815018,-0.34134651424503615,0.9399375283564133,False,train
0.2730608973151882,1,0.0486814721887505,1.0,0.0001129728695887,1.0,2024-12-17,Delhi,3.648759834425344,-9.088362860214062,-3.022456769151844,-0.22596360824801906,0.974135744004672,False,train
-0.3155703369232576,1,0.0422596276502738,1.0,9.956014172731042e-05,1.0,2024-12-24,Delhi,33.05656893689964,-9.214748656929231,-3.1639230777588874,-0.10730813165636247,0.9942258118156161,False,train
-0.3940986053292651,1,0.0425297578079021,1.0,0.0001478791449218,0.9705882352941176,2024-12-31,Delhi,0.4800854262366346,-8.81911520615627,-3.1575512643506767,0.012901459949419653,0.9999167727021953,False,train
-0.159828515039282,1,0.0446909976133944,1.0,0.0001376750158205,1.0,2025-01-07,Delhi,6.3976027897618755,-8.890614607903805,-3.1079831933189492,0.1201261651823505,0.9927586335250793,False,train
-0.2942178031578664,1,0.0420602053694233,1.0,8.412265360518293e-05,1.0,2025-01-14,Delhi,3.7029255132276497,-9.383234662154392,-3.16865322594672,0.23851257519407648,0.9711394088771653,False,train
-0.3020568726955941,1,0.0401316024247093,1.0,8.076878817511556e-05,1.0,2025-01-21,Delhi,0.9669551399102398,-9.423919952025921,-3.2155911646580324,0.3534446712740877,0.9354554315134164,False,train
-0.2065529069326084,1,0.045303276007142,1.0,9.145870233241558e-05,1.0,2025-01-28,Delhi,0.8537372734319272,-9.299623028196976,-3.0943759310695174,0.4632579225674917,0.88622350294858,False,train
-0.1568725776821924,1,0.0366950959996747,1.0,7.964945150862148e-05,1.0,2025-02-04,Delhi,1.7144894430741262,-9.437875407901588,-3.305112156837158,0.5663619330814524,0.8241566360566663,False,train
-0.0468741022294929,1,0.0386961805588749,1.0,7.608893020485361e-05,1.0,2025-02-11,Delhi,0.0112509289516589,-9.483607767477077,-3.2520143773860557,0.6612634749656386,0.7501537286959042,False,train
-0.2908932263974492,1,0.038163064456958,1.0,8.194190633747657e-05,1.0,2025-02-18,Delhi,10.29442084725117,-9.409500021074969,-3.265887130150525,0.746588114532413,0.6652865452111116,False,train
-0.0391748033671125,1,0.039221969488473,1.0,7.386391563257316e-05,1.0,2025-02-25,Delhi,17.478940165445213,-9.51328613569414,-3.2385182430424857,0.8211001178128892,0.5707841943569036,False,train
0.0673283333931668,1,0.040365177676282,1.0,6.334678213137135e-05,1.0,2025-03-04,Delhi,0.0064537550201748,-9.666886447572145,-3.209787804403684,0.8837203473619977,0.4680153284438345,False,train
-0.3216273214528928,1,0.0396909833396974,1.0,6.890276926278119e-05,1.0,2025-03-11,Delhi,7.513018063343085,-9.582814188259162,-3.2266312369914907,0.9335418911179212,0.35846832151248087,False,train
-0.0389129824335617,1,0.0387944464367095,1.0,7.44700207557886e-05,1.0,2025-03-18,Delhi,0.1116781957862355,-9.505113919528336,-3.2494781756719227,0.969843196967294,0.24372971360968387,False,train
0.1694280826374184,1,0.0397963568241932,1.0,6.597519606831555e-05,1.0,2025-03-25,Delhi,0.0072866674614147,-9.626231703721546,-3.223979907962092,0.992098522791769,0.12546123335273648,False,train
0.4295164039236759,1,0.0385634338865076,1.0,7.335552862414926e-05,1.0,2025-04-01,Delhi,0.01513048320003,-9.520192683016665,-3.2554507601314517,0.9999855506507186,0.005375731557583884,False,train
0.5282987499136352,1,0.0444516710043968,1.0,8.729783340697132e-05,1.0,2025-04-08,Delhi,5.311060889690735,-9.346184913216245,-3.1133527248290034,0.9933900548258936,-0.11478762552212701,False,train
0.74066414382357,1,0.0451351490111898,1.0,7.170756279441709e-05,1.0,2025-04-15,Delhi,1.3778136684525286,-9.542914337616862,-3.0980939787820616,0.9724075561219968,-0.23328854407545518,False,train
1.0112698179447133,1,0.0437070672103432,1.0,9.316283514411809e-05,1.0,2025-04-22,Delhi,0.0706298564201965,-9.281161680348543,-3.1302454688955486,0.9373419384643772,-0.3484108069446808,False,train
0.4587250332287886,1,0.0492988928432172,1.0,8.827698455978004e-05,1.0,2025-04-29,Delhi,12.00792237417018,-9.335031134841726,-3.0098536557269,0.8887010478292915,-0.45848712914008766,False,train
-0.0823932714185577,1,0.0426196284894175,1.0,7.215041684296466e-05,1.0,2025-05-06,Delhi,12.534193188183645,-9.536757495311816,-3.1554403691629496,0.8271893372462497,-0.5619233046832195,False,train
1.2093070335615392,1,0.0408704875450042,1.0,7.879196480910003e-05,1.0,2025-05-13,Delhi,0.2734991945325272,-9.448699535727341,-3.197347052311353,0.753697664392914,-0.6572212950663319,False,train
0.5535814119695608,1,0.0432098457951918,1.0,6.198117011516322e-05,1.0,2025-05-20,Delhi,12.182035884269755,-9.68867992686769,-3.141686897774314,0.6692903895412567,-0.7430009249440493,False,train
0.6273376851491699,1,0.0409396523293511,1.0,5.8028494840069285e-05,1.0,2025-05-27,Delhi,3.8390077294654934,-9.754576377715422,-3.195656190984586,0.5751899607119775,-0.8180198708443175,False,train
0.4121243863077974,1,0.0400891790586029,1.0,6.700522076857708e-05,1.0,2025-06-03,Delhi,7.818527770757933,-9.610740019690002,-3.2166488299980287,0.47275920928627757,-0.881191653407483,False,train
0.4473467343521736,1,0.045885204350858,1.0,7.048771498660192e-05,1.0,2025-06-10,Delhi,15.04241697143037,-9.560072118839498,-3.0816125591772616,0.36348161248290634,-0.9316013725767187,False,train
-0.6441739823957516,1,0.0433359664581509,1.0,4.923144571401109e-05,0.9705882352941176,2025-06-17,Delhi,54.97491346328338,-9.918977998100651,-3.1387723546218798,0.24893980855376657,-0.9685189578512204,False,train
-0.6191710338820691,1,0.038034330869207,1.0,3.9952755872339186e-05,0.8492647058823529,2025-06-24,Delhi,38.42164615416385,-10.127812905093935,-3.2692660831890814,0.13079267585675922,-0.9914097417023038,False,train
-0.7818327295641674,1,0.0376007772480619,1.0,4.112180137776319e-05,1.0,2025-07-01,Delhi,44.81186065970939,-10.09897212995192,-3.2807305573089325,0.01075130776352193,-0.9999422030204416,False,train
-0.7417867314659072,1,0.0358619840295213,1.0,5.031300864479418e-05,0.9779411764705882,2025-07-08,Delhi,106.80541975564188,-9.8972468931264,-3.3280774852435764,-0.10944576864891556,-0.993992768446958,False,val
-0.6733886168327727,1,0.0349610753493041,1.0,3.430733086278406e-05,0.9595588235294118,2025-07-15,Delhi,21.56165482379704,-10.280151498850946,-3.35351996924841,-0.2280577712215198,-0.9736476020539838,False,val
-0.5985691036311148,1,0.0373513805996026,1.0,4.501272218097472e-05,1.0,2025-07-22,Delhi,29.457912972160273,-10.008565393017575,-3.287385404241675,-0.34336687399638804,-0.939201357453208,False,val
-0.8527894582169427,1,0.0359533288892848,0.9963235294117648,3.5581601367628495e-05,0.8823529411764706,2025-07-29,Delhi,87.13504847951869,-10.243681869217513,-3.325533601347196,-0.45370308603134424,-0.8911529104063088,False,val
-0.5071486240378693,1,0.0376822269916205,1.0,4.02786068881417e-05,1.0,2025-08-05,Delhi,51.49662125949322,-10.119690076408594,-3.27856672827046,-0.5574684374327892,-0.8301981337405212,False,val
-0.9046226581458786,1,0.039486416681112,0.9632352941176472,3.147564276335015e-05,0.8125,2025-08-12,Delhi,27.246091294628073,-10.366296556849203,-3.231798547706695,-0.65316012232693,-0.7572198192083127,False,val
-0.9541223094522656,1,0.0367443293645966,1.0,2.9186454510172383e-05,0.9926470588235294,2025-08-19,Delhi,58.48010042659187,-10.441805842956663,-3.3037713682333987,-0.7393922635959241,-0.673274892250183,False,val
-0.7281319493719096,1,0.0370599014930162,1.0,3.325889111073243e-05,0.7205882352941176,2025-08-26,Delhi,133.12233660181647,-10.311188424781369,-3.2952197161690333,-0.8149159841660791,-0.5795791048257612,False,val
-0.759595810950642,1,0.0358004159448557,1.0,3.56820737569361e-05,0.9705882352941176,2025-09-02,Delhi,92.66555616489936,-10.240862130951063,-3.329795767071589,-0.8786374941610001,-0.4774894280028391,False,val
-0.7656822021974031,1,0.0363843545475954,1.0,4.286447427424554e-05,1.0,2025-09-09,Delhi,1.2519087179731252,-10.05746718059451,-3.313616416859593,-0.9296339319682695,-0.3684843993077793,False,val
-0.1533939408676352,1,0.0360039488366199,1.0,5.452882009767781e-05,1.0,2025-09-16,Delhi,2.689838452239304,-9.81678118693365,-3.3241266566354164,-0.9671667297977312,-0.2541427094613622,False,val
-0.2035403314350252,1,0.0351017008432344,1.0,5.965850842991379e-05,1.0,2025-09-23,Delhi,6.660102492567882,-9.726873780364967,-3.349505692612118,-0.9906923101615609,-0.13612033862266704,False,val
-0.588670858857103,1,0.0371001824974724,1.0,4.961021088843023e-05,1.0,2025-09-30,Delhi,40.51028703706561,-9.911313880734525,-3.2941333903115093,-0.9998699583618592,-0.016126573270657762,False,val
-0.1621148595397719,1,0.0339573894592488,1.0,5.7874782754155386e-05,1.0,2025-10-07,Delhi,10.515424622732326,-9.75722879927282,-3.382648791540576,-0.9945667569706337,0.1041007489354256,False,val
0.1060170747069733,1,0.0421497779337077,1.0,8.547458895221607e-05,1.0,2025-10-14,Delhi,0.0315255868287225,-9.367291431433028,-3.1665258630248365,-0.9748595108374125,0.22282040779479959,False,val
0.0994077697535195,1,0.0460161196084529,1.0,5.4844029767121e-05,0.4963235294117647,2025-10-21,Delhi,0.8248224445694609,-9.811017223710166,-3.078763517607272,-0.9410336347451197,0.3383130181923075,True,val
0.5519247876625314,1,0.0481882890687008,1.0,9.76699592911504e-05,0.0772058823529411,2025-10-28,Delhi,2.0226948224417525,-9.23391652530491,-3.0326392528261037,-0.8935790198239952,0.4489059314938798,True,val
0.6109131857141911,1,0.0412038239917102,1.0,7.26411591350528e-05,1.0,2025-11-04,Delhi,0.0231643644014638,-9.52997886654287,-3.189224211600961,-0.8331829385891785,0.5529974600700271,False,val
0.7273211526921568,1,0.0445917551744755,1.0,7.130195312016416e-05,1.0,2025-11-11,Delhi,0.0059959920903907,-9.548586837929525,-3.110206298603968,-0.7607200913564104,0.6490800741100398,False,val
0.7843207643294259,1,0.0500349031134473,1.0,0.0001022135995871,1.0,2025-11-18,Delhi,0.005985878335224,-9.188445820680553,-2.9950344548171834,-0.6772399381909491,0.7357622347736525,False,val
0.3818346627921073,1,0.0409353733456033,1.0,9.644422786719788e-05,1.0,2025-11-25,Delhi,0.0030379320392626,-9.246545666259276,-3.195760715745743,-0.5839514998576998,0.8117885474764613,False,val
0.2795279393348482,1,0.0378837342068443,1.0,8.803303024229741e-05,1.0,2025-12-02,Delhi,0.0025570389539097,-9.337798470247408,-3.2732334356168065,-0.4822058478963526,0.8760579434344281,False,val
0.1964919952800072,1,0.0389391273951045,1.0,0.0001303950251829,1.0,2025-12-09,Delhi,0.0060432487805291,-8.944942059637352,-3.2457556882489906,-0.37347653741307074,0.9276396261490467,False,val
0.1736250021231571,1,0.0427737989937048,1.0,0.0001323008194636,1.0,2025-12-16,Delhi,0.0573356252457221,-8.930432292882198,-3.151829536893091,-0.2593382659754056,0.9657865518844574,False,val
-0.0043312872319085,1,0.0386076039164638,1.0,0.0001175826322131,1.0,2025-12-23,Delhi,0.0200284240428856,-9.048369218669045,-3.2543060292573545,-0.14144406768794202,0.9899462489023779,False,val
-0.1608603395630546,1,0.0382659936057854,1.0,0.0001237626308637,1.0,2025-12-30,Delhi,0.4543259103688439,-8.997145094138562,-3.2631936726184514,-0.021501372740813793,0.999768818762748,False,val
0.0144485498130734,1,0.0378208308454945,1.0,0.0001177838371244,1.0,2026-01-06,Delhi,0.0125892724659211,-9.046659502235105,-3.274895247577091,0.10303137904317879,0.9946781061893646,False,val
-0.19317869876233,1,0.0435411937296887,1.0,0.0001331985469193,1.0,2026-01-13,Delhi,0.0153072660384667,-8.923669708931753,-3.134047806700659,0.22177215755648186,0.975098513039961,False,val
0.0840135148555829,1,0.0384585469646528,1.0,8.595880334954621e-05,1.0,2026-01-20,Delhi,26.53484362881724,-9.361642407301913,-3.258174319965446,0.3373010691361842,0.9413968285264122,False,val
-0.1760601992730954,1,0.0357551396761897,1.0,7.904281447956193e-05,1.0,2026-01-27,Delhi,46.94751276128799,-9.445520896864569,-3.3310612530094836,0.44794493940789115,0.8940611451454876,False,val
-0.1372342169420709,1,0.0369223695021415,1.0,9.045771375594908e-05,1.0,2026-02-03,Delhi,0.0112720110534217,-9.310628067769786,-3.2989376920422804,0.5521013427459208,0.8337770129585915,False,val
-0.0982178321135363,1,0.0386317165928255,1.0,8.93147200374012e-05,1.0,2026-02-10,Delhi,0.0055998557400016,-9.323344245621312,-3.2536816665108668,0.6482618097757122,0.7614175109532997,False,val
-0.0282677582650206,1,0.0396667770447958,1.0,8.281316121408949e-05,1.0,2026-02-17,Delhi,1.4862610869631283,-9.398923557343585,-3.227241291900678,0.7350336741329412,0.6780306024735382,False,val
0.2071950482721587,1,0.0395383584281945,1.0,6.879717974877332e-05,1.0,2026-02-24,Delhi,0.0040718696238997,-9.584347805888816,-3.2304839788391297,0.8111602420785621,0.5848239578463322,False,val
0.0015844338962836,1,0.0389475938499448,1.0,5.929804118009224e-05,1.0,2026-03-03,Delhi,0.0077071225064173,-9.73293428488236,-3.2455382839279894,0.8755389928586302,0.4831474640149687,False,val
0.3159238791581506,1,0.0382193745577553,1.0,5.7074833329841245e-05,1.0,2026-03-10,Delhi,2.266711362971677,-9.771147285748189,-3.2644127045698585,0.9272375462179537,0.374473674486883,False,val
-0.1497963484023208,1,0.0377662859815013,0.9963235294117648,6.241075156753287e-05,1.0,2026-03-17,Delhi,22.66977150177004,-9.681772996669219,-3.2763384795920323,0.9655071658143364,0.2603764827344581,False,val
-0.2376999862144134,1,0.0353839177987846,1.0,6.721979700881009e-05,1.0,2026-03-24,Delhi,1.0990431554623927,-9.607542755475354,-3.3414978615370385,0.9897936029670716,0.14250832791617088,False,val
-0.288401935436172,1,0.0335820778137177,1.0,6.936817810846983e-05,1.0,2026-03-31,Delhi,4.912174845681043,-9.576082324304345,-3.3937627527217713,0.9997451236925734,0.022576263041545485,False,val
0.338478298969902,1,0.0352743590435033,1.0,7.205740477207964e-05,1.0,2026-04-07,Delhi,16.94111174866755,-9.538047468112753,-3.344598951684647,0.9952176027737294,-0.09768276782171598,False,val
0.7909261873142861,1,0.0359239868138053,1.0,8.887309721490788e-05,1.0,2026-04-14,Delhi,0.4353370702669519,-9.328301079747607,-3.3263500502315875,0.9762766110869321,-0.21652708524481437,False,val
1.195060170996619,1,0.0387366882026998,1.0,8.457655042026348e-05,1.0,2026-04-21,Delhi,0.3415234979272163,-9.377853511567645,-3.250968112455724,0.9431964659565866,-0.33223549871590435,False,val
0.9112538859966938,1,0.0392732362153938,1.0,8.470636966799482e-05,1.0,2026-04-28,Delhi,12.264121884491248,-9.376319756442054,-3.2372120044320987,0.8964562582905575,-0.44313223418263453,False,val
0.2732365842984588,1,0.0418943659011692,1.0,6.835747258999015e-05,1.0,2026-05-05,Delhi,5.76075610841686,-9.590759672460196,-3.172603926461213,0.8367329140344921,-0.5476112038402312,False,val
1.1519849696231037,1,0.041089283440351,1.0,7.515412768249934e-05,1.0,2026-05-12,Delhi,3.331384320960926,-9.495969517358835,-3.1920079350232275,0.7648913904341226,-0.6441592666722685,False,val
1.7616873076447614,1,0.0365417295388923,1.0,6.686662133028745e-05,1.0,2026-05-19,Delhi,0.0357751135016149,-9.612810649116431,-3.309300396396763,0.6819721490904629,-0.7313781428679254,False,val
0.8751854709303425,1,0.0377842590701459,1.0,6.541729398397077e-05,1.0,2026-05-26,Delhi,20.556503228815263,-9.634723900451961,-3.2758626898019956,0.5891760872322963,-0.8080046647350754,False,val
0.5860756314256335,1,0.0378886818714677,1.0,7.777991849841433e-05,1.0,2026-06-02,Delhi,3.122461326228275,-9.461627277084814,-3.273102842852672,0.4878471454423119,-0.8729290708206411,False,val
1.0296835372882291,1,0.0347739331244426,1.0,6.5576867071298e-05,1.0,2026-06-09,Delhi,16.587660775762174,-9.632287560313227,-3.3588872210266425,0.37945284372454435,-0.925211078289358,False,val
0.7127132105923258,1,0.0339785637959786,1.0,6.735358882497892e-05,1.0,2026-06-16,Delhi,3.479010464522919,-9.605554370336336,-3.382025429788783,0.26556302780405594,-0.9640935007889755,False,val
0.2122308515876262,1,0.0345139431771612,1.0,7.522480860017023e-05,1.0,2026-06-23,Delhi,3.7871980378887913,-9.495029479816038,-3.3663918865288185,0.14782713347053048,-0.9890132145779883,False,val
-0.4154726628309478,1,0.039041293744437,0.8713235294117647,5.369302801643729e-05,0.9926470588235294,2026-06-30,Delhi,46.87663081392914,-9.832227396974512,-3.2431353790407083,0.02795029824021032,-0.999609314096404,False,val
0.4018998746318298,1,0.0349596559908005,1.0,4.5832039224912466e-05,1.0,2026-07-07,Delhi,194.2712855859756,-9.990527165017195,-3.353560568323293,-0.09233133369539123,-0.9957283388645872,False,val
0.0465706815986408,1,0.0349595333119483,1.0,5.040560797477184e-05,1.0,2026-07-14,Delhi,24.94688949611368,-9.895408119736214,-3.3535640774844673,-0.2112757555821793,-0.9774264960104055,False,val
-0.7962540982358676,1,0.0364809715627537,1.0,3.414256303399541e-05,0.8897058823529411,2026-07-21,Delhi,43.46733407427196,-10.284965769192258,-3.310964481379728,-0.3271603271220951,-0.9449688462364056,False,val
-0.6043051212615413,1,0.0352537802919774,1.0,3.64861220886855e-05,0.9485294117647058,2026-07-28,Delhi,57.82518499596605,-10.218578586424886,-3.3451825131483064,-0.4383067230125192,-0.898825465016444,False,val
-0.6598223276663846,1,0.035381086516777,1.0,3.494064972448438e-05,0.8566176470588235,2026-08-04,Delhi,97.91964128163006,-10.261859657996672,-3.341577880807481,-0.5431052396834317,-0.8396646346181327,False,val
-0.6883388336680268,1,0.0365476652911088,1.0,4.069692749335101e-05,1.0,2026-08-11,Delhi,25.553935964077347,-10.109357959929214,-3.3091379719508263,-0.6400381082043503,-0.7683431655492202,False,val
-0.2813655578643272,1,0.037722655233832,1.0,4.185816602880616e-05,1.0,2026-08-18,Delhi,14.37172755097878,-10.08122365392707,-3.2774944304326517,-0.7277014757264236,-0.6858939875998223,False,val
-0.4473263158977723,1,0.0411286106214457,1.0,4.453385848086488e-05,1.0,2026-08-25,Delhi,3.971237773792162,-10.019260793364376,-3.191051277484311,-0.8048257371083452,-0.593511190196115,False,val
-1.3212130961496098,1,0.027121881149597,0.9342560553633218,4.233788285075159e-05,0.9965397923875432,2019-01-01,Jakarta,26.007085617049523,-10.069828297032771,-3.607414454392315,0.017201575418260506,0.9998520419557735,False,train
-1.0373047484113618,1,0.0328072104461581,0.9411764705882352,5.281917683819923e-05,0.8719723183391004,2019-01-08,Jakarta,88.23867349345038,-9.848636235499207,-3.4171069570757098,0.13718540405660057,0.9905453876091833,False,train
-1.1593188601015345,1,0.0300390614127414,0.6124567474048442,5.002308073795371e-05,0.6539792387543253,2019-01-15,Jakarta,65.69442775366367,-9.903026044288369,-3.505256697156835,0.2551824131233728,0.9668929289391521,False,train
-1.1090575913501624,1,0.0273253031677641,0.5121107266435986,3.5123630694636195e-05,0.3217993079584775,2019-01-22,Jakarta,50.09899957035846,-10.256636414852851,-3.5999421500949307,0.3694836834473831,0.9292372181882051,True,train
-0.982857340855873,1,0.0342238780853324,0.7577854671280276,3.903508097275846e-05,0.8477508650519031,2019-01-29,Jakarta,75.25178714307911,-10.151049804031203,-3.3748316889049654,0.4784338202547012,0.8781236129591848,False,train
-1.2100611994844226,1,0.0315137063546228,1.0,4.829423109995904e-05,0.9238754325259516,2019-02-05,Jakarta,84.23911824685325,-9.938198443363387,-3.457332705419858,0.580454927809098,0.8142923779467267,False,train
-1.2874226087898335,1,0.0330605808001833,0.9653979238754326,3.85759901155906e-05,0.8961937716262975,2019-02-12,Jakarta,76.77300391285829,-10.162880492757589,-3.4094136186799546,0.6740694616546162,0.7386679638813748,False,train
-1.1181022089408106,1,0.0333134854525413,1.0,4.935966421124317e-05,0.903114186851211,2019-02-19,Jakarta,108.0766832793522,-9.91637698124192,-3.401792995428585,0.7579216274973472,0.6523456189565257,False,train
-1.2928031281715424,1,0.032748482497826,1.0,4.8945629538370184e-05,0.9930795847750864,2019-02-26,Jakarta,58.819520616556474,-9.924800477174639,-3.4188986539186637,0.8307970168121247,0.5565755266413303,False,train
-1.3188653118838234,1,0.0329975939896759,0.9238754325259516,4.410037937181501e-05,0.8477508650519031,2019-03-05,Jakarta,72.59076864379841,-10.029042173012988,-3.411320629577437,0.8916401947968874,0.45274469960737107,False,train
-1.224950251924702,1,0.0313938906534122,0.8062283737024222,5.62281607262701e-05,0.7647058823529411,2019-03-12,Jakarta,61.16545422684006,-9.786092846024946,-3.4611419701761443,0.9395699859530622,0.342356891994542,False,train
-1.1637855635775802,1,0.0281814988990221,0.7612456747404844,5.026461175865438e-05,0.889273356401384,2019-03-19,Jakarta,41.85643635137223,-9.898209272027014,-3.5690895837550323,0.9738922359149924,0.22701082094141847,False,train
-1.5390625634431552,1,0.0308518421197649,1.0,5.8944090686019346e-05,0.9342560553633218,2019-03-26,Jakarta,99.94499919049107,-9.738921178821158,-3.4785588182654688,0.9941098647022418,0.10837701279187609,False,train
-1.3946009837379878,1,0.0310646215386034,0.986159169550173,5.964731299727343e-05,0.8927335640138409,2019-04-02,Jakarta,50.10227932921227,-9.72706145658293,-3.4716856784280763,0.9999300657962057,-0.011826390691832589,False,train
-1.3720986095852203,1,0.0313135708386529,0.7993079584775087,6.104131129292408e-05,0.9515570934256056,2019-04-09,Jakarta,53.31151448249511,-9.703959688700403,-3.463703702281794,0.9912685467787256,-0.13185851571739118,False,train
-1.2738584871466785,1,0.0306743668003128,0.8719723183391004,4.925471599033398e-05,0.972318339100346,2019-04-16,Jakarta,71.90715626055676,-9.91850543878159,-3.484327930804807,0.9682507501166718,-0.2499809690726521,False,train
-1.519618386971351,1,0.0289134930749382,0.9307958477508652,4.4180344537511646e-05,0.8477508650519031,2019-04-23,Jakarta,128.99775908341172,-10.027230561507654,-3.5434469044160632,0.9312100364121947,-0.3644830148102912,False,train
-1.229073470816155,1,0.0284149139005567,0.9826989619377162,4.148923942827515e-05,0.9273356401384084,2019-04-30,Jakarta,51.22645547102377,-10.090076455234252,-3.5608411343077924,0.8806828564301475,-0.47370635037968,False,train
-1.5268339967060596,1,0.0308644907851171,0.8650519031141869,4.6264437252491494e-05,0.9307958477508652,2019-05-07,Jakarta,45.25300349103341,-9.981136985906014,-3.478148921405628,0.8174009818249189,-0.5760691233798758,False,train
-1.5088663864279983,1,0.0332504726136248,0.9826989619377162,5.743145942555966e-05,0.9792387543252596,2019-05-14,Jakarta,29.129560792721357,-9.76491833116022,-3.403686298037688,0.742280907086982,-0.6700888411055113,False,train
-1.282866579570524,1,0.0296649411849116,0.7508650519031141,4.9174443339693184e-05,0.972318339100346,2019-05-21,Jakarta,6.451410223882501,-9.920136513739127,-3.51778936191595,0.6564105761979381,-0.7544038410927472,False,train
-1.433336141712111,1,0.0334511007904428,0.754325259515571,4.94138292685984e-05,0.9619377162629758,2019-05-28,Jakarta,7.362714027006747,-9.915280228239135,-3.3976705844159567,0.5610336262283677,-0.8277930117131022,False,train
-1.5517729334763275,1,0.0328264611055407,0.7197231833910035,4.302500828481337e-05,0.9965397923875432,2019-06-04,Jakarta,7.4713915926597005,-10.053729023308563,-3.4165203478100836,0.4575313760742512,-0.8891934772070711,False,train
-1.4031314595979285,1,0.0299642705686294,0.8512110726643599,5.0132801023558505e-05,0.9480968858131488,2019-06-11,Jakarta,22.663719708763157,-9.900835053054161,-3.5077495881472074,0.3474028211842774,-0.9377159910299093,False,train
-1.3992799663808015,1,0.033858785887651,0.7681660899653979,6.09758615552785e-05,1.0,2019-06-18,Jakarta,1.2095898526955862,-9.705032484314248,-3.385556759752536,0.23224292400907015,-0.9726578145718654,False,train
-1.4722764285784866,1,0.0335839869770482,0.7854671280276817,5.7600849182728e-05,0.9965397923875432,2019-06-25,Jakarta,0.4328393675806872,-9.761973247615407,-3.3937059036764397,0.11371951458594969,-0.9935128947338007,False,train
-1.3432204616820735,1,0.0295288980569932,0.9896193771626296,5.0007987899629774e-05,0.8961937716262975,2019-07-02,Jakarta,13.190689358019592,-9.903327807303482,-3.52238589997427,-0.00645086419810515,-0.9999791929590823,False,train
-1.436645877799247,1,0.031038401491786,0.7820069204152249,4.313131477914234e-05,0.9826989619377162,2019-07-09,Jakarta,4.024815553371243,-10.051261263671256,-3.4725300833248403,-0.12652781683868314,-0.9919630595773397,False,train
-1.359354111506277,1,0.0335716222251177,0.7750865051903114,5.377983294039046e-05,1.0,2019-07-16,Jakarta,5.995351956115164,-9.830612013480362,-3.3940741455021675,-0.24477230089725957,-0.9695805901076308,False,train
-1.2943071072959569,1,0.0335854728123232,0.7612456747404844,4.89647317307935e-05,1.0,2019-07-23,Jakarta,1.0378008948477808,-9.924410279601716,-3.3936616622822138,-0.3594718130884232,-0.9331559438780432,False,train
-1.2654203996040545,1,0.0347054225845935,0.726643598615917,5.95570596105728e-05,0.9930795847750864,2019-07-30,Jakarta,1.9912680811065109,-9.728575719893445,-3.360859333788898,-0.46896519100763184,-0.8832166493127127,False,train
-1.4117766699874932,1,0.0335272672792414,0.9342560553633218,5.053163601172492e-05,0.9411764705882352,2019-08-06,Jakarta,0.3589259888512527,-9.892910962146685,-3.395396222593593,-0.5716666713027052,-0.8204859638785327,False,train
-1.3336806001887926,1,0.036950677999577,0.7439446366782007,5.078360914554182e-05,0.9930795847750864,2019-08-13,Jakarta,5.611628769628518,-9.887936910059356,-3.298171282647284,-0.666088855860977,-0.7458723993404063,False,train
-1.2820126134556695,1,0.0375682731286799,0.7681660899653979,5.044527406624554e-05,0.972318339100346,2019-08-20,Jakarta,3.593226823444291,-9.894621491147225,-3.281595384554853,-0.7508642533989489,-0.6604565640279754,False,train
-1.5351458574079206,1,0.0397081169976492,0.8961937716262975,4.839727187909677e-05,0.9826989619377162,2019-08-27,Jakarta,19.53105616234113,-9.936067111964682,-3.2261996538086852,-0.8247650844733614,-0.5654755126737576,False,train
-1.4135426471769543,1,0.0391871005569078,0.7750865051903114,5.125572089705093e-05,0.9688581314878892,2019-09-03,Jakarta,2.5502491617624217,-9.878683318916085,-3.239407653766108,-0.886721063082993,-0.46230483047981086,False,train
-1.2329463457351912,1,0.04076531952881,1.0,4.8919753337416086e-05,1.0,2019-09-10,Jakarta,2.227365264876908,-9.9253292893204,-3.1999235705854594,-0.9358348973349941,-0.35243871088460327,False,train
-1.3397277535369263,1,0.048880422710666,1.0,4.4039733098716176e-05,1.0,2019-09-17,Jakarta,2.7664618121942643,-10.030418306556948,-3.0183783162293083,-0.97139528468375,-0.23746831555846842,False,train
-1.1650082591942836,1,0.0577278519140977,1.0,4.5509974571111645e-05,0.9480968858131488,2019-09-24,Jakarta,16.24298443076456,-9.997579034689744,-2.85201551978055,-0.9928872135356962,-0.11905873003404988,False,train
-0.9810497954744144,1,0.0460136868908097,0.9965397923875432,6.192968115407926e-05,1.0,2019-10-01,Jakarta,9.026363910055776,-9.689510991516508,-3.078816385645059,-0.9999994220246925,0.001075151282798226,False,train
-1.223981145535707,1,0.0451995529904485,0.9930795847750864,6.916480525962801e-05,0.9653979238754326,2019-10-08,Jakarta,29.45308104624288,-9.579018419232755,-3.0966680817847014,-0.9926289059345095,0.12119346147073601,False,train
-1.472604400286639,1,0.0418816835788558,1.0,5.6132211580684705e-05,1.0,2019-10-15,Jakarta,11.814753885976618,-9.787800728740853,-3.1729066937196118,-0.9708824104813836,0.2395565591209271,False,train
-1.0219106879745312,1,0.0476083655319736,1.0,6.790232483782351e-05,1.0,2019-10-22,Jakarta,27.42801149508029,-9.597440284842566,-3.0447467867163307,-0.9350748843515574,0.3544502230989869,False,train
-1.3556276440170247,1,0.0469999446841107,1.0,5.659516623017445e-05,0.8858131487889274,2019-10-29,Jakarta,16.92925135658586,-9.779586978695859,-3.057608854206586,-0.8857249183835637,0.4642104791518923,False,train
-1.6357988328084312,1,0.0449685745729368,1.0,6.212342033970074e-05,0.9930795847750864,2019-11-05,Jakarta,8.231244937247384,-9.68638750099831,-3.1017913759903766,-0.8235472349556007,0.5672476988027229,False,train
-1.2922273802303774,1,0.0448667187467774,1.0,6.454905806114265e-05,1.0,2019-11-12,Jakarta,38.131203086171574,-9.648085033169377,-3.104058989665165,-0.7494423368521953,0.6620696215153815,False,train
-1.3762141601853866,1,0.0422724044834187,0.9930795847750864,5.691072963220901e-05,0.8408304498269896,2019-11-19,Jakarta,43.30570086068558,-9.774026664622975,-3.1636207820984215,-0.6644834655228552,0.7473029667054297,False,train
-1.5000405184286552,1,0.0397721948638709,1.0,5.183704864485194e-05,0.9100346020761244,2019-11-26,Jakarta,35.34057205332048,-9.867405439546113,-3.2245872323522526,-0.5699010576127624,0.821713322596059,False,train
-1.520085325873329,1,0.0396492153534314,0.8408304498269896,6.252529509032829e-05,0.8304498269896193,2019-12-03,Jakarta,79.88402800101834,-9.679939361654299,-3.2276841204178632,-0.46706492487743034,0.8842230238742036,False,train
-1.061620970425769,1,0.0381059009048561,0.9688581314878892,6.734879807175765e-05,0.8373702422145328,2019-12-10,Jakarta,72.92366596073819,-9.605625501269257,-3.267386129449508,-0.3574644155648614,0.9339267592294762,False,train
-1.3811526227951867,1,0.0343136029392644,1.0,6.5993641118051e-05,0.889273356401384,2019-12-17,Jakarta,68.60434159173649,-9.625952167275686,-3.3722134162795756,-0.2426868445825954,0.9701046827361175,False,train
-1.6308182974030827,1,0.0325767898413656,0.8442906574394463,4.3155892772278064e-05,0.8062283737024222,2019-12-24,Jakarta,122.60252243557612,-10.050691584932126,-3.4241552122353647,-0.12439450483979998,0.9922328391893008,False,train
-1.1658192425031408,1,0.0322561242990962,0.8235294117647058,4.133316422720924e-05,0.4913494809688581,2019-12-31,Jakarta,120.55758230902632,-10.093845372312913,-3.4340473530220508,-0.004300592702981974,0.9999907524084426,True,train
-1.2588936462938307,1,0.0264435931080468,0.8373702422145328,2.8747785771181877e-05,0.8269896193771626,2020-01-07,Jakarta,98.37280741829456,-10.456949810341392,-3.6327413765582883,0.1201261651823505,0.9927586335250793,False,train
-1.6238880295050817,1,0.0329032671729657,1.0,4.2622957558925984e-05,0.8442906574394463,2020-01-14,Jakarta,45.96671850127271,-10.06311754001476,-3.414183319972172,0.23851257519407648,0.9711394088771653,False,train
-1.270863500253504,1,0.0324557317341696,0.8408304498269896,4.880549785488002e-05,0.7335640138408305,2020-01-21,Jakarta,196.70505447610844,-9.927667590490286,-3.427878218635641,0.3534446712740877,0.9354554315134164,False,train
-1.206204315772222,1,0.0325372054023815,0.972318339100346,3.849839799309404e-05,0.8788927335640139,2020-01-28,Jakarta,92.5932593845988,-10.164893928105265,-3.4253710627975167,0.4632579225674917,0.88622350294858,False,train
-1.540333722676971,1,0.0369030840395483,0.8788927335640139,3.8818924928673955e-05,0.8166089965397924,2020-02-04,Jakarta,127.1998219566793,-10.156602674355629,-3.299460153120586,0.5663619330814524,0.8241566360566663,False,train
-1.4178230406810812,1,0.033893645412409,0.9792387543252596,4.248082000582423e-05,0.8477508650519031,2020-02-11,Jakarta,116.99214051290036,-10.066457877878285,-3.384527733128246,0.6612634749656386,0.7501537286959042,False,train
-1.3800688326219603,1,0.0316872495655943,0.9377162629757786,2.9238327064865527e-05,0.5986159169550173,2020-02-18,Jakarta,69.00853110698272,-10.440030138643364,-3.4518409009173725,0.746588114532413,0.6652865452111116,False,train
-1.2396379285488492,1,0.0344764349572816,0.9896193771626296,4.011490524657661e-05,0.8858131487889274,2020-02-25,Jakarta,72.76005580049886,-10.12376259080615,-3.3674792330426198,0.8211001178128892,0.5707841943569036,False,train
-1.465580126647286,1,0.0330510535450547,0.9100346020761244,3.459518392185745e-05,0.9619377162629758,2020-03-03,Jakarta,68.30941490732373,-10.271796078598742,-3.4097018358837468,0.8837203473619977,0.4680153284438345,False,train
-1.3740333646779053,1,0.0368618325372385,0.8615916955017301,4.017451906966842e-05,0.7508650519031141,2020-03-10,Jakarta,70.50614359771723,-10.122277617298014,-3.300578611827637,0.9335418911179212,0.35846832151248087,False,train
-1.4341072198826232,1,0.0356456913318113,0.7647058823529411,4.333983080801957e-05,0.9411764705882352,2020-03-17,Jakarta,128.85612388464398,-10.04643846569341,-3.334126999683769,0.969843196967294,0.24372971360968387,False,train
-1.758840314176173,1,0.0316214960031379,0.9965397923875432,4.07695726829702e-05,0.8754325259515571,2020-03-24,Jakarta,107.29243606298466,-10.10757452235139,-3.45391813639279,0.992098522791769,0.12546123335273648,False,train
-1.2737765730463202,1,0.0294783695766926,0.8166089965397924,4.97884620653271e-05,0.8442906574394463,2020-03-31,Jakarta,92.14770735494774,-9.907727286212083,-3.5240985192727794,0.9999855506507186,0.005375731557583884,False,train
-1.7784415586635294,1,0.0296928632250804,0.9342560553633218,3.6017246379028315e-05,0.9792387543252596,2020-04-07,Jakarta,68.98575897127905,-10.231512668139565,-3.5168485575008996,0.9933900548258936,-0.11478762552212701,False,train
-1.7622699927558163,1,0.030953181657228,0.8339100346020761,3.6795685332449105e-05,0.9688581314878892,2020-04-14,Jakarta,63.90706541546525,-10.210129966064125,-3.4752794852246445,0.9724075561219968,-0.23328854407545518,False,train
-1.4912517333928716,1,0.0301993932922261,0.8062283737024222,3.2737710263810096e-05,0.9342560553633218,2020-04-21,Jakarta,52.29288649957858,-10.326982925430638,-3.4999334444645007,0.9373419384643772,-0.3484108069446808,False,train
-1.5016418691262616,1,0.0315301300109975,0.8581314878892734,2.6966640137517276e-05,0.7820069204152249,2020-04-28,Jakarta,74.50729596342032,-10.520910006344048,-3.4568116820274684,0.8887010478292915,-0.45848712914008766,False,train
-1.7158177027808708,1,0.0308752905423879,0.9065743944636678,3.0871506149768355e-05,0.9273356401384084,2020-05-05,Jakarta,69.56510123625024,-10.385676930560443,-3.477799073798502,0.8271893372462497,-0.5619233046832195,False,train
-1.4871545831967372,1,0.0332750914894184,0.740484429065744,3.7852447010644906e-05,0.9653979238754326,2020-05-12,Jakarta,35.125875626393075,-10.181814929955362,-3.4029461652105746,0.753697664392914,-0.6572212950663319,False,train
-1.7216921989877456,1,0.0301676169134039,0.7889273356401384,3.092824239044593e-05,0.9792387543252596,2020-05-19,Jakarta,23.740593610891736,-10.383840798279724,-3.5009862175486357,0.6692903895412567,-0.7430009249440493,False,train
-1.948868309419727,1,0.0297126405824157,0.7093425605536332,3.652896743744546e-05,0.9273356401384084,2020-05-26,Jakarta,50.34822975654092,-10.21740498370918,-3.5161827148836875,0.5751899607119775,-0.8180198708443175,False,train
-1.566542805272905,1,0.0314887758929582,0.9377162629757786,4.03880298973733e-05,0.9757785467128028,2020-06-02,Jakarta,9.647401863420964,-10.116977106568603,-3.458124117506381,0.47275920928627757,-0.881191653407483,False,train
-1.61817659718256,1,0.0336707607910599,0.7958477508650519,4.174159246286025e-05,0.972318339100346,2020-06-09,Jakarta,16.50354076267429,-10.084012505081793,-3.3911254505473543,0.36348161248290634,-0.9316013725767187,False,train
-1.6429821245522442,1,0.0294403627622805,0.7958477508650519,4.407765321220396e-05,0.9757785467128028,2020-06-16,Jakarta,30.070224824871975,-10.029557633824446,-3.525388663109046,0.24893980855376657,-0.9685189578512204,False,train
-1.6883040869206378,1,0.0341606588662333,0.7716262975778547,4.7278635452041576e-05,0.9342560553633218,2020-06-23,Jakarta,11.102978350918823,-9.959452046280347,-3.3766806225945727,0.13079267585675922,-0.9914097417023038,False,train
-1.6026773156089726,1,0.0302875929958994,0.8442906574394463,4.160783917595913e-05,0.9653979238754326,2020-06-30,Jakarta,15.83306548992577,-10.087221966720183,-3.4970171224059268,0.01075130776352193,-0.9999422030204416,False,train
-1.8138183661961904,1,0.0304850449236146,0.972318339100346,3.99412947560009e-05,0.944636678200692,2020-07-07,Jakarta,14.344631688470615,-10.12809981297573,-3.4905190459933104,-0.10944576864891556,-0.993992768446958,False,train
-1.6234576625692485,1,0.0288611073649841,0.8927335640138409,4.0385282555322375e-05,0.9411764705882352,2020-07-14,Jakarta,9.18703279800794,-10.117045132553141,-3.5452603561374616,-0.2280577712215198,-0.9736476020539838,False,train
-1.7034017437318614,1,0.0319747762832393,0.9377162629757786,4.556183081242932e-05,0.986159169550173,2020-07-21,Jakarta,11.708700137299328,-9.996440235547606,-3.442807928156584,-0.34336687399638804,-0.939201357453208,False,train
-1.8921386039842985,1,0.0338077245447497,0.71280276816609,4.9113677093414155e-05,1.0,2020-07-28,Jakarta,2.712773382544322,-9.921373006079268,-3.387065965776812,-0.45370308603134424,-0.8911529104063088,False,train
-1.7488762325676364,1,0.0340098358546109,0.7923875432525952,3.8030689590290686e-05,0.9307958477508652,2020-08-04,Jakarta,9.375297458322988,-10.177117103390957,-3.3811055063607167,-0.5574684374327892,-0.8301981337405212,False,train
-1.5777399429190575,1,0.0299621064581483,0.9377162629757786,3.534505566830778e-05,0.7923875432525952,2020-08-11,Jakarta,44.548930263218786,-10.250352043344499,-3.5078218137877153,-0.65316012232693,-0.7572198192083127,False,train
-1.871689946984514,1,0.0306456963858252,0.9930795847750864,3.901178663464155e-05,0.986159169550173,2020-08-18,Jakarta,11.433689423956354,-10.15164673609325,-3.485263038014,-0.7393922635959241,-0.673274892250183,False,train
-1.7013135157676396,1,0.0319501134917872,0.9757785467128028,4.245413030645339e-05,1.0,2020-08-25,Jakarta,2.0465851813839326,-10.067086351790408,-3.443579545996289,-0.8149159841660791,-0.5795791048257612,False,train
-1.611569638625734,1,0.0312494939114298,1.0,4.605890265565608e-05,0.9550173010380624,2020-09-01,Jakarta,25.13484612133437,-9.98558948809227,-3.465752097765111,-0.8786374941610001,-0.4774894280028391,False,train
-1.7094067508601698,1,0.0345172328209975,0.9619377162629758,4.426948430545615e-05,0.9550173010380624,2020-09-08,Jakarta,15.784553599344251,-10.025214960137042,-3.3662965775965508,-0.9296339319682695,-0.3684843993077793,False,train
-1.765579562702838,1,0.0363701405092802,0.986159169550173,4.076213845481633e-05,1.0,2020-09-15,Jakarta,23.72662037387539,-10.107756886441894,-3.3140071566615794,-0.9671667297977312,-0.2541427094613622,False,train
-1.8234316055078448,1,0.0342959623347681,0.9930795847750864,4.5480501888318826e-05,0.9792387543252596,2020-09-22,Jakarta,30.508493447858843,-9.998226853779617,-3.372727647926856,-0.9906923101615609,-0.13612033862266704,False,train
-1.696928261175951,1,0.0317554983844699,1.0,4.3134491787296545e-05,1.0,2020-09-29,Jakarta,28.547090866910366,-10.051187607415502,-3.4496893911733033,-0.9998699583618592,-0.016126573270657762,False,train
-1.5979160344213323,1,0.035574818201876,1.0,4.587926406427619e-05,0.8788927335640139,2020-10-06,Jakarta,40.052146022794005,-9.989497306279091,-3.336117245296833,-0.9945667569706337,0.1041007489354256,False,train
-1.558018173877688,1,0.0355742562350016,0.986159169550173,4.694770494727105e-05,0.8961937716262975,2020-10-13,Jakarta,51.53497988772361,-9.966476236417035,-3.3361330421818622,-0.9748595108374125,0.22282040779479959,False,train
-1.426676224204485,1,0.0329826556755175,0.9411764705882352,4.632506138400848e-05,0.6332179930795848,2020-10-20,Jakarta,109.58071333083956,-9.97982746072069,-3.411773441274557,-0.9410336347451197,0.3383130181923075,False,train
-1.4915704751282932,1,0.0359566954131917,0.9480968858131488,4.296797615362616e-05,0.8477508650519031,2020-10-27,Jakarta,93.25087469336312,-10.055055460341112,-3.325439969786311,-0.8935790198239952,0.4489059314938798,False,train
-1.641525519227281,1,0.0349346421472438,0.889273356401384,5.125585390808806e-05,0.9204152249134948,2020-11-03,Jakarta,42.31470064938201,-9.87868072387182,-3.3542763304180845,-0.8331829385891785,0.5529974600700271,False,train
-1.4427273538034793,1,0.0345264714020094,1.0,5.3623681359456653e-05,0.986159169550173,2020-11-10,Jakarta,40.99081223407171,-9.833519771051876,-3.366028962144251,-0.7607200913564104,0.6490800741100398,False,train
-1.6182923189810874,1,0.0351051942321772,0.8858131487889274,4.268922945117314e-05,0.8754325259515571,2020-11-17,Jakarta,66.46280478437419,-10.061563907224413,-3.3494061756361306,-0.6772399381909491,0.7357622347736525,False,train
-1.7627131788764177,1,0.0306770604835008,0.698961937716263,4.5941537989630214e-05,0.7612456747404844,2020-11-24,Jakarta,55.60994993879344,-9.988140883039277,-3.484240119214792,-0.5839514998576998,0.8117885474764613,False,train
-1.4477471894015754,1,0.0286027398330658,0.7681660899653979,3.8705366604679505e-05,0.9273356401384084,2020-12-01,Jakarta,77.86104881423508,-10.159532295587063,-3.554252767385756,-0.4822058478963526,0.8760579434344281,False,train
-1.4831581855191458,1,0.0273197237851306,0.916955017301038,3.135212779514226e-05,0.8546712802768166,2020-12-08,Jakarta,90.47257319095864,-10.37022842093522,-3.600146354684589,-0.37347653741307074,0.9276396261490467,False,train
-1.6283153665405077,1,0.0254311101545192,0.889273356401384,3.86203932149984e-05,0.6608996539792388,2020-12-15,Jakarta,78.05233150663474,-10.161730099374143,-3.6717820451915286,-0.2593382659754056,0.9657865518844574,False,train
-1.5406655128427764,1,0.0272050736571547,0.9965397923875432,3.475745339476283e-05,0.8685121107266436,2020-12-22,Jakarta,44.79734661715067,-10.26711652277212,-3.6043517915619847,-0.14144406768794202,0.9899462489023779,False,train
-1.377786370217886,1,0.0280467779819941,0.8927335640138409,3.936812941715425e-05,0.4186851211072664,2020-12-29,Jakarta,87.20914117913915,-10.14255396703671,-3.5738815205632273,-0.021501372740813793,0.999768818762748,True,train
-1.388330901978616,1,0.0283813568594975,0.4878892733564013,1.9604809922916105e-05,0.0865051903114186,2021-01-05,Jakarta,104.90779562933685,-10.83973561760408,-3.562022797980948,0.08590610426133272,0.9963032375991965,True,train
-1.487510765431809,1,0.0281523987432148,0.9342560553633218,3.1631946460240844e-05,0.5847750865051903,2021-01-12,Jakarta,56.73580177375223,-10.361342984119615,-3.570122715124016,0.20496611396949532,0.9787690698649216,False,train
-1.3810754996395755,1,0.0300711591633079,0.9204152249134948,3.699032877982315e-05,0.4602076124567474,2021-01-19,Jakarta,61.382680241641566,-10.204854063815992,-3.5041887338950257,0.321057654185271,0.9470596510722283,True,train
-1.5493526428644684,1,0.0302015554386907,0.7958477508650519,4.599024620322712e-05,0.5640138408304498,2021-01-26,Jakarta,115.18178406132772,-9.987081223018919,-3.499861851335222,0.4324994021339788,0.901634220265486,False,train
-1.6719112946706047,1,0.0302230329876677,0.9965397923875432,3.398980492537292e-05,0.629757785467128,2021-02-02,Jakarta,100.53746406890696,-10.289449933449744,-3.4991509635843627,0.5376773767406141,0.8431506618282,False,train
-1.4681217591330162,1,0.0293390146587611,0.9965397923875432,4.4464908762944866e-05,0.7024221453287197,2021-02-09,Jakarta,54.97684657504615,-10.02081024699952,-3.528837090377216,0.6350683134867438,0.7724559775191742,False,train
-1.4594291322966426,1,0.0331101318500165,0.8754325259515571,3.599236735625719e-05,0.7577854671280276,2021-02-16,Jakarta,96.27099815748532,-10.232203659868878,-3.4079159452498025,0.7232617254437388,0.6905740195722293,False,train
-1.831349148274533,1,0.0318089975647249,0.9204152249134948,3.880163180468093e-05,0.9619377162629758,2021-02-23,Jakarta,80.27435554765843,-10.157048255397736,-3.4480060869296794,0.8009803309782905,0.5986906625177214,False,train
-1.681870021468509,1,0.0337047050678877,1.0,5.622864559877945e-05,0.8685121107266436,2021-03-02,Jakarta,74.80719313922522,-9.786084222758374,-3.3901178351114685,0.8670985522812081,0.4981366284784055,False,train
-1.6602836377897532,1,0.0301956987262803,1.0,3.9942912877837014e-05,0.8096885813148789,2021-03-09,Jakarta,41.28196037830613,-10.128059301293026,-3.5000557910270085,0.9206588168102428,0.3903682146763026,False,train
-2.0495816211336315,1,0.0304179627692282,0.8996539792387543,5.938454767388422e-05,0.9273356401384084,2021-03-16,Jakarta,51.90925522921836,-9.731476505608297,-3.49272196450443,0.9608854255574977,0.27694620226893646,False,train
-1.5654486897711095,1,0.0297149308453964,0.9792387543252596,5.139378827949198e-05,0.9550173010380624,2021-03-23,Jakarta,56.60105367761049,-9.875993243399718,-3.5161056374286677,0.9871957872910085,0.15951325197263655,False,train
-1.5967964459526849,1,0.0269028817280899,0.9930795847750864,4.1142463746753875e-05,0.8996539792387543,2021-03-30,Jakarta,121.50334388173977,-10.098469788640198,-3.6155218706737915,0.9992088560679753,0.03977011384605572,False,train
-1.9698601920148768,1,0.032961147594644,0.9273356401384084,5.670020705978879e-05,0.9826989619377162,2021-04-06,Jakarta,34.856397515827744,-9.777732695389108,-3.4124257567483265,0.9967506498213929,-0.08054900421874167,False,train
-1.9682664203875364,1,0.0325048227612709,0.7231833910034602,5.422720957206662e-05,0.9100346020761244,2021-04-13,Jakarta,82.11562719527062,-9.822327753864526,-3.426366808001057,0.9798567700958665,-0.1997015525660636,False,train
-1.9808069231188363,1,0.0331136349269646,0.7889273356401384,5.237052478427772e-05,0.972318339100346,2021-04-20,Jakarta,9.536035841501276,-9.857166629018907,-3.407810150091301,0.9487718864399473,-0.31596187665790293,False,train
-1.9693559012219253,1,0.0314737604267293,0.8788927335640139,4.472312360872505e-05,0.9238754325259516,2021-04-27,Jakarta,22.808510576352926,-10.015019883418839,-3.458601082615833,0.9039461929224011,-0.42764620926777464,False,train
-1.8512259779636664,1,0.0329498613414997,0.7474048442906575,4.855199678586092e-05,0.9238754325259516,2021-05-04,Jakarta,36.58166920160029,-9.932875235630654,-3.4127682261911945,0.8460288880917339,-0.533137056031809,False,train
-1.966054373197556,1,0.0312136038267848,0.9480968858131488,4.148434554037793e-05,0.9411764705882352,2021-05-11,Jakarta,21.82415011535321,-10.090194417785941,-3.466901259106581,0.7758587728069828,-0.6309066211876704,False,train
-2.0807924294950744,1,0.0375639197339605,0.8512110726643599,6.441038014739952e-05,0.9307958477508652,2021-05-18,Jakarta,40.64899066771003,-9.650235755429419,-3.281711270823,0.6944521021088763,-0.719538934232584,False,train
-1.980448135541638,1,0.0312075446626999,0.8304498269896193,5.112962866775891e-05,1.0,2021-05-25,Jakarta,37.87440403449976,-9.881146411410787,-3.4670953972873275,0.6029878670694714,-0.7977503570459932,False,train
-1.989399947861578,1,0.0328412414663729,0.8442906574394463,6.0052274427594005e-05,0.9065743944636678,2021-06-01,Jakarta,18.221283339703312,-9.720295134591945,-3.416070191629712,0.5027907197793043,-0.8644081744776648,False,train
-2.088472990638423,1,0.0339505342897925,0.7993079584775087,6.058332044838538e-05,0.8996539792387543,2021-06-08,Jakarta,21.296619955047156,-9.711490942900175,-3.3828506875521493,0.3953117887649151,-0.9185469991587165,False,train
-1.6844973112523574,1,0.028459948177145,0.7820069204152249,7.467321689506181e-05,0.6124567474048442,2021-06-15,Jakarta,67.41260859603048,-9.502389072351919,-3.559257507223529,0.2821076626819194,-0.9593827529490743,False,train
-1.6601515790828956,1,0.0280383945520241,0.6920415224913494,6.348223789579403e-05,0.8754325259515571,2021-06-22,Jakarta,44.685788660656335,-9.664750409370527,-3.574180474088862,0.16481784665719793,-0.9863240225317866,False,train
-1.312119579229457,1,0.0294876482886516,0.7370242214532872,5.900866432118475e-05,0.9930795847750864,2021-06-29,Jakarta,20.92279694724761,-9.73782627193895,-3.5237838053961608,0.04514101777397193,-0.9989806246941579,False,train
-0.6082701888430623,1,0.0277154147152978,0.8442906574394463,5.3038712876608374e-05,1.0,2021-07-06,Jakarta,12.978221794750292,-9.844488479413387,-3.5857665326539365,-0.07518957641475855,-0.9971692572470178,False,train
-0.4436662646374177,1,0.0312613591747706,0.6851211072664359,6.11625400905049e-05,1.0,2021-07-13,Jakarta,5.046385478050497,-9.701975645873999,-3.4653724752548585,-0.19443122004766195,-0.9809161537413774,False,train
-0.8225023025065855,1,0.0291775061500872,0.9411764705882352,5.6932432000893394e-05,1.0,2021-07-20,Jakarta,29.88477941892952,-9.773645396769274,-3.5343572038959454,-0.3108569682435036,-0.9504567035349151,False,train
-0.6466194925608887,1,0.03173789515674,0.916955017301038,7.239013165244214e-05,1.0,2021-07-27,Jakarta,8.548741886083695,-9.533440571005785,-3.4502438812453926,-0.4227806579826773,-0.9062320427107697,False,train
-0.5641011663788752,1,0.0301675069673085,0.9584775086505192,4.572879787266246e-05,0.986159169550173,2021-08-03,Jakarta,60.794931640767864,-9.992782308139013,-3.500989862062422,-0.5285813283559292,-0.8488826652214553,False,train
-0.6900467105940155,1,0.030794344739106,0.8131487889273357,4.6249973793065224e-05,1.0,2021-08-10,Jakarta,33.19195759016203,-9.981449660642427,-3.480424218228111,-0.6267266965083301,-0.7792391467859886,False,train
-0.9004072488767378,1,0.0327880307410072,0.7197231833910035,4.958597168029755e-05,0.9273356401384084,2021-08-17,Jakarta,39.039268829368304,-9.911802593263323,-3.41769174662295,-0.7157953492826642,-0.6983101158835584,False,train
-0.7197950125571114,1,0.0330955800571708,0.8166089965397924,5.719462641162465e-05,0.9896193771626296,2021-08-24,Jakarta,6.006617688381438,-9.769050607844237,-3.408355538531435,-0.7944973291665992,-0.6072676460566135,False,train
-0.7088476257854609,1,0.0327850279851865,0.9065743944636678,5.035538039265637e-05,0.9792387543252596,2021-08-31,Jakarta,36.959731091224114,-9.896405084674521,-3.4177833316696486,-0.8616928164028521,-0.5074302810827518,False,train
-0.877780248279549,1,0.0333819873935172,0.9930795847750864,5.78893393082035e-05,0.9965397923875432,2021-09-07,Jakarta,62.09930538366572,-9.756977312821482,-3.3997388240691078,-0.9164086366943458,-0.4002439388573056,False,train
-0.6018673441632686,1,0.0292365672030235,1.0,4.9308331268075155e-05,1.0,2021-09-14,Jakarta,54.80730104185919,-9.917417499954194,-3.5323350517099534,-0.9578523554276669,-0.28726097055059635,False,train
-0.3667194589944496,1,0.0327810731119579,1.0,4.0979934475564334e-05,0.986159169550173,2021-09-21,Jakarta,37.97038329457297,-10.102428014091736,-3.4179039694128486,-0.9854237542919524,-0.17011767832049052,False,train
-0.7114089600458924,1,0.0349953172980765,0.9965397923875432,5.129434940704683e-05,0.9480968858131488,2021-09-28,Jakarta,24.621407529419173,-9.877929959865071,-3.352541017927131,-0.9987235240803972,-0.050510617185222886,False,train
-0.8119897605485544,1,0.0356111451664389,1.0,6.356329249934197e-05,0.9896193771626296,2021-10-05,Jakarta,4.295628986040128,-9.663474416200309,-3.335096623646232,-0.9975590477788613,0.06982797572987089,False,train
-0.3863784457635246,1,0.0368769623964603,1.0,5.9107928852939715e-05,0.8719723183391004,2021-10-12,Jakarta,48.28273214237567,-9.736145482602645,-3.300168248207029,-0.981947190186646,0.18915526872004093,False,train
-0.7735452784823403,1,0.0359443054600626,0.9792387543252596,5.835140056037693e-05,0.9515570934256056,2021-10-19,Jakarta,43.566145840122246,-9.749027196771237,-3.325784609029194,-0.9521140536681102,0.3057430764672831,False,train
-1.176988131821025,1,0.0328497599166003,0.7370242214532872,5.698062372008466e-05,0.8961937716262975,2021-10-26,Jakarta,107.13384974254004,-9.77279928265599,-3.415810842553101,-0.9084917035725082,0.41790288888678667,False,train
-0.5851061247838216,1,0.0325639294065954,0.8062283737024222,6.830573104901058e-05,0.9100346020761244,2021-11-02,Jakarta,91.14259024275368,-9.591516884966182,-3.4245500631085433,-0.8517119107469189,0.5240103253675756,False,train
-0.8838018231743145,1,0.0281281563567593,0.7024221453287197,5.28692159484333e-05,0.8131487889273357,2021-11-09,Jakarta,75.4142562127504,-9.847689317627648,-3.570984198736313,-0.7825970017677834,0.6225286602431057,False,train
-0.9644530919195728,1,0.0265072839704079,0.889273356401384,3.5379679989136655e-05,0.8858131487889274,2021-11-16,Jakarta,69.67172728532312,-10.249372914238588,-3.6303357169510755,-0.7021479494046978,0.712031078778713,False,train
-0.6608661527367491,1,0.0277206608263652,0.8754325259515571,5.7790832340836595e-05,0.8200692041522492,2021-11-23,Jakarta,68.02770015714142,-9.75868040488597,-3.585577265609623,-0.6115298757991053,0.7912213413483807,False,train
-0.6950761528067624,1,0.0279860198089772,0.9826989619377162,3.923395652808583e-05,0.9792387543252596,2021-11-30,Jakarta,47.70509916278809,-10.145967948174063,-3.5760501860314857,-0.5120551783114646,0.8589525565270845,False,train
-0.818019170664164,1,0.0289818777184842,0.6920415224913494,4.793058456197915e-05,0.8512110726643599,2021-12-07,Jakarta,45.71994305259104,-9.945756748706474,-3.5410845505901265,-0.4051645224207563,0.9142437912130223,False,train
-0.7799217581090298,1,0.0314481544311271,0.6816608996539792,6.328726983609202e-05,0.9480968858131488,2021-12-14,Jakarta,69.10273992617208,-9.667826357473722,-3.459414980192649,-0.29240597695107734,0.9562942772197719,False,train
-0.7533443098789758,1,0.030165410422739,0.9584775086505192,5.433578141734871e-05,0.986159169550173,2021-12-21,Jakarta,89.3952324973487,-9.820327590079629,-3.5010593612565946,-0.17541259380427843,0.9844950085880858,False,train
-1.001023336599718,1,0.0299885965233734,0.9100346020761244,4.7476687098812855e-05,0.9134948096885812,2021-12-28,Jakarta,36.9317519706204,-9.95527176532413,-3.5069380854698915,-0.05587875690537313,0.9984375616565666,False,train
-0.9240098346549844,1,0.0292759627822962,0.7785467128027682,4.838839804218577e-05,0.9273356401384084,2022-01-04,Jakarta,47.74255416195919,-9.936250482848886,-3.5309884825140765,0.06875540848113941,0.9976335468520451,False,train
-0.9148313427248278,1,0.0297977688060782,0.629757785467128,4.2291575881537144e-05,0.4740484429065744,2022-01-11,Jakarta,63.19914685246311,-10.070922643482092,-3.513321760553102,0.18809941761179758,0.9821499931752291,True,train
-0.8352652147264773,1,0.0279447844896582,1.0,3.899463580650742e-05,0.9377162629757786,2022-01-18,Jakarta,51.56954867583121,-10.152086464717478,-3.5775246982366005,0.3047192331091634,0.9524422234305676,False,train
-1.1647947065575777,1,0.0309513073479602,0.9377162629757786,6.000546223646858e-05,0.9377162629757786,2022-01-25,Jakarta,27.128522555555016,-9.721074962611338,-3.4753400400987253,0.4169258813287287,0.908940487313808,False,train
-0.4893505880499121,1,0.0317937012608921,0.9896193771626296,4.498183310130507e-05,0.7197231833910035,2022-02-01,Jakarta,58.49962677933366,-10.009251858566202,-3.448487082372016,0.5230943033491326,0.8522748088519838,False,train
-0.9935261762047232,1,0.0286722174076378,0.4256055363321799,4.669082044173574e-05,0.4532871972318339,2022-02-08,Jakarta,34.63104436616106,-9.971962977027532,-3.5518266596417116,0.6216868902665479,0.7832658619336791,True,train
-0.9837292926271464,1,0.0283410395322395,0.7681660899653979,5.571980850959729e-05,0.9238754325259516,2022-02-15,Jakarta,80.85864417216519,-9.795174845713325,-3.5634443646499285,0.7112757519738152,0.7029130847082615,False,train
-0.5149803420015538,1,0.027060450449105,0.7923875432525952,4.2399680172872125e-05,0.9688581314878892,2022-02-22,Jakarta,55.11547570230499,-10.06836973884745,-3.6096820100696547,0.7905633969115482,0.612380204990065,False,train
-0.955286501714199,1,0.0271879748105442,0.944636678200692,4.4511837798143206e-05,0.9515570934256056,2022-03-01,Jakarta,51.61635340960748,-10.019755386232774,-3.6049805059898548,0.8584015232918917,0.512978386299228,False,train
-0.857321500180067,1,0.0296210355215425,1.0,5.79882537059552e-05,0.9792387543252596,2022-03-08,Jakarta,77.34558261009188,-9.755270090239385,-3.5192705105394495,0.9138076496466615,0.4061472386305789,False,train
-0.6411191082006464,1,0.0277184981755187,0.7993079584775087,3.7635659583047856e-05,0.9965397923875432,2022-03-15,Jakarta,50.17352797394403,-10.187558563842916,-3.585655284500477,0.9559793438440766,0.2934339689665273,False,train
-0.7822214053890197,1,0.0284446415582617,0.9307958477508652,4.7788796017702434e-05,0.9896193771626296,2022-03-22,Jakarta,34.65992695579538,-9.948719338876277,-3.5597954820801667,0.984305844499033,0.17647097349152166,False,train
-1.0068875320436297,1,0.0301309860547071,0.9411764705882352,5.5174138671554366e-05,0.9826989619377162,2022-03-29,Jakarta,41.4642603124478,-9.805016216789642,-3.5022011997007865,0.998376906467142,0.056952196034039754,False,train
-0.6445365002431328,1,0.029408185641585,0.7301038062283737,5.1272214244478515e-05,0.9688581314878892,2022-04-05,Jakarta,54.41694038821578,-9.878361585184745,-3.5264822202068795,0.9979887423155984,-0.06339140486951038,False,train
-0.7869445268670171,1,0.0325523708884806,0.9238754325259516,4.906769921790491e-05,0.9792387543252596,2022-04-12,Jakarta,30.26002982539334,-9.922309596715856,-3.4249050746243643,0.9831469737221499,-0.1828169249850199,False,train
-1.0893572922267334,1,0.0348436735204902,0.8719723183391004,5.8140079201917806e-05,0.9896193771626296,2022-04-19,Jakarta,67.96780878481053,-9.752655300572384,-3.356883692817689,0.9540665500578387,-0.2995947563972602,False,train
-0.7599104949621044,1,0.0271782936879869,0.7093425605536332,4.8021263874618885e-05,0.9550173010380624,2022-04-26,Jakarta,67.5737935954116,-9.943866647762864,-3.605336650449535,0.9111686353326631,-0.41203363695942635,False,train
-0.5463075236602911,1,0.0293651281135602,0.7335640138408305,3.8932563841537587e-05,0.986159169550173,2022-05-03,Jakarta,14.786495166696064,-10.153679540777643,-3.5279474272192757,0.8550745085896932,-0.518505144391157,False,train
-0.904353619347268,1,0.029747748733332,0.7508650519031141,5.5818556591372214e-05,0.9826989619377162,2022-05-10,Jakarta,39.951390906292175,-9.793404188460364,-3.5150018226830078,0.7865965660866021,-0.6174672802835514,False,train
-0.8536651004032985,1,0.0318078467099627,0.8788927335640139,5.797281625764181e-05,0.9342560553633218,2022-05-17,Jakarta,48.07473291607994,-9.755536342498171,-3.448042267748626,0.7067265555776159,-0.7074868024503348,False,train
-0.4258383795330736,1,0.0290416275803849,0.8166089965397924,7.016083683434224e-05,0.9515570934256056,2022-05-24,Jakarta,36.59353421863774,-9.56472028245805,-3.539025044439564,0.6166212130956382,-0.7872599821916922,False,train
-1.04040011206289,1,0.027837241196499,0.9688581314878892,5.743008040397644e-05,0.9134948096885812,2022-05-31,Jakarta,57.198783753653544,-9.764942343054635,-3.581380543379488,0.5175855102531889,-0.8556314858488706,False,train
-0.9572350809238912,1,0.0277330156520066,0.8546712802768166,5.046835238543846e-05,0.889273356401384,2022-06-07,Jakarta,54.388224006800456,-9.894164103569219,-3.5851316747442223,0.4110537546870351,-0.9116111071930239,False,train
-0.5466448697087838,1,0.0331344317834971,0.671280276816609,6.78316020978708e-05,0.8477508650519031,2022-06-14,Jakarta,37.671295773923674,-9.598482363974133,-3.407182302117818,0.2985688173637202,-0.9543881083175908,False,train
-0.8866009849743103,1,0.0309665084238971,0.7854671280276817,6.0361048627468744e-05,0.8477508650519031,2022-06-21,Jakarta,40.59039410170953,-9.715166551328377,-3.474849031943712,0.18175978759137534,-0.9833429613388902,False,train
-0.6745300275026561,1,0.029952449123395,0.9065743944636678,5.921399569255009e-05,1.0,2022-06-28,Jakarta,10.425507148227917,-9.734352630290127,-3.508144184027908,0.062318379354325076,-0.998056320853012,False,train
-0.3550832539868991,1,0.0288908075773858,0.7577854671280276,6.030118720280984e-05,0.9792387543252596,2022-07-05,Jakarta,23.777130151109585,-9.716158766152809,-3.544231811368005,-0.05802556932878035,-0.9983150972033183,False,train
-0.5162768286709218,1,0.0288500866136934,0.9826989619377162,5.985527561183481e-05,0.9307958477508652,2022-07-12,Jakarta,95.47869255690377,-9.723580982613038,-3.5456422838247916,-0.17752914918703497,-0.984115542601034,False,train
-0.673225643997638,1,0.0311164960012024,0.9273356401384084,5.6148400214987295e-05,0.972318339100346,2022-07-19,Jakarta,20.485233393168656,-9.787512368459307,-3.470017182373783,-0.2944616217868012,-0.9556633054034704,False,train
-0.5905057372965247,1,0.030938348672361,0.8719723183391004,5.82363591090335e-05,0.9757785467128028,2022-07-26,Jakarta,3.275738639701427,-9.751000671328194,-3.4757588071955827,-0.4071294853542516,-0.9133704517637858,False,train
-0.774005380625205,1,0.0319228892021348,0.8685121107266436,6.015034022502702e-05,0.9377162629757786,2022-08-02,Jakarta,24.36358674121479,-9.718663459283157,-3.44443199664532,-0.5139010013093103,-0.8578494977869301,False,train
-0.7934365209131369,1,0.0306480431144447,0.7923875432525952,5.285896789736865e-05,0.972318339100346,2022-08-09,Jakarta,34.675095304063866,-9.847883174189333,-3.485186464822683,-0.6132298262997502,-0.7899045386224707,False,train
-0.6680216738786664,1,0.0302671505019214,0.944636678200692,5.243508522174438e-05,0.9757785467128028,2022-08-16,Jakarta,19.634173542314365,-9.85593462539565,-3.497692296424468,-0.7036774074790128,-0.7105196029692745,False,train
-0.751082399043549,1,0.0349205914906517,0.8823529411764706,6.434700847531106e-05,0.9619377162629758,2022-08-23,Jakarta,19.559284575510972,-9.651220113342909,-3.3546786097048282,-0.7839338166829201,-0.620844401650647,False,train
-0.8450018396686605,1,0.0327253471316468,0.9619377162629758,4.923463113535166e-05,0.9515570934256056,2022-08-30,Jakarta,30.64803798277248,-9.918913297211907,-3.4196053597054794,-0.8528367217694595,-0.522177676659508,False,train
-0.7920709167542598,1,0.0308318614003279,0.8373702422145328,4.550761723025817e-05,0.8650519031141869,2022-09-06,Jakarta,103.70553831056758,-9.997630834365111,-3.479206662639123,-0.9093882203647925,-0.4159483918249421,False,train
-0.5129947527808952,1,0.0328362357275158,0.8754325259515571,5.6783638692794e-05,0.9930795847750864,2022-09-13,Jakarta,18.95039172801898,-9.776262324915084,-3.4162226255866988,-0.9527692922168511,-0.30369503751065885,False,train
-0.9148421830155054,1,0.0322987422064476,0.9204152249134948,5.09176140449829e-05,0.9930795847750864,2022-09-20,Jakarta,37.06803621569773,-9.885301642305668,-3.4327269904886,-0.9823516608469237,-0.18704334906991657,False,train
-0.6597264475479441,1,0.0324493802492959,0.8235294117647058,5.140509541585405e-05,0.9377162629757786,2022-09-27,Jakarta,38.97437196403444,-9.875773257812302,-3.4280739346493685,-0.9977068927101168,-0.06768276175455162,False,train
-0.606375136352938,1,0.0331651564020341,0.6055363321799307,6.229703689067556e-05,0.7197231833910035,2022-10-04,Jakarta,80.8392427433189,-9.683596695249395,-3.4062554601395396,-0.9986126020839734,0.052658056924614005,False,train
-0.7368220838783303,1,0.0323826748657539,0.8062283737024222,5.0518170312833416e-05,0.8131487889273357,2022-10-11,Jakarta,83.72630262992736,-9.89317747822348,-3.4301317255666026,-0.9850556718215013,0.172236243027682,False,train
-0.8017007934485417,1,0.0307121444207126,0.8235294117647058,4.7404822479577794e-05,0.8858131487889274,2022-10-18,Jakarta,113.59846766020138,-9.956786594362933,-3.483097118875037,-0.957232443323312,0.2893199776186952,False,train
-0.364104916072313,1,0.0338917803308305,0.9930795847750864,3.801454750255153e-05,0.9204152249134948,2022-10-25,Jakarta,61.723364426148756,-10.177541642483705,-3.384582762112973,-0.9155458729775467,0.40221356823680365,False,train
-0.665574672163109,1,0.032430653110083,0.8131487889273357,4.8617171806898846e-05,0.8788927335640139,2022-11-01,Jakarta,66.47554094706119,-9.931533760103886,-3.428651219794376,-0.8605996962501181,0.5092820071573356,False,train
-0.9268428905433465,1,0.0299800634260631,0.3356401384083045,3.570437016015042e-05,0.5432525951557093,2022-11-08,Jakarta,96.07220148374915,-10.240237463221003,-3.5072226706974114,-0.7931896839451843,0.6089746507720486,True,train
-0.6922189878009274,1,0.027960589357784,0.9480968858131488,3.162382377974397e-05,0.972318339100346,2022-11-15,Jakarta,50.98270952867771,-10.361599804343625,-3.5769592832341,-0.7142921172691032,0.699847677146407,False,train
-0.6926254345888241,1,0.0279623665471067,0.7681660899653979,4.5521376141757566e-05,0.7474048442906575,2022-11-22,Jakarta,28.208685456148174,-9.99732853701798,-3.576895724743869,-0.6250496486104377,0.7805849965070866,False,train
-0.9063714141351832,1,0.0295817731131229,0.9100346020761244,4.827297489498573e-05,0.8408304498269896,2022-11-29,Jakarta,52.302024567021064,-9.938638679882557,-3.5205968805236147,-0.5267547528105542,0.8500173118187018,False,train
-0.7013048000858085,1,0.0246922644342733,0.9134948096885812,3.866244047579941e-05,0.7231833910034602,2022-12-06,Jakarta,79.64644931009776,-10.160641959539156,-3.7012652651982054,-0.42083100859565564,0.9071390534005044,False,train
-0.5014620912821267,1,0.0277223995597006,0.9896193771626296,4.431364392985458e-05,0.9757785467128028,2022-12-13,Jakarta,48.315591036794544,-10.024217938944943,-3.5855145442041354,-0.30881248126625377,0.9511229423235357,False,train
-0.7240506221231083,1,0.0295425926063328,0.8408304498269896,4.976882534657792e-05,0.8442906574394463,2022-12-20,Jakarta,48.02095544716705,-9.908121767008302,-3.5219222397743613,-0.19232150523909483,0.9813319716704275,False,train
-0.9794858385400426,1,0.024138899177729,0.4186851211072664,2.8963402911358645e-05,0.1314878892733564,2022-12-27,Jakarta,90.24752950377456,-10.449477493504537,-3.7239306659379126,-0.07304518821104743,0.9973286321364752,True,train
-0.4319632907355628,1,0.027690502574499,0.8581314878892734,3.5767184281235784e-05,0.9757785467128028,2023-01-03,Jakarta,40.52377073203279,-10.238479725118088,-3.5866657919278984,0.051584366869408364,0.9986686402879997,False,train
-0.8638696699727918,1,0.0263138480276159,0.7231833910034602,4.138708514149927e-05,0.9757785467128028,2023-01-10,Jakarta,13.243638632666269,-10.092541678904379,-3.637659937398487,0.17117705961019986,0.985240282501282,False,train
-0.9603646168367173,1,0.0277672534738385,0.9134948096885812,3.5856547140351015e-05,0.8166089965397924,2023-01-17,Jakarta,73.82801148260384,-10.23598438164152,-3.5838978851891685,0.2882906407095177,0.9575429528116719,False,train
-0.4888773821845051,1,0.0265493506033502,0.4878892733564013,3.3190628366973227e-05,0.6643598615916955,2023-01-24,Jakarta,55.50878237233927,-10.31324299999301,-3.6287499909774983,0.4012289854475009,0.9159777842484877,True,train
-0.7589231860322291,1,0.0280017446399105,0.5640138408304498,3.062293357508593e-05,0.8685121107266436,2023-01-31,Jakarta,24.52553777104908,-10.393761366475164,-3.5754884621797993,0.5083564379375122,0.8611467540480452,False,train
-0.9384665697279948,1,0.0281641532709592,0.7785467128027682,3.971676157526341e-05,0.6920415224913494,2023-02-07,Jakarta,95.47768258700268,-10.133737253448942,-3.569705270252315,0.6081214998935418,0.7938439653781019,False,train
-0.6231070276398473,1,0.0271984117672246,0.8823529411764706,4.081590679018332e-05,0.8685121107266436,2023-02-14,Jakarta,63.1103193125931,-10.106438680226203,-3.6045966982958615,0.6990793005655562,0.7150441465537444,False,train
-0.5819706139853782,1,0.0291346610333285,0.9930795847750864,3.483339044317365e-05,0.5294117647058824,2023-02-21,Jakarta,110.06555664095823,-10.264934135711915,-3.535826712800806,0.7799125224167177,0.6258885343075018,False,train
-0.9482411880379272,1,0.0299774435007409,0.9792387543252596,3.599760817237975e-05,0.7820069204152249,2023-02-28,Jakarta,67.55334346585971,-10.232058061371493,-3.50731006343464,0.8494504794814806,0.527668345562516,False,train
-0.6012072417023366,1,0.0349465571140301,0.9792387543252596,5.661984933266188e-05,0.8996539792387543,2023-03-07,Jakarta,68.6245057742046,-9.779150939310874,-3.353935324052203,0.9066860720977985,0.4218060770826634,False,train
-0.5906768583280182,1,0.0352318024336307,0.9965397923875432,5.357401100175152e-05,0.8685121107266436,2023-03-14,Jakarta,53.07249842518352,-9.83444647684499,-3.3458061260407335,0.9507903724625832,0.3098349038318025,False,train
-0.898352493047366,1,0.0307090577370054,0.9307958477508652,5.006001729478221e-05,0.9204152249134948,2023-03-21,Jakarta,62.861817271968945,-9.902287926479639,-3.4831976276114784,0.981124629771712,0.19337647441020586,False,train
-0.7994706838247551,1,0.0272718651478458,0.6262975778546713,4.229676015080999e-05,0.9515570934256056,2023-03-28,Jakarta,33.99683530628729,-10.070800067024805,-3.6018996888696067,0.9972495210773451,0.07411742515094437,False,train
-0.4779714605588149,1,0.0265978396379508,0.7577854671280276,4.813248681879826e-05,1.0,2023-04-04,Jakarta,4.392456103754165,-9.941553207195382,-3.6269252831111225,0.9989315138848577,-0.046215046983708354,False,train
-0.7400598467085393,1,0.0252131896345861,0.8788927335640139,4.8595051969631945e-05,0.9550173010380624,2023-04-11,Jakarta,30.095414743545287,-9.931988843565396,-3.6803880231919597,0.986146248341595,-0.16587819893463143,False,train
-0.8635497516254298,1,0.030927968497158,0.7474048442906575,4.0686195654729915e-05,0.9757785467128028,2023-04-18,Jakarta,51.3157490621191,-10.10962169615039,-3.4760943751031395,0.9590788900341131,-0.28313898122818354,False,train
-0.5633141197930421,1,0.0319423395512678,0.7993079584775087,5.323289083627016e-05,0.8927335640138409,2023-04-25,Jakarta,48.07858431395571,-9.84083410385166,-3.443822890560083,0.9181214482844365,-0.39629913726891813,False,train
-0.8015018004181684,1,0.0337965057733059,0.8131487889273357,6.263938968823117e-05,0.9273356401384084,2023-05-02,Jakarta,70.30124229216952,-9.678116249492806,-3.3873978613251827,0.8638670987837349,-0.503719798736334,False,train
-0.7401984090711504,1,0.0295320278231987,0.7577854671280276,4.925889874560442e-05,0.9965397923875432,2023-05-09,Jakarta,18.62303194722793,-9.918420521477842,-3.522279915648363,0.7971015927871943,-0.6038452208771035,False,train
-0.5945223587073075,1,0.0325727828289401,0.8615916955017301,6.410826779076367e-05,0.8927335640138409,2023-05-16,Jakarta,16.06954571920714,-9.654937219659981,-3.4242782218658596,0.7187918772884232,-0.6952253139408723,False,train
-0.7016573913036761,1,0.0348978923404085,0.944636678200692,6.733926163126282e-05,0.9896193771626296,2023-05-23,Jakarta,15.404042889593104,-9.60576710907817,-3.355328842989696,0.6300720909843687,-0.7765366444428655,False,train
-0.6757829853183948,1,0.0348914077054645,0.7854671280276817,6.28184456463126e-05,0.9273356401384084,2023-05-30,Jakarta,9.167610311616516,-9.675261807134852,-3.3555146776365086,0.5322271388474397,-0.8466016020976267,False,train
-0.4959878015499429,1,0.0315222103566295,0.7474048442906575,5.369041489207961e-05,0.986159169550173,2023-06-06,Jakarta,14.749284746992778,-9.832276066011142,-3.457062890923553,0.42667408318992467,-0.9044054548343001,False,train
-0.7550652689067084,1,0.0291212423341625,0.8719723183391004,4.8853221801508205e-05,0.9273356401384084,2023-06-13,Jakarta,45.90977310856846,-9.926690228702315,-3.536287393989412,0.31494162072895193,-0.9491110448902284,False,train
-0.8387277976640245,1,0.0336520928045425,0.71280276816609,6.61128111162325e-05,0.9757785467128028,2023-06-20,Jakarta,17.905230878558964,-9.624148015722291,-3.391680031525398,0.19864794288017112,-0.9800709131432666,False,train
-0.6897952116505882,1,0.0324403113061558,0.8546712802768166,6.019103239316312e-05,0.944636678200692,2023-06-27,Jakarta,18.35009904555201,-9.717987180314392,-3.4283534534136515,0.07947729992362097,-0.9968366760893436,False,train
-0.8508144461786028,1,0.0293382282719446,0.8719723183391004,4.911390306491786e-05,0.9307958477508652,2023-07-04,Jakarta,52.90451936191253,-9.921368405100534,-3.5288638941865726,-0.04084439154329611,-0.9991655196610109,False,train
-0.7824134404569691,1,0.0299025304977895,0.7785467128027682,6.470710079923834e-05,0.9896193771626296,2023-07-11,Jakarta,10.079480681985554,-9.645639612877638,-3.509812170133491,-0.16057454459499376,-0.9870237158387383,False,train
-0.4794630106245539,1,0.0326126857193787,0.7439446366782007,6.0128342243587234e-05,1.0,2023-07-18,Jakarta,6.380709989379432,-9.719029242832388,-3.42305393380561,-0.2779791393987801,-0.9605871111248129,False,train
-0.603586870504063,1,0.0342691733057869,0.972318339100346,5.720490546656148e-05,0.9688581314878892,2023-07-25,Jakarta,8.418544273093657,-9.768870903350772,-3.3735090663574936,-0.3913578365610259,-0.9202385798054075,False,train
-0.7767640040360306,1,0.0309695270523807,0.9896193771626296,5.2244241459886634e-05,1.0,2023-08-01,Jakarta,8.618148518654959,-9.8595808844871,-3.4747515562669826,-0.4990686026885319,-0.8665624788845385,False,train
-0.6141611809878401,1,0.0339838754263364,0.7612456747404844,6.293896897063681e-05,0.9826989619377162,2023-08-08,Jakarta,3.2676274571712733,-9.673345047608725,-3.381869119025679,-0.5995514915196489,-0.8003361849976323,False,train
-0.5073088053005005,1,0.034375005428154,0.8650519031141869,5.9689998781063704e-05,0.9930795847750864,2023-08-15,Jakarta,2.5102346205280406,-9.72634607620483,-3.3704255650854797,-0.6913512362094071,-0.722518835873311,False,train
-0.8175799771232606,1,0.0357525552228303,1.0,6.292972388568965e-05,0.9688581314878892,2023-08-22,Jakarta,7.606854629802691,-9.673491948077046,-3.331133537631836,-0.7731383255706027,-0.6342374393978054,False,train
-0.6127642131454196,1,0.0382233281578771,0.726643598615917,6.656149805503266e-05,1.0,2023-08-29,Jakarta,3.231607620492265,-9.617384254868169,-3.264309265000485,-0.8437282590292712,-0.5367705514607103,False,train
-0.4546886067917254,1,0.0383384126916778,0.9930795847750864,6.023584879959344e-05,0.9930795847750864,2023-09-05,Jakarta,3.3864282902166893,-9.717242887876436,-3.2613029430647185,-0.9020987014301837,-0.4315297589714715,False,train
-0.5342676301131094,1,0.0364051467081768,0.9896193771626296,5.275312929395518e-05,0.9930795847750864,2023-09-12,Jakarta,4.091442449339414,-9.849887464259488,-3.3130451212527214,-0.9474042892438845,-0.32003923622313857,False,train
-0.4927692645844576,1,0.0370824094673274,1.0,6.223104218399918e-05,1.0,2023-09-19,Jakarta,9.75302032934142,-9.684656612231093,-3.2946125601548464,-0.9789888737409319,-0.20391367068311472,False,train
-0.1015663215769274,1,0.0398368829469271,0.9896193771626296,6.018966082244559e-05,1.0,2023-09-26,Jakarta,1.0594212923226056,-9.718009967535183,-3.2229620886105503,-0.9963950238187231,-0.08483487790576538,False,train
-0.3667014970274245,1,0.0409846671787928,0.9377162629757786,5.493091154447268e-05,0.9965397923875432,2023-10-03,Jakarta,8.246495669931834,-9.809434316091096,-3.1945572534714715,-0.9993706508539969,0.03547255575312556,False,train
-0.3781816358834858,1,0.0457613885827234,1.0,5.690071825031243e-05,0.9965397923875432,2023-10-10,Jakarta,15.879081399641125,-9.77420259388332,-3.08431458746882,-0.9878726596350429,0.15526624985999563,False,train
-0.2746693110347156,1,0.0465998394781683,0.9515570934256056,5.096955543526981e-05,1.0,2023-10-17,Jakarta,20.01278655794402,-9.884282055736493,-3.0661581825309696,-0.9620675724981452,0.27281126433401914,False,train
-0.1634135190944382,1,0.0511213539081343,0.9377162629757786,6.387113017140512e-05,1.0,2023-10-24,Jakarta,20.69462333808002,-9.658643095676418,-2.9735529843626707,-0.9223291176290545,0.3864052261209853,False,train
-0.5820051597354586,1,0.0455300317195262,0.9930795847750864,6.375145495645304e-05,0.9377162629757786,2023-10-31,Jakarta,44.51621991831575,-9.660518551339853,-3.08938313296259,-0.8692328164574792,0.4944029842076182,False,train
-0.2678712267703677,1,0.0461720045310884,0.889273356401384,6.958212169531099e-05,0.9480968858131488,2023-11-07,Jakarta,29.23659948171908,-9.573002895815021,-3.075381627094494,-0.8035476485339116,0.5952404359043674,False,train
-0.4681160717155468,1,0.0405374247711307,0.9100346020761244,5.977084826822585e-05,0.9653979238754326,2023-11-14,Jakarta,37.96464205610185,-9.724992503021594,-3.205529663135049,-0.7262249146041543,0.6874571793269664,False,train
-1.049893265151056,1,0.0393289752275344,0.8961937716262975,5.4105442460201633e-05,0.916955017301038,2023-11-21,Jakarta,90.26500360717694,-9.824575777167952,-3.2357937486232506,-0.6383844591746642,0.769717664006921,False,train
-0.996128123005728,1,0.0361765515573757,0.9584775086505192,5.186729098370582e-05,0.9619377162629758,2023-11-28,Jakarta,84.54173507508617,-9.866822197999626,-3.319344117062979,-0.5412984521036173,0.8408305333122887,False,train
-0.5876224957827058,1,0.0352869903930706,0.7162629757785467,6.174663501732113e-05,0.9619377162629758,2023-12-05,Jakarta,47.17839430646959,-9.692471077587642,-3.344240927077604,-0.4363729641045924,0.8997658785476209,False,train
-0.7783034302130366,1,0.0353624594546978,0.9965397923875432,6.191681574261166e-05,0.9792387543252596,2023-12-12,Jakarta,7.460978890381798,-9.68971875535055,-3.342104488917207,-0.3251276029999093,0.9456701548465688,False,train
-0.876977175520211,1,0.0358504207282009,0.986159169550173,5.731199660564351e-05,1.0,2023-12-19,Jakarta,41.35108549679702,-9.767000591311904,-3.328399976211762,-0.20917350564635637,0.9778785428342386,False,train
-0.6749102585276835,1,0.0353685439377614,0.9896193771626296,5.0788846599246486e-05,0.7958477508650519,2023-12-26,Jakarta,80.31352343598371,-9.887833782618538,-3.34193244320071,-0.09019000427034513,0.9959245770286599,False,train
-0.7372305085165095,1,0.0322173095452991,0.7058823529411765,5.214678776579979e-05,0.643598615916955,2024-01-02,Jakarta,131.63547541966452,-9.861447974468303,-3.4352514073486775,0.03439806061360801,0.9994082116062598,False,train
-1.062221575389453,1,0.0306777858274469,0.5951557093425606,4.68613600649372e-05,0.8685121107266436,2024-01-09,Jakarta,47.786160512099904,-9.968317101299471,-3.484216474988142,0.1542040475626894,0.988039023376751,False,train
-0.4232069936554156,1,0.0286193019246036,0.8027681660899654,2.9031347465846392e-05,0.986159169550173,2024-01-16,Jakarta,46.37027000917933,-10.447134364682295,-3.55367389632518,0.2717767384711357,0.9623603298276545,False,train
-0.7292168033756586,1,0.0289448307757707,0.9515570934256056,4.007523990119413e-05,0.9377162629757786,2024-01-23,Jakarta,52.02660756671827,-10.124751873181046,-3.542363647874523,0.38541335945432564,0.9227440286201427,False,train
-0.9599879768019712,1,0.0320023351546988,0.8719723183391004,4.309658967474207e-05,0.8235294117647058,2024-01-30,Jakarta,109.14765222224408,-10.052066689861244,-3.4419464052605155,0.49346814167723735,0.8697638720650646,False,train
-0.807384834411589,1,0.0295506707704617,0.9377162629757786,4.300253738302641e-05,0.9550173010380624,2024-02-06,Jakarta,42.89983822149805,-10.054251435104078,-3.52164883587965,0.5943761565849831,0.804187157621448,False,train
-0.7660568838403978,1,0.0340210395737458,0.7716262975778547,4.493538414042529e-05,0.7993079584775087,2024-02-13,Jakarta,107.17710257658312,-10.010285008088314,-3.3807761347580247,0.6866759803451553,0.726963615332308,False,train
-0.7234320602601904,1,0.0312475865794613,1.0,4.634771444568218e-05,0.972318339100346,2024-02-20,Jakarta,68.55392173454452,-9.979338577940995,-3.465813135239313,0.7690308592589181,0.6392116531380588,False,train
-0.778990284573238,1,0.030267994871424,0.9930795847750864,4.133659001421323e-05,0.726643598615917,2024-02-27,Jakarta,112.4595678441614,-10.09376249346472,-3.4976643995887557,0.8402480696078469,0.5422021592729844,False,train
-0.7495600044974127,1,0.0284547782327915,0.5190311418685121,4.430382512701571e-05,0.7162629757785467,2024-03-05,Jakarta,79.62061610723337,-10.024439538658488,-3.5594391805686834,0.8992961915530253,0.4373400963303323,False,train
-0.7697031504113664,1,0.0269168203378983,1.0,3.4021831641669685e-05,0.5224913494809689,2024-03-12,Jakarta,51.4014780079276,-10.288508132302745,-3.6150038964158533,0.945320046913132,0.3261441535642696,False,train
-0.7117814581278947,1,0.0301207022752266,0.9653979238754326,3.428497812549143e-05,1.0,2024-03-19,Jakarta,23.528475042808104,-10.280803255247942,-3.502542560411678,0.9776530844816641,0.2102247521189836,False,train
-0.5696913948700913,1,0.034614738855877,0.8235294117647058,4.8503788836922086e-05,0.8961937716262975,2024-03-26,Jakarta,73.42088238092212,-9.933868642723164,-3.3634757091279845,0.9958270335100595,0.09126072172931188,False,train
-0.9634981376110208,1,0.0308759497221598,0.9792387543252596,5.219225422301658e-05,0.9653979238754326,2024-04-02,Jakarta,61.90917988938257,-9.8605764606183,-3.4777777242751857,0.9995786855478958,-0.029025013321975237,False,train
-0.9933597657549668,1,0.0316653006292718,0.740484429065744,4.4992552655881005e-05,0.916955017301038,2024-04-09,Jakarta,66.83034854613327,-10.009013578425995,-3.452533815003173,0.9888537064205885,-0.1488903868564548,False,train
-0.767330436440384,1,0.0310203028165724,0.7612456747404844,5.2464377960963984e-05,0.9411764705882352,2024-04-16,Jakarta,60.90228834084782,-9.855376133691454,-3.4731133593029138,0.9638074231367307,-0.26659942067929354,False,train
-0.70873927739272,1,0.0302671354811738,0.6955017301038062,4.828540847087355e-05,0.9377162629757786,2024-04-23,Jakarta,77.04518583868165,-9.938381145000072,-3.497692792696865,0.9248025743285089,-0.38044736628785164,False,train
-0.9273825398753104,1,0.0342603190959169,0.8096885813148789,5.474196807304953e-05,0.986159169550173,2024-04-30,Jakarta,19.97202763435232,-9.812879901891543,-3.3737674721798325,0.8724040568049612,-0.48878539428899265,False,train
-0.6562771951644651,1,0.0323558607137307,0.7750865051903114,4.845086079229563e-05,0.986159169550173,2024-05-07,Jakarta,13.912828357891437,-9.934960453174474,-3.430960108640657,0.8073707443023492,-0.5900444739548627,False,train
-0.7377400274715641,1,0.037325894238742,0.7993079584775087,5.126857527972135e-05,0.9896193771626296,2024-05-14,Jakarta,20.110911714901963,-9.878432561130523,-3.288067977672623,0.7306444969184916,-0.6827580970759147,False,train
-0.8675095413397874,1,0.0376283077021725,0.7716262975778547,5.693852254839283e-05,0.9480968858131488,2024-05-21,Jakarta,70.95945868415687,-9.773538423967835,-3.2799986474270617,0.6433365204044917,-0.765583517007675,False,train
-0.6401805432590663,1,0.0356625358495248,0.698961937716263,5.826709725312924e-05,0.9273356401384084,2024-05-28,Jakarta,39.44572406191002,-9.750472993510407,-3.3336545571987255,0.5467112728685939,-0.8373211953118121,False,train
-0.8252931033254843,1,0.032599353048005,0.8477508650519031,5.575042261789826e-05,0.9965397923875432,2024-06-04,Jakarta,11.204285940095202,-9.794625567062676,-3.4234628359596138,0.44216815196707204,-0.8969321743510065,False,train
-1.0631236675105635,1,0.0330064201317773,0.8235294117647058,4.8781867374969286e-05,0.9930795847750864,2024-06-11,Jakarta,41.59647537363988,-9.928151884339535,-3.4110531869901495,0.3312212278016865,-0.9435531242349544,False,train
-0.7723971188583056,1,0.033600586272947,0.7993079584775087,5.836569052970903e-05,0.9965397923875432,2024-06-18,Jakarta,5.7711188924842975,-9.748782331700149,-3.3932117635655903,0.21547731504673012,-0.976508846196619,False,train
-0.7235601402692464,1,0.0296316236574523,0.9757785467128028,4.530407083344994e-05,0.9480968858131488,2024-06-25,Jakarta,48.77522534839786,-10.002113665639735,-3.518913121143962,0.0966127018812031,-0.9953220513156602,False,train
-0.8634635078700659,1,0.0305453077753708,0.7854671280276817,5.520714485042146e-05,0.972318339100346,2024-07-02,Jakarta,121.37511503424156,-9.80441817736126,-3.488544196801827,-0.023651127245231586,-0.9997202729664083,False,train
-0.7352137185561912,1,0.0330356311985987,0.8200692041522492,6.114748546884495e-05,0.9965397923875432,2024-07-09,Jakarta,8.281883156741126,-9.702221817382297,-3.410168566717523,-0.1435724234118113,-0.9896398128792412,False,train
-0.6492305319378782,1,0.0324278832445099,0.8408304498269896,5.0920109584449866e-05,0.9619377162629758,2024-07-16,Jakarta,1.8810296959600104,-9.885252632186852,-3.4287366323161645,-0.2614143985111562,-0.965226663665613,False,train
-0.8540558208118427,1,0.0329090578540643,0.9273356401384084,5.463014889066434e-05,0.9792387543252596,2024-07-23,Jakarta,6.487540235627673,-9.814924650122611,-3.414007344389751,-0.3754703786876202,-0.9268343944460494,False,train
-0.7121689553756281,1,0.0336537786757362,0.8304498269896193,5.326203399859423e-05,0.9896193771626296,2024-07-30,Jakarta,25.469673744727903,-9.840286788322835,-3.3916299357118533,-0.48408852163897587,-0.8750190302029955,False,train
-0.5047866130137312,1,0.0323344075288178,0.9411764705882352,5.455656548986394e-05,0.9688581314878892,2024-08-06,Jakarta,4.956350473601033,-9.816272495643153,-3.4316233671579637,-0.5856957398073508,-0.8105309990194823,False,train
-0.6134036829836071,1,0.0361572817961069,0.7024221453287197,6.198148093256344e-05,1.0,2024-08-13,Jakarta,2.102913171306158,-9.688674912173385,-3.3198769178515253,-0.6788204829862357,-0.734304263829602,False,train
-0.6684913247727043,1,0.0356335353346865,0.7612456747404844,5.2938091592408646e-05,0.986159169550173,2024-08-20,Jakarta,3.793245967489951,-9.846387410315108,-3.3344680807479485,-0.7621140503891487,-0.6474427960827475,False,train
-0.573091283885547,1,0.0333672147222405,0.9965397923875432,6.494686724674901e-05,0.9653979238754326,2024-08-27,Jakarta,5.417070994661674,-9.641941049317333,-3.4001814562219916,-0.8343701235229537,-0.5512045872199277,False,train
-0.679877906014816,1,0.0328472889994919,0.986159169550173,4.9772938315867425e-05,0.9965397923875432,2024-09-03,Jakarta,28.48989732985137,-9.908039128944829,-3.4158860641087214,-0.8945422369764496,-0.4469834295196742,False,train
-0.8158631647574831,1,0.0403319826985648,0.9930795847750864,6.357082391290747e-05,0.986159169550173,2024-09-10,Jakarta,31.10453749442011,-9.663355936380936,-3.2106105094266444,-0.9417589340994617,-0.33628873017668287,False,train
-0.4763033716089314,1,0.0415431600016733,0.8269896193771626,7.179912974214763e-05,1.0,2024-09-17,Jakarta,6.714100842902273,-9.541638202566453,-3.181022392130543,-0.9753363880767837,-0.2207236509605022,False,train
-0.5906379566636079,1,0.0396918170960424,0.8719723183391004,5.395615179058295e-05,0.9238754325259516,2024-09-24,Jakarta,41.856266624889855,-9.827338845131816,-3.2266102310219242,-0.994788305609327,-0.10196189005174576,False,train
-0.7510906479518099,1,0.0417494685151398,0.9930795847750864,5.0975682387530514e-05,0.9792387543252596,2024-10-01,Jakarta,22.523339181042513,-9.884161854883587,-3.1760685579425942,-0.999832969770105,0.018276557681691223,False,train
-0.8722180103390611,1,0.0415006994382361,0.7058823529411765,4.807895322477911e-05,0.9204152249134948,2024-10-08,Jakarta,23.67369418800333,-9.942666039505541,-3.1820449979541103,-0.9903973200352558,0.13825031091098192,False,train
-0.3793444594137483,1,0.0444953868827125,0.9826989619377162,5.500535714298285e-05,1.0,2024-10-15,Jakarta,9.47208985799733,-9.80807997487544,-3.1123697607406102,-0.9666180104000972,0.2562218218071163,False,train
-0.9108285972560364,1,0.0432521536698407,0.986159169550173,6.125791957566278e-05,0.9757785467128028,2024-10-22,Jakarta,15.902742769644766,-9.700417417703363,-3.140708251009553,-0.9288394302558068,0.3704825404820963,False,train
-0.6573743375010207,1,0.0443703232122148,0.889273356401384,5.9137497199743155e-05,0.9342560553633218,2024-10-29,Jakarta,67.19727749646107,-9.735645364358636,-3.11518442914152,-0.8776087166898392,0.4793776594606945,False,train
-0.6363607302673411,1,0.0423261763570086,0.9965397923875432,5.53388258539046e-05,0.9411764705882352,2024-11-05,Jakarta,93.121524540238,-9.802035800782066,-3.162349557917187,-0.8136678304455991,0.5813300798152042,False,train
-0.8970888749519021,1,0.0349833326373422,0.9965397923875432,4.068417300130393e-05,0.8961937716262975,2024-11-12,Jakarta,86.73679071053358,-10.109671410892004,-3.3528835412785396,-0.7379428103031386,0.6748632518680403,False,train
-1.1905207526619792,1,0.0339448683337386,0.6608996539792388,4.889528902656087e-05,0.8096885813148789,2024-11-19,Jakarta,98.54440020138836,-9.925829505049476,-3.3830175900476975,-0.6515303615068021,0.75862255966641,False,train
-0.5721600053005557,1,0.0336463429013509,0.3183391003460207,5.165250103652102e-05,0.7820069204152249,2024-11-26,Jakarta,82.18976726238655,-9.870971940792248,-3.3918509092923257,-0.5556819724760489,0.8313949395234058,True,train
-0.6718282700766746,1,0.0292153768134831,0.3633217993079585,5.223086021701008e-05,0.5397923875432526,2024-12-03,Jakarta,127.73019012880034,-9.85983704586402,-3.533060105113232,-0.451785789832884,0.8921264484954345,True,train
-0.8146370863631439,1,0.0263896507291821,0.5916955017301038,4.279582900151011e-05,0.5363321799307958,2024-12-10,Jakarta,60.134490451070874,-10.059069913361142,-3.6347833635229563,-0.34134651424503615,0.9399375283564133,False,train
-0.7811611531626905,1,0.0260101384023838,0.6055363321799307,4.450367861620689e-05,0.4636678200692041,2024-12-17,Jakarta,88.2138130572628,-10.019938706675948,-3.6492688784137117,-0.22596360824801906,0.974135744004672,True,train
-0.6246304184660422,1,0.0279730543857776,0.6089965397923875,4.659199890169224e-05,0.9688581314878892,2024-12-24,Jakarta,23.965075703078934,-9.974081728962936,-3.5765135755216866,-0.10730813165636247,0.9942258118156161,False,train
-0.9656041429125078,1,0.0276034706791048,0.8754325259515571,4.813339946587724e-05,0.9515570934256056,2024-12-31,Jakarta,33.93535158493606,-9.941534246229784,-3.5898137649218786,0.012901459949419653,0.9999167727021953,False,train
-0.8176058048867753,1,0.0306316167324333,0.9653979238754326,4.5449790246213815e-05,0.8788927335640139,2025-01-07,Jakarta,116.08628588352046,-9.998902352396236,-3.4857225768848545,0.1201261651823505,0.9927586335250793,False,train
-0.8692102452898278,1,0.0304830793404821,0.6643598615916955,3.7586155501996576e-05,0.6816608996539792,2025-01-14,Jakarta,109.51763088685188,-10.188874780106566,-3.4905835250356594,0.23851257519407648,0.9711394088771653,False,train
-1.0128109193582948,1,0.0280383676697461,0.7197231833910035,3.624863834446875e-05,0.4844290657439446,2025-01-21,Jakarta,75.28341642152715,-10.225108740280302,-3.574181432855985,0.3534446712740877,0.9354554315134164,True,train
-0.856184539345846,1,0.0303115395840779,0.7923875432525952,2.3102973580905656e-05,0.3114186851211072,2025-01-28,Jakarta,57.57168808956559,-10.675549222274931,-3.4962267946106125,0.4632579225674917,0.88622350294858,True,train
-0.6753056600794382,1,0.031558995374895,0.9757785467128028,3.578540724759531e-05,0.7024221453287197,2025-02-04,Jakarta,50.227117333057755,-10.237970366438992,-3.4558966157387814,0.5663619330814524,0.8241566360566663,False,train
-0.7516185682075268,1,0.0318357082119778,0.9653979238754326,4.3712830767925e-05,0.972318339100346,2025-02-11,Jakarta,50.9805391739375,-10.037868888707784,-3.447166719428639,0.6612634749656386,0.7501537286959042,False,train
-1.122147700931932,1,0.0319445870708216,0.6262975778546713,4.185369711161299e-05,0.8131487889273357,2025-02-18,Jakarta,93.59970871654656,-10.081330422956686,-3.443752531265199,0.746588114532413,0.6652865452111116,False,train
-0.6233766038386992,1,0.0341007210603495,1.0,4.8091636997130307e-05,0.7750865051903114,2025-02-25,Jakarta,117.64975866104356,-9.942402262972706,-3.3784367494514336,0.8211001178128892,0.5707841943569036,False,train
-0.8658058947442744,1,0.031384635117668,0.9965397923875432,4.47176495872246e-05,0.8581314878892734,2025-03-04,Jakarta,85.62884633213326,-10.015142288923883,-3.461436833290484,0.8837203473619977,0.4680153284438345,False,train
-1.0523296108119058,1,0.0273400090659553,0.8685121107266436,4.478055793674351e-05,0.6643598615916955,2025-03-11,Jakarta,106.1738488512526,-10.013736487363836,-3.5994041160859753,0.9335418911179212,0.35846832151248087,False,train
-0.5555269275976793,1,0.0282411633797123,0.7439446366782007,3.829142086410472e-05,0.9204152249134948,2025-03-18,Jakarta,27.487161013479803,-10.170284685195293,-3.566974671040185,0.969843196967294,0.24372971360968387,False,train
-0.8560377046050215,1,0.0266020512642155,0.8546712802768166,3.066421049389679e-05,0.8823529411764706,2025-03-25,Jakarta,33.23588460910574,-10.392414365381248,-3.626766950971636,0.992098522791769,0.12546123335273648,False,train
-0.9275229818790104,1,0.0287181909141428,0.8788927335640139,5.026449288378705e-05,0.8685121107266436,2025-04-01,Jakarta,104.83754925438596,-9.89821163701112,-3.5502245272407333,0.9999855506507186,0.005375731557583884,False,train
-0.7758177511164693,1,0.0285690754776715,0.972318339100346,4.277252078403875e-05,0.7820069204152249,2025-04-08,Jakarta,66.48818340646437,-10.059614699327128,-3.555430423162541,0.9933900548258936,-0.11478762552212701,False,train
-0.8932944534488405,1,0.029474347091667,0.8719723183391004,5.682817449071593e-05,0.9204152249134948,2025-04-15,Jakarta,70.67969056189351,-9.77547832545314,-3.5242349840621623,0.9724075561219968,-0.23328854407545518,False,train
-1.0767000802231332,1,0.0284432596032171,0.8615916955017301,5.913975072626632e-05,0.9688581314878892,2025-04-22,Jakarta,42.570933488142146,-9.735607258525723,-3.5598440672807685,0.9373419384643772,-0.3484108069446808,False,train
-0.8500786367246267,1,0.0316325795709454,0.8858131487889274,5.053596392869949e-05,0.9757785467128028,2025-04-29,Jakarta,38.144051644537285,-9.892825318142478,-3.453567690423251,0.8887010478292915,-0.45848712914008766,False,train
-0.9381331069831452,1,0.0302994315116088,0.7854671280276817,5.346364899481915e-05,0.8788927335640139,2025-05-06,Jakarta,33.59887066007013,-9.836508593039305,-3.496626328635931,0.8271893372462497,-0.5619233046832195,False,train
-1.000863276653715,1,0.0313743815623836,0.7508650519031141,6.244984623314616e-05,0.9619377162629758,2025-05-13,Jakarta,53.629436158617494,-9.681146783635171,-3.461763592883545,0.753697664392914,-0.6572212950663319,False,train
-0.678374253980107,1,0.0299144556753321,0.903114186851211,5.500895902121296e-05,0.6678200692041523,2025-05-20,Jakarta,93.54112718471372,-9.808014494702368,-3.5094134480157946,0.6692903895412567,-0.7430009249440493,False,train
-0.7680190651579454,1,0.0298186487151356,0.7508650519031141,5.1583757829672385e-05,1.0,2025-05-27,Jakarta,5.06893796322059,-9.872303705770248,-3.5126212853894034,0.5751899607119775,-0.8180198708443175,False,train
-0.9345087883467544,1,0.0320615919490681,0.7439446366782007,5.778255080811308e-05,0.9826989619377162,2025-06-03,Jakarta,29.10258383723392,-9.758823716996632,-3.440096477728832,0.47275920928627757,-0.881191653407483,False,train
-0.8569934053146885,1,0.0291542065292659,0.9584775086505192,5.000148899823499e-05,0.9757785467128028,2025-06-10,Jakarta,22.323092147658773,-9.903457773014843,-3.535156070275491,0.36348161248290634,-0.9316013725767187,False,train
-0.6805631564409494,1,0.0301749623181825,0.8615916955017301,4.534983052306979e-05,0.8685121107266436,2025-06-17,Jakarta,135.78903176253797,-10.001104118497878,-3.500742760775378,0.24893980855376657,-0.9685189578512204,False,train
-0.8893085158304427,1,0.0298557141880962,0.8615916955017301,5.214070290970185e-05,0.9550173010380624,2025-06-24,Jakarta,28.296161309399928,-9.861564668351058,-3.511379027376952,0.13079267585675922,-0.9914097417023038,False,train
-0.9096511448240344,1,0.0286347916685957,0.9377162629757786,4.812644233385195e-05,0.8754325259515571,2025-07-01,Jakarta,41.312266256623154,-9.941678795231887,-3.5531328085741425,0.01075130776352193,-0.9999422030204416,False,train
-0.7209348068061255,1,0.0305517314588336,0.9688581314878892,5.236976254343908e-05,0.986159169550173,2025-07-08,Jakarta,8.966743229982095,-9.857181183892838,-3.488333918740337,-0.10944576864891556,-0.993992768446958,False,val
-0.9281388020760514,1,0.0306062567534888,0.7716262975778547,5.903461381339814e-05,0.972318339100346,2025-07-15,Jakarta,11.508469667997105,-9.737386611281579,-3.4865508218564916,-0.2280577712215198,-0.9736476020539838,False,val
-0.8496079772428796,1,0.0302390095051683,0.986159169550173,4.476311271046814e-05,0.9584775086505192,2025-07-22,Jakarta,9.487313039813106,-10.014126134702838,-3.498622482665964,-0.34336687399638804,-0.939201357453208,False,val
-0.7310419546357585,1,0.0298002958513798,0.9688581314878892,4.381741669520551e-05,0.9584775086505192,2025-07-29,Jakarta,19.80868067796194,-10.035479178177232,-3.5132369576214084,-0.45370308603134424,-0.8911529104063088,False,val
-0.9219799525623548,1,0.0340495392747603,0.754325259515571,4.817109077324883e-05,0.8858131487889274,2025-08-05,Jakarta,36.408011614006426,-9.940751493334202,-3.3799387773222023,-0.5574684374327892,-0.8301981337405212,False,val
-1.097731159760695,1,0.0327304357663916,0.8961937716262975,4.399200844966974e-05,0.9515570934256056,2025-08-12,Jakarta,48.63096089654338,-10.031502566685909,-3.419449876582988,-0.65316012232693,-0.7572198192083127,False,val
-0.8090573362235564,1,0.0315356505880927,0.7958477508650519,5.337020766733075e-05,0.9515570934256056,2025-08-19,Jakarta,44.88167903590603,-9.838257876538663,-3.456636608412051,-0.7393922635959241,-0.673274892250183,False,val
-0.8643373185148752,1,0.0312158075764156,0.7785467128027682,6.035780932490721e-05,0.9930795847750864,2025-08-26,Jakarta,23.437899860592474,-9.715220218213853,-3.466830659381798,-0.8149159841660791,-0.5795791048257612,False,val
-0.834050859150125,1,0.0314383532642828,0.9965397923875432,4.67162963133336e-05,0.9930795847750864,2025-09-02,Jakarta,18.706219477439,-9.971417496701953,-3.4597266898831007,-0.8786374941610001,-0.4774894280028391,False,val
-0.9315075612227092,1,0.0322749161372509,1.0,4.875014255732698e-05,0.9100346020761244,2025-09-09,Jakarta,54.883491851303326,-9.928802436271832,-3.4334649406338786,-0.9296339319682695,-0.3684843993077793,False,val
-0.7539251687976205,1,0.0323546459561579,0.8339100346020761,4.575261425105022e-05,0.889273356401384,2025-09-16,Jakarta,57.89147415882094,-9.992261625775832,-3.430997653009739,-0.9671667297977312,-0.2541427094613622,False,val
-0.7912547509450846,1,0.0359257611091802,0.8373702422145328,5.3923035251176095e-05,0.9930795847750864,2025-09-23,Jakarta,41.980009674818845,-9.827952801194245,-3.326300661182174,-0.9906923101615609,-0.13612033862266704,False,val
-1.0462864562956058,1,0.0342196609749031,1.0,5.4219848508631105e-05,0.9515570934256056,2025-09-30,Jakarta,48.90626737375505,-9.822463507910363,-3.374954917787999,-0.9998699583618592,-0.016126573270657762,False,val
-0.2437209333310976,1,0.0377546842416683,0.9550173010380624,5.2099026067475256e-05,1.0,2025-10-07,Jakarta,31.243553837873385,-9.862364302902227,-3.2766457251131103,-0.9945667569706337,0.1041007489354256,False,val
-0.786240899658157,1,0.0304922307258946,0.986159169550173,4.803436928957948e-05,0.972318339100346,2025-10-14,Jakarta,50.334304328623055,-9.943593776415078,-3.490283358116582,-0.9748595108374125,0.22282040779479959,False,val
-1.0142579556014033,1,0.0324279456569586,0.8823529411764706,6.921262083437313e-05,0.370242214532872,2025-10-21,Jakarta,106.13506268660517,-9.578327329970614,-3.4287347076642174,-0.9410336347451197,0.3383130181923075,True,val
-0.5092429845953244,1,0.0302488296816515,0.944636678200692,5.4221220255365455e-05,0.6470588235294118,2025-10-28,Jakarta,96.3657101991452,-9.822438208515031,-3.4982977834635625,-0.8935790198239952,0.4489059314938798,False,val
-0.8623022697841687,1,0.0277236513942311,0.8062283737024222,4.14199963766665e-05,0.9377162629757786,2025-11-04,Jakarta,53.893224338732296,-10.091746789474712,-3.585469389156691,-0.8331829385891785,0.5529974600700271,False,val
-0.8991658416502084,1,0.0269826110856627,0.8581314878892734,3.834542184397357e-05,0.8408304498269896,2025-11-11,Jakarta,81.47861737918589,-10.168875415530783,-3.612562654321049,-0.7607200913564104,0.6490800741100398,False,val
-0.7768216399292913,1,0.0262819735911938,0.6193771626297578,4.052815414420253e-05,0.9584775086505192,2025-11-18,Jakarta,64.24575989861121,-10.113513661312007,-3.6388719895860264,-0.6772399381909491,0.7357622347736525,False,val
-0.554205130197569,1,0.028074336531354,0.8685121107266436,6.126918446630196e-05,0.889273356401384,2025-11-25,Jakarta,22.07129161231897,-9.7002335418049,-3.5728994106456327,-0.5839514998576998,0.8117885474764613,False,val
-0.8818238818355957,1,0.0307064426988563,0.916955017301038,5.6003483228433314e-05,0.7647058823529411,2025-12-02,Jakarta,74.40352757445523,-9.790096668655758,-3.483282786508894,-0.4822058478963526,0.8760579434344281,False,val
-0.5650043100266328,1,0.0306350454800255,0.6608996539792388,6.035236129481173e-05,0.8408304498269896,2025-12-09,Jakarta,37.78223586233051,-9.715310484511567,-3.485610648228324,-0.37347653741307074,0.9276396261490467,False,val
-0.6106268223549838,1,0.0257146795639509,0.8269896193771626,4.798020325414483e-05,0.6228373702422145,2025-12-16,Jakarta,74.10655704620939,-9.944722064335254,-3.660693260888666,-0.2593382659754056,0.9657865518844574,False,val
-0.6781141147331842,1,0.028673671836837,0.7681660899653979,5.418146407299148e-05,0.9307958477508652,2025-12-23,Jakarta,42.06498779729241,-9.823171699284245,-3.551775934848054,-0.14144406768794202,0.9899462489023779,False,val
-0.7427577536462897,1,0.0242585736500996,0.5363321799307958,3.6151127788015385e-05,0.2802768166089965,2025-12-30,Jakarta,79.69033476257826,-10.227802412390657,-3.7189851715022044,-0.021501372740813793,0.999768818762748,True,val
-0.6133548526695478,1,0.0284527699180522,0.6193771626297578,7.119526437157013e-05,0.671280276816609,2026-01-06,Jakarta,50.16458738109359,-9.550084253393592,-3.5595097622333447,0.10303137904317879,0.9946781061893646,False,val
-0.6938041084464464,1,0.0274055822948581,0.6332179930795848,4.412043817158902e-05,0.4013840830449827,2026-01-13,Jakarta,74.630994707425,-10.02858743226861,-3.5970085529499594,0.22177215755648186,0.975098513039961,True,val
-0.884548912795008,1,0.0283089691474438,0.9930795847750864,3.0935973589255576e-05,0.5778546712802768,2026-01-20,Jakarta,119.12779819109562,-10.383590857381662,-3.564576593539886,0.3373010691361842,0.9413968285264122,False,val
-0.3872489524926953,1,0.0297640319183359,0.9930795847750864,4.0894026139749435e-05,0.314878892733564,2026-01-27,Jakarta,71.52347229509108,-10.104526565736167,-3.5144545970671066,0.44794493940789115,0.8940611451454876,True,val
-0.6608312856294684,1,0.029395420224788,0.9792387543252596,4.48653618459368e-05,0.7024221453287197,2026-02-03,Jakarta,53.33443697938187,-10.01184451203031,-3.5269163914387094,0.5521013427459208,0.8337770129585915,False,val
-0.8777276903193,1,0.0303371511403072,0.8062283737024222,4.627594165806173e-05,0.5501730103806228,2026-02-10,Jakarta,72.21242077622908,-9.980888350537,-3.495382207284955,0.6482618097757122,0.7614175109532997,False,val
-0.4555303897733725,1,0.0275498982520734,0.5190311418685121,4.2676188724880974e-05,0.4740484429065744,2026-02-17,Jakarta,80.65766418765124,-10.061869434372811,-3.5917564365997103,0.7350336741329412,0.6780306024735382,True,val
-0.6886871702399479,1,0.0276586178445845,0.8754325259515571,4.167006500566436e-05,0.7889273356401384,2026-02-24,Jakarta,29.673468587201484,-10.085727552519986,-3.5878179234595318,0.8111602420785621,0.5848239578463322,False,val
-0.7554733832275426,1,0.0269783875624963,0.8096885813148789,5.101362297277791e-05,0.7058823529411765,2026-03-03,Jakarta,93.5466140631903,-9.88341784379608,-3.6127191941657824,0.8755389928586302,0.4831474640149687,False,val
-0.3824291914979168,1,0.0294966104608627,1.0,4.88043255457012e-05,1.0,2026-03-10,Jakarta,10.169535290607064,-9.927691610801727,-3.5234799218696042,0.9272375462179537,0.374473674486883,False,val
-0.4207515074936711,1,0.03074000592675,0.9930795847750864,5.413903161205001e-05,0.9896193771626296,2026-03-17,Jakarta,26.7865333822564,-9.82395516067525,-3.4821903480691683,0.9655071658143364,0.2603764827344581,False,val
-0.8201632696666398,1,0.0282537601015738,0.9965397923875432,6.24046500914984e-05,0.916955017301038,2026-03-24,Jakarta,73.56591592058037,-9.681870764668332,-3.566528729306166,0.9897936029670716,0.14250832791617088,False,val
-0.4849007164921068,1,0.032234388914004,0.9238754325259516,5.210350338648344e-05,0.916955017301038,2026-03-31,Jakarta,60.25242311412001,-9.862278367963135,-3.4347214176195324,0.9997451236925734,0.022576263041545485,False,val
-0.6270830822895376,1,0.0291419775157439,0.7508650519031141,5.223551058433377e-05,0.9653979238754326,2026-04-07,Jakarta,52.51448324410939,-9.859748014967455,-3.535575617932056,0.9952176027737294,-0.09768276782171598,False,val
-0.718064325063414,1,0.0305103871563374,0.9411764705882352,4.8613013789156256e-05,0.8927335640138409,2026-04-14,Jakarta,55.821539700780704,-9.931619289463306,-3.4896880908441514,0.9762766110869321,-0.21652708524481437,False,val
-0.369680459526262,1,0.0299795283059368,0.7785467128027682,5.312907530931628e-05,0.986159169550173,2026-04-21,Jakarta,41.98877438333051,-9.842786221957109,-3.507240520055983,0.9431964659565866,-0.33223549871590435,False,val
-0.5102530571682422,1,0.0300660142693775,0.7647058823529411,5.412282293221299e-05,0.9792387543252596,2026-04-28,Jakarta,54.01431856725826,-9.824254595412008,-3.504359839174814,0.8964562582905575,-0.44313223418263453,False,val
-0.5941245745532736,1,0.0299006862297434,0.8477508650519031,5.58284697866624e-05,0.9550173010380624,2026-05-05,Jakarta,19.515422894187505,-9.793226607459994,-3.509873848021324,0.8367329140344921,-0.5476112038402312,False,val
-0.5953797153556485,1,0.0302749262969587,0.71280276816609,6.067775236958958e-05,0.8996539792387543,2026-05-12,Jakarta,25.46484050872389,-9.70993344488207,-3.4974354239981755,0.7648913904341226,-0.6441592666722685,False,val
-0.512819941676917,1,0.0312790869850321,0.7647058823529411,7.697015091810751e-05,0.9377162629757786,2026-05-19,Jakarta,67.84885543890785,-9.472092861680624,-3.464805552189071,0.6819721490904629,-0.7313781428679254,False,val
-0.6980900584948624,1,0.0328138747076554,0.8754325259515571,8.0213865611019e-05,0.9965397923875432,2026-05-26,Jakarta,7.941966945403294,-9.430814170117257,-3.4169038436555463,0.5891760872322963,-0.8080046647350754,False,val
-0.5100559644659418,1,0.0318146577197682,0.9342560553633218,6.252175165397194e-05,1.0,2026-06-02,Jakarta,3.323944020026077,-9.67999603530553,-3.4478281608098134,0.4878471454423119,-0.8729290708206411,False,val
-0.556826384920292,1,0.0348847157640833,0.8235294117647058,7.512345222265255e-05,0.9896193771626296,2026-06-09,Jakarta,5.353084191140487,-9.496377768014618,-3.3557064894216566,0.37945284372454435,-0.925211078289358,False,val
-0.5636443776394571,1,0.0347897239306172,0.9307958477508652,5.954100048138493e-05,1.0,2026-06-16,Jakarta,9.195540770594295,-9.728845399001111,-3.3584332251582736,0.26556302780405594,-0.9640935007889755,False,val
-0.5831311727097417,1,0.0322601638264357,0.944636678200692,5.34404257837461e-05,0.8927335640138409,2026-06-23,Jakarta,7.118824686244125,-9.836943061257406,-3.433922127983161,0.14782713347053048,-0.9890132145779883,False,val
-0.4488915636899125,1,0.0336275478656944,0.7854671280276817,6.034904461514387e-05,0.986159169550173,2026-06-30,Jakarta,1.2770082851134592,-9.715365441281023,-3.392409670973305,0.02795029824021032,-0.999609314096404,False,val
-0.3482915054642367,1,0.0351775754342041,0.9134948096885812,7.429792725452273e-05,1.0,2026-07-07,Jakarta,0.9532259612743452,-9.507427503607849,-3.347346460916298,-0.09233133369539123,-0.9957283388645872,False,val
-0.5863948155366564,1,0.0344693402079041,0.7854671280276817,5.369644338764796e-05,0.9653979238754326,2026-07-14,Jakarta,1.5179032092238358,-9.83216378978533,-3.367685039689526,-0.2112757555821793,-0.9774264960104055,False,val
-0.2292239787690807,1,0.0367380622406969,0.9273356401384084,7.138785940253628e-05,1.0,2026-07-21,Jakarta,1.3282001082111652,-9.547382739455603,-3.3039419430820933,-0.3271603271220951,-0.9449688462364056,False,val
-0.4995303287378172,1,0.0347580842860516,0.8200692041522492,4.860935888484179e-05,0.8961937716262975,2026-07-28,Jakarta,4.39782226364801,-9.93169447595003,-3.3593430927029067,-0.4383067230125192,-0.898825465016444,False,val
-0.5617283523402745,1,0.0365325976999199,0.8408304498269896,5.5556645575520045e-05,0.9965397923875432,2026-08-04,Jakarta,3.60587743231027,-9.798107416711417,-3.3095503292901602,-0.5431052396834317,-0.8396646346181327,False,val
-0.4765862177208076,1,0.036046989718252,0.7577854671280276,5.995446729936006e-05,0.9826989619377162,2026-08-11,Jakarta,2.9435034316440243,-9.721925162180105,-3.3229319216988547,-0.6400381082043503,-0.7683431655492202,False,val
-0.5133193126278329,1,0.0353490133426234,0.9273356401384084,6.0251666828046424e-05,0.9688581314878892,2026-08-18,Jakarta,7.673444368845977,-9.716980320780394,-3.3424847981288397,-0.7277014757264236,-0.6858939875998223,False,val
-0.5792783020691371,1,0.0382135641287738,0.986159169550173,6.380716333926629e-05,0.9930795847750864,2026-08-25,Jakarta,2.788454358323044,-9.659645095871312,-3.2645647444911945,-0.8048257371083452,-0.593511190196115,False,val
-1.1157381640168065,1,0.021403492517403,1.0,3.386422002932486e-05,0.9154411764705882,2019-01-01,Johannesburg,58.966278723978185,-10.293151557326267,-3.844201168522484,0.017201575418260506,0.9998520419557735,False,test
-1.1805082109120368,1,0.0217160289555163,1.0,3.953715487438188e-05,1.0,2019-01-08,Johannesburg,19.846500975667364,-10.138269698440935,-3.829704629567363,0.13718540405660057,0.9905453876091833,False,test
-1.2776918818927865,1,0.0221911759815776,1.0,9.767261452750504e-05,1.0,2019-01-15,Johannesburg,2.839201778911008,-9.233889339870593,-3.80806054742666,0.2551824131233728,0.9668929289391521,False,test
-1.1498688794857872,1,0.0207880841278641,1.0,6.980080331345249e-05,1.0,2019-01-22,Johannesburg,31.12561012054624,-9.569865039473456,-3.8733753349005045,0.3694836834473831,0.9292372181882051,False,test
-1.3721003365232771,1,0.0203300878241738,1.0,4.357571485718693e-05,0.8492647058823529,2019-01-29,Johannesburg,18.94460688247893,-10.041010561479055,-3.8956533314213653,0.4784338202547012,0.8781236129591848,False,test
-1.6913824742054893,1,0.0218404359469953,1.0,6.029867626706784e-05,0.8786764705882353,2019-02-05,Johannesburg,17.871339178986588,-9.716200406925363,-3.8239921673616415,0.580454927809098,0.8142923779467267,False,test
-0.9724420112415368,1,0.0211783190525186,1.0,7.238113423653718e-05,1.0,2019-02-12,Johannesburg,77.26645350008697,-9.533564869372057,-3.8547773068064686,0.6740694616546162,0.7386679638813748,False,test
-1.3637193713678966,1,0.0217028011728346,1.0,5.0009230760850703e-05,1.0,2019-02-19,Johannesburg,17.17942705388709,-9.903302954358406,-3.8303139404609015,0.7579216274973472,0.6523456189565257,False,test
-1.2688594074992332,1,0.0220883679402313,1.0,5.050941969427691e-05,1.0,2019-02-26,Johannesburg,0.6404496113641691,-9.893350710477714,-3.812704146568754,0.8307970168121247,0.5565755266413303,False,test
-1.420756505628188,1,0.0234471824399097,1.0,5.894097977780241e-05,0.9191176470588236,2019-03-05,Johannesburg,34.05876868687295,-9.7389739574844,-3.753004943124874,0.8916401947968874,0.45274469960737107,False,test
-1.1610184980682745,1,0.0244084696975805,1.0,0.0001384366230035,1.0,2019-03-12,Johannesburg,1.82753125918998,-8.885097932708316,-3.712825088161458,0.9395699859530622,0.342356891994542,False,test
-1.4564212905104308,1,0.0206719216185176,1.0,4.398482985223499e-05,1.0,2019-03-19,Johannesburg,1.9459228403809148,-10.031665759580521,-3.8789789430630117,0.9738922359149924,0.22701082094141847,False,test
-1.3281558562199989,1,0.0226955396675899,1.0,4.2683685917514815e-05,0.9963235294117648,2019-03-26,Johannesburg,2.9111061488046444,-10.061693773555957,-3.7855868642160924,0.9941098647022418,0.10837701279187609,False,test
-1.060842657794911,1,0.0187781832282206,1.0,3.0918323305831005e-05,1.0,2019-04-02,Johannesburg,48.49327990001189,-10.384161562564314,-3.975059549592971,0.9999300657962057,-0.011826390691832589,False,test
-1.2998413117816692,1,0.0228193623197782,1.0,8.734262079241952e-05,0.9264705882352942,2019-04-09,Johannesburg,12.886722482062138,-9.345672003574142,-3.7801458788572173,0.9912685467787256,-0.13185851571739118,False,test
-1.3327504124592042,1,0.0195058751728584,1.0,4.799951220227866e-05,1.0,2019-04-16,Johannesburg,18.732373484457952,-9.94431970956055,-3.937039567875614,0.9682507501166718,-0.2499809690726521,False,test
-1.1632873741501022,1,0.0214135463555744,1.0,9.54292739047407e-05,1.0,2019-04-23,Johannesburg,4.31620810073507,-9.257125172232813,-3.8437315499490934,0.9312100364121947,-0.3644830148102912,False,test
-1.403538915559647,1,0.0227985882643126,1.0,0.0001132032452532,1.0,2019-04-30,Johannesburg,0.0069482273767149,-9.086325724291632,-3.7810566631706584,0.8806828564301475,-0.47370635037968,False,test
-1.3474223256551134,1,0.0212278675770667,1.0,0.0001162437421619,1.0,2019-05-07,Johannesburg,0.5252470947207742,-9.059821345811118,-3.85244045216169,0.8174009818249189,-0.5760691233798758,False,test
-1.3023427301316164,1,0.0246853118602133,1.0,0.0001995213601944,1.0,2019-05-14,Johannesburg,0.0060016958904896,-8.519589258722185,-3.7015468737593253,0.742280907086982,-0.6700888411055113,False,test
-1.497433385292351,1,0.0246481536835575,1.0,0.0001933259854004,1.0,2019-05-21,Johannesburg,0.6116514836336797,-8.551132750363841,-3.703053282574236,0.6564105761979381,-0.7544038410927472,False,test
-1.3308296138900413,1,0.0234575753346831,1.0,0.0002101717337694,1.0,2019-05-28,Johannesburg,0.020188541227332,-8.467585581592276,-3.7525617942659277,0.5610336262283677,-0.8277930117131022,False,test
-1.1205452113869518,1,0.0227637783709849,1.0,0.0001456734152972,1.0,2019-06-04,Johannesburg,0.0051320034059998,-8.834143323338566,-3.782584674232034,0.4575313760742512,-0.8891934772070711,False,test
-1.2801955388529107,1,0.0255972484707176,1.0,0.0002032458364484,1.0,2019-06-11,Johannesburg,0.0068063613503782,-8.501094294624894,-3.6652704148857764,0.3474028211842774,-0.9377159910299093,False,test
-1.1834617167866923,1,0.0248916380110024,1.0,0.0002139059877962,1.0,2019-06-18,Johannesburg,0.0085841721215729,-8.449973948830603,-3.6932233547639055,0.23224292400907015,-0.9726578145718654,False,test
-1.0768747598218271,1,0.0243776118191356,1.0,9.122978912410192e-05,1.0,2019-06-25,Johannesburg,0.0245140305673707,-9.302129079084933,-3.7140901162842628,0.11371951458594969,-0.9935128947338007,False,test
-1.0182471055801252,1,0.023444354329534,1.0,0.0001115602896673,1.0,2019-07-02,Johannesburg,0.0044014346392093,-9.10094539869258,-3.7531255666136296,-0.00645086419810515,-0.9999791929590823,False,test
-1.1264466365056036,1,0.0242754897522749,1.0,0.0001338378661369,1.0,2019-07-09,Johannesburg,0.0055858983287748,-8.918881444801176,-3.7182880898373107,-0.12652781683868314,-0.9919630595773397,False,test
-1.0351390343545048,1,0.0227579277573381,1.0,0.0001102296226382,1.0,2019-07-16,Johannesburg,0.009649272739477,-9.112944889398703,-3.782841721437713,-0.24477230089725957,-0.9695805901076308,False,test
-1.11081288374151,1,0.0255293302126333,1.0,0.0001608798030018,1.0,2019-07-23,Johannesburg,0.0152339643821629,-8.734853037004605,-3.6679272833790733,-0.3594718130884232,-0.9331559438780432,False,test
-1.145582477775524,1,0.0297257631779488,1.0,7.18936186040817e-05,1.0,2019-07-30,Johannesburg,0.1417664783453658,-9.54032305094411,-3.515741162119276,-0.46896519100763184,-0.8832166493127127,False,test
-0.8145818469933193,1,0.0356134783929963,1.0,5.187363772364703e-05,1.0,2019-08-06,Johannesburg,0.1408832985194961,-9.866699840507204,-3.335031106232685,-0.5716666713027052,-0.8204859638785327,False,test
-1.1355876092510642,1,0.0282645980620534,1.0,8.075425659672711e-05,1.0,2019-08-13,Johannesburg,0.0130698767726878,-9.424099883978641,-3.5661452092972845,-0.666088855860977,-0.7458723993404063,False,test
-1.232572291951335,1,0.0277286790166551,1.0,0.0002000025962358,1.0,2019-08-20,Johannesburg,0.0089133638537068,-8.517180210321492,-3.58528805782578,-0.7508642533989489,-0.6604565640279754,False,test
-1.0289879067005738,1,0.0297937330270515,1.0,8.203145976845779e-05,1.0,2019-08-27,Johannesburg,0.0157568853753852,-9.408407728564155,-3.513457208692811,-0.8247650844733614,-0.5654755126737576,False,test
-1.2044115253675196,1,0.0285159845064768,1.0,0.0001148840373913,1.0,2019-09-03,Johannesburg,6.699129441991325,-9.071587308859035,-3.5572904890542696,-0.886721063082993,-0.46230483047981086,False,test
-0.9340102250643164,1,0.0338458613668372,1.0,7.825198706165658e-05,1.0,2019-09-10,Johannesburg,0.0017595118341748,-9.455576335107239,-3.38593855100306,-0.9358348973349941,-0.35243871088460327,False,test
-1.075875298675541,1,0.039686963678676,1.0,7.577080892536117e-05,1.0,2019-09-17,Johannesburg,0.0349455128712697,-9.487797446014088,-3.2267325160287,-0.97139528468375,-0.23746831555846842,False,test
-0.8716684647897546,1,0.0338333658449614,1.0,0.0001242063931809,1.0,2019-09-24,Johannesburg,1.2480607255025418,-8.99356591490321,-3.3863078082340468,-0.9928872135356962,-0.11905873003404988,False,test
-1.2167657236678124,1,0.0309945377280747,1.0,6.330983771378828e-05,1.0,2019-10-01,Johannesburg,0.8887416834838565,-9.66746982676979,-3.4739442923426145,-0.9999994220246925,0.001075151282798226,False,test
-1.1695014408206976,1,0.0356864143466601,1.0,6.642608328808303e-05,1.0,2019-10-08,Johannesburg,2.020831142332496,-9.61942075801204,-3.3329852131379885,-0.9926289059345095,0.12119346147073601,False,test
-1.3664907908358228,1,0.0301278562803878,1.0,9.383660049942906e-05,1.0,2019-10-15,Johannesburg,2.245604763907717,-9.273955580837177,-3.502305077379176,-0.9708824104813836,0.2395565591209271,False,test
-1.1150280781564303,1,0.0349031603409162,1.0,4.4334554591084014e-05,1.0,2019-10-22,Johannesburg,6.197217798404695,-10.023746171622738,-3.355177899692558,-0.9350748843515574,0.3544502230989869,False,test
-1.2521828229416956,1,0.0307641971213224,1.0,7.79987846155421e-05,1.0,2019-10-29,Johannesburg,26.39759473198831,-9.458817313248105,-3.481403696275599,-0.8857249183835637,0.4642104791518923,False,test
-1.2986682970450554,1,0.0310281428425088,1.0,4.164440508693864e-05,1.0,2019-11-05,Johannesburg,27.31106043273571,-10.086343530020857,-3.472860652699393,-0.8235472349556007,0.5672476988027229,False,test
-1.0466809363159084,1,0.0250776828561349,1.0,6.881495127514463e-05,1.0,2019-11-12,Johannesburg,10.502705915821752,-9.584089521588764,-3.68577695759191,-0.7494423368521953,0.6620696215153815,False,test
-1.379398311704553,1,0.0257004982054609,1.0,3.246727757687862e-05,1.0,2019-11-19,Johannesburg,82.11973290664052,-10.33527781962462,-3.661244901842364,-0.6644834655228552,0.7473029667054297,False,test
-1.382006644043683,1,0.024734878235026,1.0,4.436150003792474e-05,1.0,2019-11-26,Johannesburg,0.8648115876441416,-10.023138580951825,-3.6995409570950146,-0.5699010576127624,0.821713322596059,False,test
-0.7785712925900111,1,0.0274191612249917,0.9044117647058824,3.9345470341261696e-05,0.8161764705882353,2019-12-03,Johannesburg,110.63627298073202,-10.143129701765854,-3.596513195214037,-0.46706492487743034,0.8842230238742036,False,test
-1.4146123871810523,1,0.0230789808042783,1.0,4.163469823964985e-05,1.0,2019-12-10,Johannesburg,16.479752394638705,-10.086576646059456,-3.7688329975773263,-0.3574644155648614,0.9339267592294762,False,test
-1.6592902374969734,1,0.0240436775705032,1.0,3.30896981541072e-05,1.0,2019-12-17,Johannesburg,24.34319641214931,-10.316288558039503,-3.727883203872544,-0.2426868445825954,0.9701046827361175,False,test
-1.357101215111706,1,0.025162825872029,1.0,2.583714106136323e-05,1.0,2019-12-24,Johannesburg,18.780271854352147,-10.563697525211056,-3.6823875373984873,-0.12439450483979998,0.9922328391893008,False,test
-1.568881773380667,1,0.0228562375800145,1.0,2.532935865365047e-05,0.9926470588235294,2019-12-31,Johannesburg,21.466287359583745,-10.58354641390604,-3.7785312194623226,-0.004300592702981974,0.9999907524084426,False,test
-1.5568295887845236,1,0.0238586317783762,1.0,5.335225013819782e-05,0.8602941176470589,2020-01-07,Johannesburg,32.70468484672698,-9.838594404195009,-3.735609207696054,0.1201261651823505,0.9927586335250793,False,test
-1.1411290170092567,1,0.0235959437802791,1.0,0.0001034629091999,1.0,2020-01-14,Johannesburg,23.514172814465308,-9.176297374705367,-3.74668045543954,0.23851257519407648,0.9711394088771653,False,test
-1.5381541202389186,1,0.0244740143731248,1.0,3.530260768824403e-05,1.0,2020-01-21,Johannesburg,34.25519186474653,-10.251553724565223,-3.7101433621374404,0.3534446712740877,0.9354554315134164,False,test
-1.5332490854190626,1,0.0237671465047725,1.0,9.964678422936764e-05,1.0,2020-01-28,Johannesburg,4.543196199243386,-9.21387878247979,-3.7394510508921828,0.4632579225674917,0.88622350294858,False,test
-1.3791306222584052,1,0.0232222937053717,1.0,2.6700767789772737e-05,0.9705882352941176,2020-02-04,Johannesburg,25.71940245159854,-10.530818236800258,-3.7626425261365353,0.5663619330814524,0.8241566360566663,False,test
-1.5359380004097225,1,0.02807604631463,1.0,5.908760136933689e-05,1.0,2020-02-11,Johannesburg,5.339830967287517,-9.73648944626633,-3.5728385104989244,0.6612634749656386,0.7501537286959042,False,test
-1.5532861501147104,1,0.0270352020540031,1.0,8.015653847690152e-05,0.9301470588235294,2020-02-18,Johannesburg,30.56917048600162,-9.431529104233503,-3.610615482382752,0.746588114532413,0.6652865452111116,False,test
-1.363510594282577,1,0.0248395722925809,1.0,8.591298827954038e-05,1.0,2020-02-25,Johannesburg,28.752759860200236,-9.362175538081045,-3.695317240560232,0.8211001178128892,0.5707841943569036,False,test
-1.662910577033647,1,0.0243264610263214,1.0,0.0001250791762158,1.0,2020-03-03,Johannesburg,1.083836101859104,-8.986563611454844,-3.7161905899667373,0.8837203473619977,0.4680153284438345,False,test
-1.7570444331488264,1,0.023832945403084,1.0,4.326097894787482e-05,1.0,2020-03-10,Johannesburg,11.904819436521688,-10.04825950829469,-3.7366863948764313,0.9335418911179212,0.35846832151248087,False,test
-1.4577797233523098,1,0.0226923661889473,1.0,5.585581911733414e-05,0.9889705882352942,2020-03-17,Johannesburg,32.14508969533479,-9.792736845981691,-3.78572670228916,0.969843196967294,0.24372971360968387,False,test
-1.449992180076743,1,0.021671603476124,1.0,2.8144158280628543e-05,1.0,2020-03-24,Johannesburg,11.734015920905932,-10.4781707460285,-3.8317524709649193,0.992098522791769,0.12546123335273648,False,test
-1.2878997937815686,1,0.0227076930729908,1.0,1.9939913765699313e-05,0.9926470588235294,2020-03-31,Johannesburg,44.134643083161954,-10.822787118129035,-3.7850515100151876,0.9999855506507186,0.005375731557583884,False,test
-1.5490870797169982,1,0.0230108819003835,1.0,2.057408073325372e-05,1.0,2020-04-07,Johannesburg,2.11445817190426,-10.791478491220474,-3.7717880488382214,0.9933900548258936,-0.11478762552212701,False,test
-1.431699976682439,1,0.020203754747891,1.0,3.856482853652562e-05,1.0,2020-04-14,Johannesburg,22.479522864372907,-10.163169874678546,-3.9018868132398006,0.9724075561219968,-0.23328854407545518,False,test
-1.6527436161313362,1,0.0228499911314353,1.0,8.874605689186148e-05,1.0,2020-04-21,Johannesburg,14.854632412517184,-9.329731559983239,-3.778804549762992,0.9373419384643772,-0.3484108069446808,False,test
-1.4695796934159535,1,0.0227783675846811,1.0,9.276359505417696e-05,1.0,2020-04-28,Johannesburg,19.695114404643768,-9.285456289814622,-3.7819439835535817,0.8887010478292915,-0.45848712914008766,False,test
-1.5236453291010943,1,0.0223255756982912,1.0,0.0001326290832057,1.0,2020-05-05,Johannesburg,0.012382670796284,-8.92795417390217,-3.802022365394557,0.8271893372462497,-0.5619233046832195,False,test
-1.5309796231022434,1,0.0229545957482889,1.0,0.0001027879402313,1.0,2020-05-12,Johannesburg,0.0086388535814782,-9.182842524750006,-3.7742371120529272,0.753697664392914,-0.6572212950663319,False,test
-1.7754758753716573,1,0.0249555797977776,1.0,0.0001395314927957,1.0,2020-05-19,Johannesburg,0.0080085447567365,-8.877220227373751,-3.6906578425986423,0.6692903895412567,-0.7430009249440493,False,test
-1.2686425025461194,1,0.0227810546706887,1.0,0.0001031952699071,1.0,2020-05-26,Johannesburg,0.004769899743557,-9.17888754020076,-3.781826023936111,0.5751899607119775,-0.8180198708443175,False,test
-1.530745742389129,1,0.0293040877176616,1.0,0.000299175833552,1.0,2020-06-02,Johannesburg,0.0047005763299523,-8.114479085339944,-3.5300282601419086,0.47275920928627757,-0.881191653407483,False,test
-1.481996303789808,1,0.0254634500066181,1.0,0.0001166390247754,1.0,2020-06-09,Johannesburg,0.004707535538273,-9.05642665071796,-3.6705111880960306,0.36348161248290634,-0.9316013725767187,False,test
-1.358545330595975,1,0.0251904398353157,1.0,0.0001669529383704,1.0,2020-06-16,Johannesburg,8.632487478785198,-8.697798591427608,-3.681290728058832,0.24893980855376657,-0.9685189578512204,False,test
-1.465602751224674,1,0.0244834029854116,1.0,0.0001914448570595,1.0,2020-06-23,Johannesburg,0.0060068492402365,-8.560910743501816,-3.7097598201571462,0.13079267585675922,-0.9914097417023038,False,test
3.5779713942802833,1,0.0252023678257825,1.0,0.0001567234620228,1.0,2020-06-30,Johannesburg,0.0081149226680565,-8.761027694074278,-3.680817327538274,0.01075130776352193,-0.9999422030204416,False,test
-1.3928824583135273,1,0.0232258585340591,1.0,7.337804431050515e-05,1.0,2020-07-07,Johannesburg,0.1696855108440043,-9.519885790925342,-3.7624890290210407,-0.10944576864891556,-0.993992768446958,False,test
-1.3956961841369733,1,0.0248929753166348,1.0,0.0002952208561035,1.0,2020-07-14,Johannesburg,0.008641701342497,-8.12778681697649,-3.693169631111422,-0.2280577712215198,-0.9736476020539838,False,test
-1.578676210201471,1,0.0283895736803726,1.0,0.0002635740801179,1.0,2020-07-21,Johannesburg,0.0056250228972069,-8.241176090527649,-3.5617333251520074,-0.34336687399638804,-0.939201357453208,False,test
-1.5455282122101193,1,0.0263864200172289,1.0,0.0001697159135035,1.0,2020-07-28,Johannesburg,0.0953664357404878,-8.681384615792405,-3.6349057944622647,-0.45370308603134424,-0.8911529104063088,False,test
-1.2843100490252022,1,0.0265929870652955,1.0,7.065055217309126e-05,1.0,2020-08-04,Johannesburg,0.076389653263524,-9.557764633250814,-3.6271077421165385,-0.5574684374327892,-0.8301981337405212,False,test
-1.217667758291754,1,0.0287293963381857,1.0,6.40979593208782e-05,1.0,2020-08-11,Johannesburg,0.0614035037712783,-9.655098030412157,-3.549834417761086,-0.65316012232693,-0.7572198192083127,False,test
-1.4636434843084327,1,0.0314245107401665,1.0,0.000102780805871,1.0,2020-08-18,Johannesburg,0.6816109606852747,-9.182911935693431,-3.460167093754584,-0.7393922635959241,-0.673274892250183,False,test
-1.265054124267288,1,0.0332015411315894,1.0,4.975943754343814e-05,1.0,2020-08-25,Johannesburg,0.6257560750343956,-9.908310412984731,-3.405158984510865,-0.8149159841660791,-0.5795791048257612,False,test
-1.3258757665931826,1,0.0338585767343062,1.0,0.0001258864879054,1.0,2020-09-01,Johannesburg,3.151002520107778,-8.980129946697437,-3.3855629369967963,-0.8786374941610001,-0.4774894280028391,False,test
-1.3390382651160049,1,0.0342459801864894,1.0,0.0001507854155841,1.0,2020-09-08,Johannesburg,0.0051543462320405,-8.799652820700773,-3.3741860879797545,-0.9296339319682695,-0.3684843993077793,False,test
-1.2160843991672796,1,0.0450714085667683,1.0,4.472155746616157e-05,1.0,2020-09-15,Johannesburg,3.4320741684194536,-10.015054902663021,-3.0995071898997737,-0.9671667297977312,-0.2541427094613622,False,test
-1.0874956208951794,1,0.0375273505884364,1.0,5.294600501288558e-05,1.0,2020-09-22,Johannesburg,0.799142746516516,-9.846237937056225,-3.2826852628265466,-0.9906923101615609,-0.13612033862266704,False,test
-1.2529751865993604,1,0.0417528395194663,1.0,6.903735892823717e-05,1.0,2020-09-29,Johannesburg,25.716992996347106,-9.58086276614681,-3.1759878175557072,-0.9998699583618592,-0.016126573270657762,False,test
-1.2465719833780131,1,0.0322630175514887,1.0,4.144147574509013e-05,1.0,2020-10-06,Johannesburg,44.79140562134921,-10.091228349037808,-3.433833672175685,-0.9945667569706337,0.1041007489354256,False,test
-1.4576899017383362,1,0.0389405839107761,1.0,6.715350588311915e-05,1.0,2020-10-13,Johannesburg,0.9086510400266268,-9.608529426631636,-3.24571828400988,-0.9748595108374125,0.22282040779479959,False,test
-1.5773709048187547,1,0.0426048427143259,1.0,5.3359549781637034e-05,1.0,2020-10-20,Johannesburg,1.9609484091220923,-9.83845759376812,-3.155787353427706,-0.9410336347451197,0.3383130181923075,False,test
-1.7059201419980548,1,0.0346810480124794,1.0,5.3659133650773285e-05,1.0,2020-10-27,Johannesburg,35.05105666409912,-9.832858858256033,-3.36156190802007,-0.8935790198239952,0.4489059314938798,False,test
-1.4384635721305503,1,0.0337355616539185,0.9926470588235294,3.73112764960023e-05,1.0,2020-11-03,Johannesburg,24.487010384358097,-10.196214958075988,-3.389202756044202,-0.8331829385891785,0.5529974600700271,False,test
-1.688896727721774,1,0.0267710927514334,1.0,3.972349965150186e-05,1.0,2020-11-10,Johannesburg,21.36539828234912,-10.133567614624734,-3.620432602281742,-0.7607200913564104,0.6490800741100398,False,test
-1.5971925328726893,1,0.0309250793656166,1.0,2.8293127299631863e-05,1.0,2020-11-17,Johannesburg,26.022210813402666,-10.472891634411422,-3.4761877943166892,-0.6772399381909491,0.7357622347736525,False,test
-1.4497887803799965,1,0.0268826416494356,1.0,3.0119196686357187e-05,1.0,2020-11-24,Johannesburg,29.562813879711943,-10.410347825827913,-3.6162744925072774,-0.5839514998576998,0.8117885474764613,False,test
-1.7139044885511645,1,0.025492779279645,1.0,6.023362352446254e-05,1.0,2020-12-01,Johannesburg,38.65144197622459,-9.71727983126281,-3.6693600324207956,-0.4822058478963526,0.8760579434344281,False,test
-1.6178591631664394,1,0.0231385053629113,1.0,3.419928869579562e-05,0.9117647058823528,2020-12-08,Johannesburg,36.61670056366385,-10.283305712480553,-3.766257150360983,-0.37347653741307074,0.9276396261490467,False,test
-1.5826768269535934,1,0.0257179486767432,1.0,4.668862899573337e-05,1.0,2020-12-15,Johannesburg,17.91758080393805,-9.972009913393425,-3.6605661387520567,-0.2593382659754056,0.9657865518844574,False,test
-1.6421962839494753,1,0.0257212949669958,1.0,4.61635578379055e-05,0.9926470588235294,2020-12-22,Johannesburg,15.40787929452823,-9.983319862523524,-3.6604360322411407,-0.14144406768794202,0.9899462489023779,False,test
-1.8360785101155488,1,0.0234369356579373,1.0,3.360223813003448e-05,0.9889705882352942,2020-12-29,Johannesburg,18.745731829563997,-10.300917882200599,-3.7534420541360767,-0.021501372740813793,0.999768818762748,False,test
-1.782187719290581,1,0.022215699307257,1.0,4.923141916816953e-05,0.8088235294117647,2021-01-05,Johannesburg,48.2865348915136,-9.918978537305794,-3.806956064032462,0.08590610426133272,0.9963032375991965,False,test
-1.6626795474223268,1,0.0215001620851456,1.0,4.180763533365445e-05,1.0,2021-01-12,Johannesburg,33.077487226316585,-10.08243157162995,-3.8396948050329556,0.20496611396949532,0.9787690698649216,False,test
-1.7914158318221969,1,0.0230602318521237,1.0,0.0001176748365369,1.0,2021-01-19,Johannesburg,19.398176304019728,-9.04758535978447,-3.769645709893256,0.321057654185271,0.9470596510722283,False,test
-1.4244289129905978,1,0.024673786248417,1.0,2.3575700715076393e-05,0.1102941176470588,2021-01-26,Johannesburg,125.50497833033876,-10.65529400708365,-3.7020138843996095,0.4324994021339788,0.901634220265486,True,test
-1.3469923411308398,1,0.0225868777276962,1.0,3.605565448345144e-05,0.1727941176470588,2021-02-02,Johannesburg,70.6259760741392,-10.230446855397206,-3.7903861728535224,0.5376773767406141,0.8431506618282,True,test
-1.8199834782636228,1,0.0194169054335236,1.0,7.60600065183367e-05,0.7757352941176471,2021-02-09,Johannesburg,20.779515976732817,-9.483987969764234,-3.941611178274537,0.6350683134867438,0.7724559775191742,False,test
-1.7007200509651843,1,0.0252074468703388,1.0,8.602809594767732e-05,1.0,2021-02-16,Johannesburg,9.62543059555338,-9.360836617998617,-3.6806158173917245,0.7232617254437388,0.6905740195722293,False,test
-1.605474168787368,1,0.0205192181670175,1.0,0.0001040288928841,1.0,2021-02-23,Johannesburg,42.480521572987485,-9.170841881213406,-3.8863933604279697,0.8009803309782905,0.5986906625177214,False,test
-1.8201258652060524,1,0.0227443045019462,1.0,6.451635171427472e-05,1.0,2021-03-02,Johannesburg,4.495218505287454,-9.648591851342037,-3.783440516491166,0.8670985522812081,0.4981366284784055,False,test
-1.9709027683018332,1,0.0241745770708469,1.0,6.318742015040015e-05,1.0,2021-03-09,Johannesburg,0.9996612922420568,-9.669405324877356,-3.7224537322799085,0.9206588168102428,0.3903682146763026,False,test
-1.5629623449474854,1,0.0237546501469905,1.0,5.495815329434222e-05,0.9264705882352942,2021-03-16,Johannesburg,21.950234710790475,-9.80893851151823,-3.739976972004198,0.9608854255574977,0.27694620226893646,False,test
-1.6555944907468318,1,0.0226622901929878,1.0,4.241554803753969e-05,0.7463235294117647,2021-03-23,Johannesburg,13.00460573837077,-10.06799556394543,-3.7870529608375554,0.9871957872910085,0.15951325197263655,False,test
-1.9498382939448435,1,0.0204214880193983,1.0,9.130780322350572e-05,1.0,2021-03-30,Johannesburg,1.0077160709417956,-9.301274306069136,-3.8911675982150378,0.9992088560679753,0.03977011384605572,False,test
-1.575171208804179,1,0.0219048864978031,1.0,0.0001376581725885,1.0,2021-04-06,Johannesburg,9.599415855643729,-8.890736955900561,-3.821045539295411,0.9967506498213929,-0.08054900421874167,False,test
-1.8274021700186316,1,0.0231483338297505,1.0,0.0001461496219828,1.0,2021-04-13,Johannesburg,0.0899522654173311,-8.830879652911904,-3.7658324738370146,0.9798567700958665,-0.1997015525660636,False,test
-1.7592931559514404,1,0.020440494212124,1.0,0.0001077777821901,1.0,2021-04-20,Johannesburg,0.594267761172297,-9.135439022863993,-3.8902373352635906,0.9487718864399473,-0.31596187665790293,False,test
-1.8413463679155964,1,0.0211181137155855,1.0,0.0001264731618637,1.0,2021-04-27,Johannesburg,14.336560991880807,-8.97548043148588,-3.8576241368417135,0.9039461929224011,-0.42764620926777464,False,test
-1.948045984580972,1,0.0231177040576543,1.0,0.0001222939096252,1.0,2021-05-04,Johannesburg,3.2858676326243312,-9.009083315160364,-3.767156545573854,0.8460288880917339,-0.533137056031809,False,test
-1.8262623956746349,1,0.0224420930819875,1.0,0.0001178521072779,1.0,2021-05-11,Johannesburg,0.0133046812607062,-9.046080047724603,-3.796816928079073,0.7758587728069828,-0.6309066211876704,False,test
-1.788621323484779,1,0.0209003871408777,1.0,0.0001204854339975,1.0,2021-05-18,Johannesburg,0.0741013717929783,-9.023981692028899,-3.8679875966959583,0.6944521021088763,-0.719538934232584,False,test
-1.772290192961974,1,0.0218962291400267,1.0,0.000140910772459,1.0,2021-05-25,Johannesburg,2.487083967823172,-8.867383687340556,-3.821440842372196,0.6029878670694714,-0.7977503570459932,False,test
-1.8325264574375673,1,0.0189514858058641,1.0,0.0001031138207294,1.0,2021-06-01,Johannesburg,9.94723748472437,-9.179677124233923,-3.9658729438854365,0.5027907197793043,-0.8644081744776648,False,test
-1.5340407746159634,1,0.0245188198977531,1.0,0.0001369927999394,1.0,2021-06-08,Johannesburg,1.213494080972669,-8.895582188704083,-3.708314297222686,0.3953117887649151,-0.9185469991587165,False,test
-1.840357793194105,1,0.0247243152895651,1.0,0.0001517588336141,1.0,2021-06-15,Johannesburg,0.0833686984432544,-8.793217918093855,-3.699968094897666,0.2821076626819194,-0.9593827529490743,False,test
-1.6979112157490404,1,0.023133570466061,1.0,7.427331406881501e-05,1.0,2021-06-22,Johannesburg,0.0042806858573385,-9.50775883537453,-3.7664704494957464,0.16481784665719793,-0.9863240225317866,False,test
-0.7359606365166258,1,0.0249176090747356,1.0,0.0001229593746542,1.0,2021-06-29,Johannesburg,0.0093623802450157,-9.00365654451297,-3.6921805336972846,0.04514101777397193,-0.9989806246941579,False,test
0.0272657700222667,1,0.0245885311152972,1.0,0.0001098445660602,1.0,2021-07-06,Johannesburg,0.2355484803011012,-9.116444227264784,-3.705475159581059,-0.07518957641475855,-0.9971692572470178,False,test
-0.2855375533238318,1,0.0209573391659636,1.0,0.0001844944734308,1.0,2021-07-13,Johannesburg,0.1192824737952022,-8.597891049236939,-3.8652663757766588,-0.19443122004766195,-0.9809161537413774,False,test
-0.0355348938885627,1,0.0208864200949998,1.0,0.0001965743521614,1.0,2021-07-20,Johannesburg,0.0034354206945863,-8.534469815722801,-3.868656087414533,-0.3108569682435036,-0.9504567035349151,False,test
0.1013833246955058,1,0.0240122149654265,1.0,0.0001895594936447,1.0,2021-07-27,Johannesburg,0.0077472130435296,-8.570807632082317,-3.7291926212160504,-0.4227806579826773,-0.9062320427107697,False,test
-0.0921628068468363,1,0.0268395677386676,1.0,0.0001314455917565,1.0,2021-08-03,Johannesburg,0.0116651316808309,-8.936917542866118,-3.617878072125051,-0.5285813283559292,-0.8488826652214553,False,test
-0.0908488525893905,1,0.0323890476695472,1.0,6.641168524441623e-05,1.0,2021-08-10,Johannesburg,1.263619804447219,-9.619637534368376,-3.429934948221044,-0.6267266965083301,-0.7792391467859886,False,test
0.3132770193340169,1,0.0321081645013566,1.0,6.701601976348967e-05,1.0,2021-08-17,Johannesburg,0.7399839647802743,-9.610578866205778,-3.4386449353499313,-0.7157953492826642,-0.6983101158835584,False,test
0.0912785754719977,1,0.0360006900536909,1.0,7.280563003270723e-05,1.0,2021-08-24,Johannesburg,3.5050898825687757,-9.527717270137767,-3.3242171725516534,-0.7944973291665992,-0.6072676460566135,False,test
-0.0777359020455797,1,0.0357930996265715,1.0,7.844261562479733e-05,1.0,2021-08-31,Johannesburg,1.6468442051116392,-9.453143211643923,-3.33000015201487,-0.8616928164028521,-0.5074302810827518,False,test
-0.0598599890296065,1,0.0312156314024252,1.0,0.0001462685234054,1.0,2021-09-07,Johannesburg,3.3751951522340526,-8.830066424109054,-3.4668363031405605,-0.9164086366943458,-0.4002439388573056,False,test
0.0509250077067715,1,0.0353719688374566,1.0,7.506126988289043e-05,1.0,2021-09-14,Johannesburg,0.3230317290216741,-9.49720584616323,-3.3418356132637044,-0.9578523554276669,-0.28726097055059635,False,test
-0.2364675481872838,1,0.0312155618877972,1.0,9.913569073879969e-05,1.0,2021-09-21,Johannesburg,0.6978753445007545,-9.219021032739782,-3.466838530060289,-0.9854237542919524,-0.17011767832049052,False,test
-0.3499224953747983,1,0.0334767284198153,1.0,5.7845108099991624e-05,1.0,2021-09-28,Johannesburg,26.40006462060503,-9.757741669698037,-3.39690475558429,-0.9987235240803972,-0.050510617185222886,False,test
-0.1793541531419893,1,0.0290348316109596,1.0,5.7521518681821655e-05,1.0,2021-10-05,Johannesburg,29.74215162166206,-9.763351442225797,-3.539259079694156,-0.9975590477788613,0.06982797572987089,False,test
-0.0804018425305878,1,0.0305429613254411,1.0,9.845037872408064e-05,1.0,2021-10-12,Johannesburg,0.3497241752294651,-9.22595790601929,-3.4886210184229136,-0.981947190186646,0.18915526872004093,False,test
-0.6921328505785556,1,0.026111963392737,1.0,6.450649595612905e-05,1.0,2021-10-19,Johannesburg,5.074172426144205,-9.648744626735585,-3.645361702133983,-0.9521140536681102,0.3057430764672831,False,test
-0.1803048384093737,1,0.0268185359094479,1.0,6.320954334087596e-05,1.0,2021-10-26,Johannesburg,10.596574250434722,-9.6690552659821,-3.61866199212471,-0.9084917035725082,0.41790288888678667,False,test
-0.2632336134498903,1,0.0302550613903145,1.0,4.1535004765945635e-05,1.0,2021-11-02,Johannesburg,36.6438593793899,-10.088973997927955,-3.4980917898134143,-0.8517119107469189,0.5240103253675756,False,test
-0.6330213082158375,1,0.0235714376387004,1.0,5.259019134820229e-05,1.0,2021-11-09,Johannesburg,2.4779593527734085,-9.85298093187939,-3.7477195694648056,-0.7825970017677834,0.6225286602431057,False,test
-0.5147869791045714,1,0.0257414750431213,1.0,4.200254650760595e-05,1.0,2021-11-16,Johannesburg,18.66339762166067,-10.077780310385423,-3.659651772973485,-0.7021479494046978,0.712031078778713,False,test
-0.6469399396105923,1,0.0215166750448809,1.0,2.364023831115874e-05,1.0,2021-11-23,Johannesburg,25.90771192246708,-10.65256028463291,-3.838927060975135,-0.6115298757991053,0.7912213413483807,False,test
-0.748979203452532,1,0.0277729958079017,1.0,3.630186473823805e-05,1.0,2021-11-30,Johannesburg,73.62632779114654,-10.223641447813478,-3.5836911041913186,-0.5120551783114646,0.8589525565270845,False,test
-0.8456740850368806,1,0.0230061417791402,0.9852941176470588,3.5559955251905114e-05,0.9485294117647058,2021-12-07,Johannesburg,56.51108509141829,-10.244290405702232,-3.771994064824526,-0.4051645224207563,0.9142437912130223,False,test
-0.8274196287550456,1,0.0209843623938482,1.0,3.325520851382315e-05,0.9742647058823528,2021-12-14,Johannesburg,18.476507185603076,-10.311299156098,-3.8639777665586736,-0.29240597695107734,0.9562942772197719,False,test
-0.8844442413370258,1,0.0215897040041064,1.0,2.4519920334918888e-05,1.0,2021-12-21,Johannesburg,56.09595368526706,-10.616024695885274,-3.8355387444101523,-0.17541259380427843,0.9844950085880858,False,test
-0.226955490641591,1,0.0217393781591891,1.0,1.2756113518974665e-05,1.0,2021-12-28,Johannesburg,29.578261943238463,-11.269499909594956,-3.8286300012313226,-0.05587875690537313,0.9984375616565666,False,test
-0.7631936672803238,1,0.0222695304804761,1.0,2.690215574894251e-05,0.9705882352941176,2022-01-04,Johannesburg,29.46363003785326,-10.523304135201576,-3.8045358809851293,0.06875540848113941,0.9976335468520451,False,test
-1.1291606665786331,1,0.0209593813508815,1.0,6.810353481587339e-05,0.9595588235294118,2022-01-11,Johannesburg,50.44363823537697,-9.594481439902243,-3.865168935667111,0.18809941761179758,0.9821499931752291,False,test
-0.7607524936342649,1,0.0209257990907942,1.0,0.000103776087778,1.0,2022-01-18,Johannesburg,12.19329219509301,-9.173274981998683,-3.866772475006282,0.3047192331091634,0.9524422234305676,False,test
-0.9305434172748842,1,0.0210015974249845,1.0,7.654000091672048e-05,0.9485294117647058,2022-01-25,Johannesburg,36.680535015510905,-9.477697065989705,-3.863156776295322,0.4169258813287287,0.908940487313808,False,test
-0.689427640616212,1,0.0216776127526132,1.0,6.335527217877995e-05,1.0,2022-02-01,Johannesburg,29.329139897305,-9.666752431632663,-3.8314752213604057,0.5230943033491326,0.8522748088519838,False,test
-0.99439518618468,1,0.0207059088167433,1.0,7.133545814301683e-05,1.0,2022-02-08,Johannesburg,6.8174740110201775,-9.54811704500252,-3.87733616935972,0.6216868902665479,0.7832658619336791,False,test
-0.5192130377906254,1,0.0214609966467226,1.0,5.885141063257136e-05,1.0,2022-02-15,Johannesburg,30.888115412388668,-9.740494754578036,-3.841518100792625,0.7112757519738152,0.7029130847082615,False,test
-1.1660553836828929,1,0.0223919960048495,1.0,4.813627423069964e-05,0.9191176470588236,2022-02-22,Johannesburg,24.53307615748057,-9.94147452306437,-3.7990517051876544,0.7905633969115482,0.612380204990065,False,test
-0.9299112891863528,1,0.024251185038395,1.0,3.797554229388631e-05,1.0,2022-03-01,Johannesburg,28.645295269045125,-10.17856822929773,-3.719289795229945,0.8584015232918917,0.512978386299228,False,test
-0.9246387000742184,1,0.0249448996602557,1.0,0.0001018509693591,0.7904411764705882,2022-03-08,Johannesburg,25.5233069261139,-9.191999897819814,-3.6910859001163643,0.9138076496466615,0.4061472386305789,False,test
-0.6697506839203695,1,0.0229289539296654,1.0,0.0001745708853954,1.0,2022-03-15,Johannesburg,18.29527250051156,-8.653179678775865,-3.775354803315825,0.9559793438440766,0.2934339689665273,False,test
-0.8708354033047864,1,0.0216804528199534,1.0,7.676278368262374e-05,1.0,2022-03-22,Johannesburg,5.572409430300701,-9.474790622726935,-3.831344216099596,0.984305844499033,0.17647097349152166,False,test
-0.7246465904948038,1,0.0225055351994579,1.0,6.385781432003677e-05,1.0,2022-03-29,Johannesburg,48.194194620797624,-9.658851597382426,-3.7939939911621856,0.998376906467142,0.056952196034039754,False,test
-0.6125763638473829,1,0.0198250793852819,1.0,6.181774971005464e-05,0.9963235294117648,2022-04-05,Johannesburg,77.60513099879964,-9.691320022601333,-3.9208075071675075,0.9979887423155984,-0.06339140486951038,False,test
-0.635184886470559,1,0.0171949979991213,1.0,4.748041375648683e-05,1.0,2022-04-12,Johannesburg,38.605821394256495,-9.955193273928703,-4.063136751461898,0.9831469737221499,-0.1828169249850199,False,test
-0.4131639556397549,1,0.0180309443422792,1.0,0.0001098007596682,1.0,2022-04-19,Johannesburg,6.523442424620896,-9.116843110258861,-4.0156658669721494,0.9540665500578387,-0.2995947563972602,False,test
-0.3156513091476518,1,0.0201396917071968,1.0,0.0001292179280607,1.0,2022-04-26,Johannesburg,1.438393379248933,-8.954010214162619,-3.9050626992966273,0.9111686353326631,-0.41203363695942635,False,test
-0.6692348962150624,1,0.0199331662384894,1.0,0.0001378069763478,1.0,2022-05-03,Johannesburg,4.050271707144405,-8.889656574049363,-3.915370289413274,0.8550745085896932,-0.518505144391157,False,test
-0.4784199900749242,1,0.0212335647251481,1.0,0.0001182735062774,1.0,2022-05-10,Johannesburg,5.736724159754713,-9.042510765760378,-3.8521721075578133,0.7865965660866021,-0.6174672802835514,False,test
-0.4998864368416139,1,0.0177435846896294,1.0,9.362563595060672e-05,1.0,2022-05-17,Johannesburg,29.77130509070344,-9.276206323620114,-4.0317312543271795,0.7067265555776159,-0.7074868024503348,False,test
0.028939766262569,1,0.0216513983905141,1.0,0.0001071863237625,1.0,2022-05-24,Johannesburg,0.0129661465798847,-9.14094189430854,-3.8326852358336625,0.6166212130956382,-0.7872599821916922,False,test
-0.0111434765732782,1,0.0215513978469366,1.0,0.000230563780705,1.0,2022-05-31,Johannesburg,0.1168952037834484,-8.374983027925056,-3.837314599248961,0.5175855102531889,-0.8556314858488706,False,test
0.1340215692827666,1,0.0231408802895991,1.0,0.0002444627420648,1.0,2022-06-07,Johannesburg,0.0068982332841471,-8.316447644854046,-3.766154516038751,0.4110537546870351,-0.9116111071930239,False,test
-0.0621275440291337,1,0.0218194365428696,1.0,8.951948544890321e-05,1.0,2022-06-14,Johannesburg,1.3206170748478725,-9.321054241866944,-3.8249541218771936,0.2985688173637202,-0.9543881083175908,False,test
-0.3689040554581833,1,0.0206635408407622,1.0,0.0001338547437681,1.0,2022-06-21,Johannesburg,13.098439665596905,-8.91875534769877,-3.8793844436850744,0.18175978759137534,-0.9833429613388902,False,test
0.0973891528095353,1,0.0229150102538512,1.0,0.0001964861729533,1.0,2022-06-28,Johannesburg,0.0103914779353437,-8.53491849578068,-3.7759631135478267,0.062318379354325076,-0.998056320853012,False,test
-0.0590305561953198,1,0.0243711456145651,1.0,0.0001275658152403,1.0,2022-07-05,Johannesburg,0.00980260539773,-8.966878128586993,-3.7143554032351034,-0.05802556932878035,-0.9983150972033183,False,test
0.0904723839727143,1,0.0237352693901232,1.0,0.0001890619168984,1.0,2022-07-12,Johannesburg,0.0068775050048273,-8.573435993917622,-3.7407931771328715,-0.17752914918703497,-0.984115542601034,False,test
-0.3333609260502829,1,0.0212220537723417,1.0,0.0001189062882616,1.0,2022-07-19,Johannesburg,1.0248144825925698,-9.037174868688712,-3.852714365732153,-0.2944616217868012,-0.9556633054034704,False,test
-0.2770162936297471,1,0.0271440290688449,1.0,8.023301240556077e-05,1.0,2022-07-26,Johannesburg,1.0498365169358537,-9.43057550178205,-3.606598180588429,-0.4071294853542516,-0.9133704517637858,False,test
-0.2290332839071955,1,0.0249064322002799,1.0,5.922040750832322e-05,1.0,2022-08-02,Johannesburg,5.510992627660416,-9.734244354052715,-3.692629187574295,-0.5139010013093103,-0.8578494977869301,False,test
0.0803833573065478,1,0.0246224957985667,1.0,0.0001001822830419,1.0,2022-08-09,Johannesburg,0.0064507352384168,-9.208519200896394,-3.7040947905543353,-0.6132298262997502,-0.7899045386224707,False,test
0.071559449599346,1,0.0251633124000292,1.0,7.806925990193107e-05,1.0,2022-08-16,Johannesburg,0.0061303731765801,-9.457914177806162,-3.6823682023961637,-0.7036774074790128,-0.7105196029692745,False,test
-0.2432277859600002,1,0.0279677834525397,1.0,8.519847182871096e-05,1.0,2022-08-23,Johannesburg,0.0029891727777453,-9.370527060572597,-3.5767020222256396,-0.7839338166829201,-0.620844401650647,False,test
-0.1121444272077762,1,0.0325126765686301,1.0,0.0001119540957254,1.0,2022-08-30,Johannesburg,0.1805308980065417,-9.097421630279223,-3.426125217429954,-0.8528367217694595,-0.522177676659508,False,test
-0.0380352864560382,1,0.0299536464837938,1.0,8.610819603868722e-05,1.0,2022-09-06,Johannesburg,0.0078344288788562,-9.359905958974108,-3.5081042094514707,-0.9093882203647925,-0.4159483918249421,False,test
-0.195761240855296,1,0.0366163643539998,1.0,8.744680005185299e-05,1.0,2022-09-13,Johannesburg,0.1948466112403283,-9.344479948914692,-3.3072600250030098,-0.9527692922168511,-0.30369503751065885,False,test
-0.4718180895943283,1,0.0338246765921475,1.0,6.809301834182396e-05,1.0,2022-09-20,Johannesburg,7.157214110709783,-9.594635870742474,-3.3865646661787543,-0.9823516608469237,-0.18704334906991657,False,test
0.0512463092364901,1,0.0449196377663954,1.0,8.009435914985005e-05,1.0,2022-09-27,Johannesburg,0.0382024235154241,-9.432305128968375,-3.102880213116016,-0.9977068927101168,-0.06768276175455162,False,test
0.0109388589199292,1,0.0465085734004552,1.0,5.4049527775073594e-05,1.0,2022-10-04,Johannesburg,2.150676994490292,-9.825609750733623,-3.068118609180323,-0.9986126020839734,0.052658056924614005,False,test
-0.4955033494636842,1,0.041060179977724,1.0,5.60608861949143e-05,1.0,2022-10-11,Johannesburg,3.0344083075676247,-9.789072204380506,-3.1927164841149356,-0.9850556718215013,0.172236243027682,False,test
-0.3784589900421676,1,0.0481418824533089,0.8933823529411765,7.613229371723152e-05,0.8051470588235294,2022-10-18,Johannesburg,32.26903636136314,-9.4830380241465,-3.0336027436670037,-0.957232443323312,0.2893199776186952,False,test
-0.5853926063096729,1,0.0295032163691425,1.0,8.721270797413089e-05,1.0,2022-10-25,Johannesburg,16.966109140720047,-9.347160504019167,-3.523255992117185,-0.9155458729775467,0.40221356823680365,False,test
-0.7184972700292938,1,0.0275336343056759,1.0,3.629166165571966e-05,1.0,2022-11-01,Johannesburg,39.46826148669774,-10.223922549534041,-3.5923469559841767,-0.8605996962501181,0.5092820071573356,False,test
-0.6938735397054739,1,0.0264142924100013,1.0,6.0716348532708824e-05,0.9375,2022-11-08,Johannesburg,59.1915717018694,-9.709297562839485,-3.633850036155982,-0.7931896839451843,0.6089746507720486,False,test
-0.5611334049395797,1,0.0274716994199055,1.0,4.758503991363119e-05,1.0,2022-11-15,Johannesburg,1.1344068518810315,-9.952992133654332,-3.5945989162123873,-0.7142921172691032,0.699847677146407,False,test
-0.9034906940321712,1,0.0253549764989224,1.0,4.7656161199304745e-05,0.9375,2022-11-22,Johannesburg,45.46177474063267,-9.951498635083077,-3.6747802566169723,-0.6250496486104377,0.7805849965070866,False,test
-0.7238987206436235,1,0.0223204888273954,1.0,4.719639585757492e-05,1.0,2022-11-29,Johannesburg,31.49479219748542,-9.961193027237941,-3.8022502408398777,-0.5267547528105542,0.8500173118187018,False,test
-0.7932838238019473,1,0.0252411211381509,1.0,2.9853961818261256e-05,0.9558823529411764,2022-12-06,Johannesburg,40.3245402952471,-10.419193002702887,-3.6792808231929732,-0.42083100859565564,0.9071390534005044,False,test
-0.9696821926065068,1,0.0232465728205945,1.0,3.293893964172176e-05,0.9779411764705882,2022-12-13,Johannesburg,41.50739917754118,-10.320855024330305,-3.7615975633798677,-0.30881248126625377,0.9511229423235357,False,test
-0.9196676626800532,1,0.0205437562929534,1.0,3.231009203327021e-05,1.0,2022-12-20,Johannesburg,9.962894129141963,-10.340130929686545,-3.8851982142321857,-0.19232150523909483,0.9813319716704275,False,test
-0.6929854811046612,1,0.0206082140525816,1.0,3.995600383790237e-05,0.8823529411764706,2022-12-27,Johannesburg,32.39037593066274,-10.127731613241158,-3.882065542245853,-0.07304518821104743,0.9973286321364752,False,test
-1.0282915691322532,1,0.021032225980099,1.0,4.563443902802552e-05,0.9816176470588236,2023-01-03,Johannesburg,32.80159866699985,-9.994847884652877,-3.8616994470278843,0.051584366869408364,0.9986686402879997,False,test
-0.4057437315049826,1,0.0240849518956268,1.0,0.0001020816049418,1.0,2023-01-10,Johannesburg,0.1329654066023705,-9.189738016099149,-3.726168036177148,0.17117705961019986,0.985240282501282,False,test
-0.494080309171737,1,0.0218548025740911,1.0,9.113224037532854e-05,1.0,2023-01-17,Johannesburg,3.0343245025423013,-9.30319891536988,-3.8233345841512163,0.2882906407095177,0.9575429528116719,False,test
-0.6543524921600538,1,0.0216808918935949,1.0,9.867402005098042e-05,1.0,2023-01-24,Johannesburg,8.137994736382018,-9.223688867541643,-3.8313239642534223,0.4012289854475009,0.9159777842484877,False,test
-1.0095832997603194,1,0.0219662875708026,1.0,7.023940827879272e-05,0.9669117647058824,2023-01-31,Johannesburg,56.401946029633955,-9.563601032949766,-3.8182463840690364,0.5083564379375122,0.8611467540480452,False,test
-0.5269057093409564,1,0.0220838046697448,0.9926470588235294,0.0001154021579157,1.0,2023-02-07,Johannesburg,71.98624510746234,-9.0670875046223,-3.8129107594760714,0.6081214998935418,0.7938439653781019,False,test
-0.7889514480559562,1,0.0229742357525137,1.0,3.463083095631345e-05,0.6727941176470589,2023-02-14,Johannesburg,53.86406458390171,-10.270766204564552,-3.773381875602091,0.6990793005655562,0.7150441465537444,False,test
-0.5921420941378769,1,0.0231949062640869,1.0,0.0001162598966362,1.0,2023-02-21,Johannesburg,0.7214563548166111,-9.059682384765953,-3.7638225819986286,0.7799125224167177,0.6258885343075018,False,test
-0.8070590177056537,1,0.0230161614571289,1.0,8.410591292458811e-05,0.9816176470588236,2023-02-28,Johannesburg,9.497884460128036,-9.383433685197808,-3.7715586377623223,0.8494504794814806,0.527668345562516,False,test
-0.3897192039668295,1,0.0238148777825428,1.0,8.662440697033484e-05,1.0,2023-03-07,Johannesburg,4.672785958639753,-9.353928946418941,-3.737444776695335,0.9066860720977985,0.4218060770826634,False,test
-0.9568609343162592,1,0.0214878939806394,1.0,8.945797007544915e-05,1.0,2023-03-14,Johannesburg,0.7264942631492513,-9.321741651079419,-3.8402655731002753,0.9507903724625832,0.3098349038318025,False,test
-0.5928363503459989,1,0.0234483455233191,1.0,5.6288973187564606e-05,1.0,2023-03-21,Johannesburg,14.350370577190343,-9.7850119001263,-3.7529553399554394,0.981124629771712,0.19337647441020586,False,test
-0.6562331017013412,1,0.0195313572616286,1.0,3.4214333245785785e-05,0.9816176470588236,2023-03-28,Johannesburg,14.440904597035628,-10.282865900939935,-3.9357340402651575,0.9972495210773451,0.07411742515094437,False,test
-0.7772113481397619,1,0.0194254472063987,1.0,8.436547444596396e-05,1.0,2023-04-04,Johannesburg,16.708655537667408,-9.380352310599994,-3.9411713607850056,0.9989315138848577,-0.046215046983708354,False,test
-0.364003972705002,1,0.0188169650777093,1.0,8.228280697886853e-05,1.0,2023-04-11,Johannesburg,0.139426977822296,-9.405348378801909,-3.972996418311807,0.986146248341595,-0.16587819893463143,False,test
-0.284438260340185,1,0.0222528513881857,1.0,0.0001040123446836,1.0,2023-04-18,Johannesburg,0.1030291044834873,-9.171000966986288,-3.805285126302681,0.9590788900341131,-0.28313898122818354,False,test
-0.6681717646451166,1,0.0226990841875549,1.0,7.06086970623381e-05,1.0,2023-04-25,Johannesburg,1.1079755824469435,-9.558357233200264,-3.7854306994692046,0.9181214482844365,-0.39629913726891813,False,test
-0.8899583213345773,1,0.0213007385050154,1.0,6.388242539809965e-05,0.9742647058823528,2023-05-02,Johannesburg,33.090229998928706,-9.658466267302856,-3.8490135352708363,0.8638670987837349,-0.503719798736334,False,test
-0.2843608417808416,1,0.0203769772220643,1.0,0.0001123566434949,1.0,2023-05-09,Johannesburg,27.725262819824195,-9.09383242895033,-3.8933495829897318,0.7971015927871943,-0.6038452208771035,False,test
-0.3029920759059507,1,0.0183370876933164,1.0,0.0001031899269959,1.0,2023-05-16,Johannesburg,8.488162191497128,-9.178939316309524,-3.9988296201112044,0.7187918772884232,-0.6952253139408723,False,test
-0.2627264110449373,1,0.0223038423126395,1.0,8.524260093691989e-05,1.0,2023-05-23,Johannesburg,0.0984959754868542,-9.370009238096136,-3.802996314342955,0.6300720909843687,-0.7765366444428655,False,test
-0.0115382285356982,1,0.0218312086811296,1.0,8.873030631366463e-05,1.0,2023-05-30,Johannesburg,5.477954473544717,-9.329909054923453,-3.824414742058866,0.5322271388474397,-0.8466016020976267,False,test
-0.0526885597512448,1,0.0225159750742613,1.0,9.112928046642176e-05,1.0,2023-06-06,Johannesburg,1.979260963427473,-9.303231395170261,-3.7935302184043618,0.42667408318992467,-0.9044054548343001,False,test
0.0988270129025441,1,0.0215646049353989,1.0,8.486204598561313e-05,1.0,2023-06-13,Johannesburg,0.007708384070261,-9.37448360835096,-3.8367019687626867,0.31494162072895193,-0.9491110448902284,False,test
-0.0317804203776822,1,0.025443511045608,1.0,0.0001503045429061,1.0,2023-06-20,Johannesburg,0.0137465664450632,-8.802847036072642,-3.6712945372340493,0.19864794288017112,-0.9800709131432666,False,test
-0.054131616396523,1,0.0233466064814703,1.0,0.0001438141100466,1.0,2023-06-27,Johannesburg,2.974607231521179,-8.846988994774774,-3.7573036381283957,0.07947729992362097,-0.9968366760893436,False,test
-0.4752309073039233,1,0.0217721947669057,1.0,0.0001148668921046,1.0,2023-07-04,Johannesburg,0.7898907142337157,-9.071736559935141,-3.8271215926985107,-0.04084439154329611,-0.9991655196610109,False,test
-0.0959974330156138,1,0.0223080548451642,1.0,0.0001958620715378,1.0,2023-07-11,Johannesburg,0.1024383077335839,-8.538099863102417,-3.8028074619154366,-0.16057454459499376,-0.9870237158387383,False,test
-0.331884976924903,1,0.0243447738322988,1.0,9.043046904201184e-05,1.0,2023-07-18,Johannesburg,2.678916475242638,-9.31092930042879,-3.715438079499527,-0.2779791393987801,-0.9605871111248129,False,test
-0.0493717015834904,1,0.0245863194267899,1.0,8.188629688184941e-05,1.0,2023-07-25,Johannesburg,0.0352266381418808,-9.410178896343941,-3.70556511159858,-0.3913578365610259,-0.9202385798054075,False,test
-0.2699279017469372,1,0.0217191546491057,1.0,0.0001772032005137,1.0,2023-08-01,Johannesburg,0.0088982677610417,-8.638213458366673,-3.8295607050649023,-0.4990686026885319,-0.8665624788845385,False,test
-0.2395550223695928,1,0.0247403380860547,1.0,0.000134735947317,1.0,2023-08-08,Johannesburg,0.0863745964498466,-8.912193640685798,-3.699320246547114,-0.5995514915196489,-0.8003361849976323,False,test
0.0734271773620468,1,0.031799609361464,1.0,6.752748829910579e-05,1.0,2023-08-15,Johannesburg,0.0049137258718088,-9.602975808922249,-3.4483012735021497,-0.6913512362094071,-0.722518835873311,False,test
0.0743631879695766,1,0.0278892905143804,1.0,0.0001319669735798,1.0,2023-08-22,Johannesburg,0.1840061337924513,-8.932958866836215,-3.5795125163762265,-0.7731383255706027,-0.6342374393978054,False,test
0.325363775311333,1,0.0325983864937056,1.0,0.0001351097430317,1.0,2023-08-29,Johannesburg,0.0093992131837694,-8.909423198413393,-3.423492485892457,-0.8437282590292712,-0.5367705514607103,False,test
0.2827666833205934,1,0.0360659438548237,1.0,9.67210232901117e-05,1.0,2023-09-05,Johannesburg,0.0064343200847361,-9.243679771791127,-3.3224062424324865,-0.9020987014301837,-0.4315297589714715,False,test
-0.1617426087955312,1,0.0288362574971115,1.0,7.547962103673706e-05,1.0,2023-09-12,Johannesburg,0.0415956055707547,-9.491647858187484,-3.5461217427698846,-0.9474042892438845,-0.32003923622313857,False,test
0.2972210638992924,1,0.0380361215604274,1.0,5.472366858267645e-05,1.0,2023-09-19,Johannesburg,4.4907096802119,-9.813214244085179,-3.2692190033791544,-0.9789888737409319,-0.20391367068311472,False,test
-0.2589900393783044,1,0.0269647212456564,1.0,7.234397202007169e-05,1.0,2023-09-26,Johannesburg,6.175961865309037,-9.53407842528842,-3.6132258878819674,-0.9963950238187231,-0.08483487790576538,False,test
-0.3138386722013333,1,0.0338779255346247,1.0,9.637236388909174e-05,1.0,2023-10-03,Johannesburg,0.3646345006353453,-9.24729107909724,-3.384991640865563,-0.9993706508539969,0.03547255575312556,False,test
-0.437351860833488,1,0.0261537871257755,1.0,8.117322084463258e-05,1.0,2023-10-10,Johannesburg,21.281727132897444,-9.418925157743951,-3.643761275791656,-0.9878726596350429,0.15526624985999563,False,test
-0.3342705120796809,1,0.0271297469065451,1.0,8.458482088979706e-05,1.0,2023-10-17,Johannesburg,0.6152678183259365,-9.377755729556586,-3.607124481269478,-0.9620675724981452,0.27281126433401914,False,test
-0.1672611736022067,1,0.0314459491620745,1.0,8.962245666968875e-05,1.0,2023-10-24,Johannesburg,23.439732912739274,-9.319904636912256,-3.4594851066091974,-0.9223291176290545,0.3864052261209853,False,test
-0.6021333264970116,1,0.0310354727711714,1.0,9.092787348267564e-05,1.0,2023-10-31,Johannesburg,19.612608334637873,-9.305443964811634,-3.4726244457486954,-0.8692328164574792,0.4944029842076182,False,test
-0.480328627808305,1,0.0293004620725954,1.0,4.782618828395462e-05,1.0,2023-11-07,Johannesburg,22.77265004817292,-9.9479371964447,-3.530151992687719,-0.8035476485339116,0.5952404359043674,False,test
-0.562204090331174,1,0.0327435647707142,1.0,5.182902758554669e-05,1.0,2023-11-14,Johannesburg,8.662797081777914,-9.867560187552654,-3.4190488317593677,-0.7262249146041543,0.6874571793269664,False,test
-0.7679112911188447,1,0.0417458643341988,1.0,5.261922706116867e-05,1.0,2023-11-21,Johannesburg,1.5442762999814392,-9.852428971529404,-3.1761548904553285,-0.6383844591746642,0.769717664006921,False,test
-0.4050672106170569,1,0.0294776597909926,1.0,5.781247843938989e-05,1.0,2023-11-28,Johannesburg,3.1723313833410947,-9.758305915631983,-3.524122597749829,-0.5412984521036173,0.8408305333122887,False,test
-0.5262604096428717,1,0.0277603471402745,1.0,3.512297561920826e-05,1.0,2023-12-05,Johannesburg,43.4639552461871,-10.256655065588092,-3.5841466383686047,-0.4363729641045924,0.8997658785476209,False,test
-0.8845781093160953,1,0.0252783502271631,1.0,3.004902339997483e-05,1.0,2023-12-12,Johannesburg,10.67131658190356,-10.412680396680058,-3.6778069718344666,-0.3251276029999093,0.9456701548465688,False,test
-0.6176929355345555,1,0.0259660259685733,1.0,4.841390498154248e-05,1.0,2023-12-19,Johannesburg,19.09847976099918,-9.935723492495345,-3.650966288945473,-0.20917350564635637,0.9778785428342386,False,test
-0.8012586415782116,1,0.0211155054015887,1.0,4.405069752238241e-05,0.9889705882352942,2023-12-26,Johannesburg,31.02684724799236,-10.030169370920113,-3.857747655216631,-0.09019000427034513,0.9959245770286599,False,test
-1.0311390781948775,1,0.0199021965837604,1.0,4.8374728624431346e-05,0.9963235294117648,2024-01-02,Johannesburg,44.26637799256223,-9.93653301646094,-3.9169251722497473,0.03439806061360801,0.9994082116062598,False,test
-0.8835245937700611,1,0.0223492578045983,1.0,4.600225407679096e-05,0.9779411764705882,2024-01-09,Johannesburg,29.458549290291177,-9.986820161006353,-3.8009621663219026,0.1542040475626894,0.988039023376751,False,test
-0.6448923835896611,1,0.0184776369434121,1.0,7.791298986861777e-05,1.0,2024-01-16,Johannesburg,27.15685282891736,-9.459917868428981,-3.9911940919722797,0.2717767384711357,0.9623603298276545,False,test
-1.024416684590552,1,0.023633289346913,1.0,5.066467252445656e-05,1.0,2024-01-23,Johannesburg,25.390180157206952,-9.890281684630592,-3.7450989953164497,0.38541335945432564,0.9227440286201427,False,test
-0.9818894936297988,1,0.0210269622024018,1.0,6.354143866018834e-05,0.9963235294117648,2024-01-30,Johannesburg,15.50535498977902,-9.663818287575822,-3.8619497503719167,0.49346814167723735,0.8697638720650646,False,test
-0.4882072672884931,1,0.0231990900314414,1.0,4.439323592049041e-05,1.0,2024-02-06,Johannesburg,14.872951006918552,-10.02242344426474,-3.7636422238618046,0.5943761565849831,0.804187157621448,False,test
-0.7822018923229308,1,0.0249872839427854,1.0,5.2703562433894e-05,1.0,2024-02-13,Johannesburg,15.248201204852506,-9.850827506335515,-3.689388225804891,0.6866759803451553,0.726963615332308,False,test
-0.8422007074543904,1,0.0248227642011132,1.0,4.027803411195914e-05,1.0,2024-02-20,Johannesburg,15.89426189379882,-10.11970429686703,-3.695994135498979,0.7690308592589181,0.6392116531380588,False,test
-0.9734264959921004,1,0.0215756488139984,1.0,4.5194831470212066e-05,1.0,2024-02-27,Johannesburg,5.23522732569459,-10.004527825668477,-3.8361899699735784,0.8402480696078469,0.5422021592729844,False,test
-0.79235636793862,1,0.0236543606001372,1.0,5.1581267158116355e-05,1.0,2024-03-05,Johannesburg,8.698275112010723,-9.872351990962965,-3.7442078004847166,0.8992961915530253,0.4373400963303323,False,test
-0.5398300743126287,1,0.022536814115419,1.0,8.145902370374647e-05,1.0,2024-03-12,Johannesburg,1.7754616810186952,-9.415410440793162,-3.7926051239532224,0.945320046913132,0.3261441535642696,False,test
-0.710429359090981,1,0.0215168723040745,1.0,7.129237828620055e-05,1.0,2024-03-19,Johannesburg,28.902816889304983,-9.548721132664577,-3.838917893281289,0.9776530844816641,0.2102247521189836,False,test
-0.9510085452169867,1,0.0197623644400858,1.0,7.11910942570892e-05,0.9779411764705882,2024-03-26,Johannesburg,3.720203222697577,-9.550142828028441,-3.9239759359217716,0.9958270335100595,0.09126072172931188,False,test
-0.9592943730010404,1,0.021004700879972,1.0,4.583932299538269e-05,0.8161764705882353,2024-04-02,Johannesburg,78.48389431400287,-9.990368254528486,-3.8630090148824685,0.9995786855478958,-0.029025013321975237,False,test
-0.4098387784313276,1,0.0187440825432016,1.0,4.834994299941659e-05,1.0,2024-04-09,Johannesburg,15.262652332751331,-9.937045514981559,-3.9768771740730653,0.9888537064205885,-0.1488903868564548,False,test
-0.5357470398194275,1,0.0215893762376564,1.0,8.301991667033762e-05,1.0,2024-04-16,Johannesburg,0.5590728084983764,-9.396430019069859,-3.8355539261346436,0.9638074231367307,-0.26659942067929354,False,test
-0.5899597663529801,1,0.0222503819279572,1.0,0.0001097601938834,1.0,2024-04-23,Johannesburg,1.9474438742708795,-9.117212627557866,-3.8053961052157628,0.9248025743285089,-0.38044736628785164,False,test
-0.0902968080481675,1,0.0248605968485064,1.0,0.000126184458839,1.0,2024-04-30,Johannesburg,0.0047107182403749,-8.977765762516455,-3.6944711848005443,0.8724040568049612,-0.48878539428899265,False,test
-0.317955924661948,1,0.0260975116813441,1.0,0.0001245707775687,1.0,2024-05-07,Johannesburg,0.1237541306481928,-8.990636509063599,-3.64591530707797,0.8073707443023492,-0.5900444739548627,False,test
-0.4357498735259545,1,0.0232079834021273,1.0,0.0001673730166241,1.0,2024-05-14,Johannesburg,2.033606015159167,-8.695285603916501,-3.7632589473422238,0.7306444969184916,-0.6827580970759147,False,test
-0.2662635071788657,1,0.0247353499400408,1.0,0.0001907459379131,1.0,2024-05-21,Johannesburg,0.0051476701123931,-8.564568183370625,-3.6995218868367115,0.6433365204044917,-0.765583517007675,False,test
-0.2403360509237338,1,0.0233858161761904,1.0,7.92621096383114e-05,1.0,2024-05-28,Johannesburg,4.522430483297214,-9.44275035387299,-3.7556255867160786,0.5467112728685939,-0.8373211953118121,False,test
-0.14905741135419,1,0.0219451850244512,1.0,0.0001491079470997,1.0,2024-06-04,Johannesburg,0.0025570389539097,-8.81084003714653,-3.8192075245969543,0.44216815196707204,-0.8969321743510065,False,test
-0.0686613323428475,1,0.0264417891493151,1.0,0.0001659945318843,1.0,2024-06-11,Johannesburg,0.009447603584952,-8.703555710606304,-3.6328095980083526,0.3312212278016865,-0.9435531242349544,False,test
-0.1951550087699433,1,0.0273104070937127,1.0,0.0001453804177994,1.0,2024-06-18,Johannesburg,0.0123743889617104,-8.836156680068195,-3.6004874372102336,0.21547731504673012,-0.976508846196619,False,test
-0.607205389602511,1,0.0242011740447629,1.0,0.0001844418658122,1.0,2024-06-25,Johannesburg,0.3163163980292074,-8.598176234583898,-3.7213541327498736,0.0966127018812031,-0.9953220513156602,False,test
0.1032991954431418,1,0.0224184552408003,1.0,7.171827576587833e-05,1.0,2024-07-02,Johannesburg,0.0051380519039412,-9.542764950705985,-3.7978707646574734,-0.023651127245231586,-0.9997202729664083,False,test
0.1285006278891212,1,0.0263390297515675,1.0,9.219017277954485e-05,1.0,2024-07-09,Johannesburg,0.0038534401625156,-9.29165701898756,-3.636703418897175,-0.1435724234118113,-0.9896398128792412,False,test
0.1194850793984723,1,0.0268500633643642,1.0,9.90556163018008e-05,1.0,2024-07-16,Johannesburg,0.0077111192524625,-9.219829084743187,-3.617487098090972,-0.2614143985111562,-0.965226663665613,False,test
0.0517537493777656,1,0.024237335225469,1.0,9.442627998704933e-05,1.0,2024-07-23,Johannesburg,0.0055640934064626,-9.267691133862721,-3.7198610567667902,-0.3754703786876202,-0.9268343944460494,False,test
0.5313759862049763,1,0.0386346430825305,1.0,6.519427243151665e-05,1.0,2024-07-30,Johannesburg,0.0985895142966673,-9.638138939032748,-3.2536059158292323,-0.48408852163897587,-0.8750190302029955,False,test
0.1261952356462116,1,0.0346270600736025,1.0,8.516889614694706e-05,1.0,2024-08-06,Johannesburg,0.0073321862138124,-9.370874259480608,-3.363119819533952,-0.5856957398073508,-0.8105309990194823,False,test
-0.0349478869611333,1,0.0254499141224468,1.0,0.000121581904951,1.0,2024-08-13,Johannesburg,0.0017252598272421,-9.014922407473962,-3.671042910354882,-0.6788204829862357,-0.734304263829602,False,test
-0.021504080302659,1,0.0358096808311774,1.0,8.90304540822719e-05,1.0,2024-08-20,Johannesburg,0.045865150447156,-9.326532066062914,-3.329537007852135,-0.7621140503891487,-0.6474427960827475,False,test
-0.2383366044474025,1,0.0314803394734818,1.0,0.0001297164963033,1.0,2024-08-27,Johannesburg,0.5307183362699331,-8.950159286577714,-3.4583920717083028,-0.8343701235229537,-0.5512045872199277,False,test
-0.148940007170277,1,0.0346630370631342,1.0,8.031418027252028e-05,1.0,2024-09-03,Johannesburg,0.125912744077818,-9.429564361412405,-3.3620813740922104,-0.8945422369764496,-0.4469834295196742,False,test
-0.1231768199135402,1,0.0475944886783195,1.0,4.930056912337516e-05,1.0,2024-09-10,Johannesburg,2.0676908967752254,-9.917574932897573,-3.0450383085171735,-0.9417589340994617,-0.33628873017668287,False,test
0.0191634973151714,1,0.0571753559171281,1.0,5.634283548646806e-05,1.0,2024-09-17,Johannesburg,15.74095377754658,-9.784055468659142,-2.8616323140445155,-0.9753363880767837,-0.2207236509605022,False,test
0.0090182604665712,1,0.0549108044089265,1.0,5.0146759074928e-05,1.0,2024-09-24,Johannesburg,0.9703133879436892,-9.900556670272149,-2.9020451482097602,-0.994788305609327,-0.10196189005174576,False,test
-0.0927825040669123,1,0.0404139279627517,1.0,0.0001660386346961,1.0,2024-10-01,Johannesburg,0.0068240323285234,-8.703290057554149,-3.208580801874935,-0.999832969770105,0.018276557681691223,False,test
-0.5228932056272318,1,0.0531726601457269,1.0,9.13555795330756e-05,1.0,2024-10-08,Johannesburg,1.7824516177930605,-9.300751198373018,-2.9342109217652257,-0.9903973200352558,0.13825031091098192,False,test
-0.5196492240778088,1,0.0428173376345795,1.0,5.1861042676012786e-05,1.0,2024-10-15,Johannesburg,31.181748141102613,-9.866942672463646,-3.15081217349905,-0.9666180104000972,0.2562218218071163,False,test
-0.644701091203112,1,0.0383355329383359,1.0,8.665282798807046e-05,1.0,2024-10-22,Johannesburg,2.6087786887695477,-9.35360090542732,-3.2613780599331563,-0.9288394302558068,0.3704825404820963,False,test
-0.3998152606783378,1,0.0312924429033807,1.0,5.868084567855438e-05,1.0,2024-10-29,Johannesburg,0.4399593538697662,-9.743397193093369,-3.4643786513741075,-0.8776087166898392,0.4793776594606945,False,test
-0.6801119614531527,1,0.0319484992567022,1.0,3.8741614496503026e-05,0.9338235294117648,2024-11-05,Johannesburg,29.10997693513459,-10.15859622567304,-3.443630070883009,-0.8136678304455991,0.5813300798152042,False,test
-1.0570464940271658,1,0.027780941934312,1.0,5.554847715006225e-05,1.0,2024-11-12,Johannesburg,11.25769165116813,-9.798254456294691,-3.583405035308088,-0.7379428103031386,0.6748632518680403,False,test
-0.6205950616395198,1,0.0291084471583821,1.0,5.833118680625168e-05,1.0,2024-11-19,Johannesburg,6.863270392796128,-9.749373670993032,-3.536726866571108,-0.6515303615068021,0.75862255966641,False,test
-0.4013277641669502,1,0.0265844703368146,1.0,6.118732010194276e-05,1.0,2024-11-26,Johannesburg,8.325328019060473,-9.70157057778912,-3.627428055609127,-0.5556819724760489,0.8313949395234058,False,test
-0.6246131535920738,1,0.0283947277078698,1.0,3.984532233559919e-05,1.0,2024-12-03,Johannesburg,4.6330188191065735,-10.13050554140957,-3.5615517951380653,-0.451785789832884,0.8921264484954345,False,test
-0.5467521945438734,1,0.0267295126716468,1.0,4.864761367275521e-05,1.0,2024-12-10,Johannesburg,12.202372640528305,-9.930907801455024,-3.621986980510906,-0.34134651424503615,0.9399375283564133,False,test
-0.7773929657189977,1,0.0282366110725714,1.0,4.2100417984549127e-05,0.9264705882352942,2024-12-17,Johannesburg,35.27595196471203,-10.075452888951135,-3.5671358780705575,-0.22596360824801906,0.974135744004672,False,test
-0.9527328666124164,1,0.0257641534415705,1.0,4.425214536163724e-05,0.9117647058823528,2024-12-24,Johannesburg,38.77555084701996,-10.025606704936722,-3.6587711546573134,-0.10730813165636247,0.9942258118156161,False,test
-1.0186371176146003,1,0.0253449951048883,1.0,2.6983740922739085e-05,0.8566176470588235,2024-12-31,Johannesburg,105.97151796164512,-10.520276061394691,-3.6751740001969906,0.012901459949419653,0.9999167727021953,False,test
-0.7493870672271222,1,0.0255096377899212,1.0,4.0925127620047395e-05,0.5,2025-01-07,Johannesburg,108.168703872854,-10.103766316323485,-3.668698945677899,0.1201261651823505,0.9927586335250793,False,test
-0.9382424483146996,1,0.0235461944858156,1.0,8.78090834363945e-05,1.0,2025-01-14,Johannesburg,19.550533677672284,-9.340345606679024,-3.748791064536257,0.23851257519407648,0.9711394088771653,False,test
-0.398905852257005,1,0.0221029754753061,1.0,0.0001042313468419,1.0,2025-01-21,Johannesburg,0.3395243379420725,-9.168897640470759,-3.812043042629484,0.3534446712740877,0.9354554315134164,False,test
-0.8161468828702839,1,0.0243395394594316,1.0,8.29814701343495e-05,1.0,2025-01-28,Johannesburg,18.698652005254033,-9.396893226485357,-3.7156531127426176,0.4632579225674917,0.88622350294858,False,test
-1.085235629790369,1,0.0246954249347823,1.0,6.38010732883877e-05,0.9963235294117648,2025-02-04,Johannesburg,22.79091426746001,-9.659740545053028,-3.7011372778169895,0.5663619330814524,0.8241566360566663,False,test
-0.9286219367752117,1,0.0228059168567751,1.0,4.315215613257208e-05,0.3235294117647059,2025-02-11,Johannesburg,65.58882783363917,-10.050778173373313,-3.780735265426899,0.6612634749656386,0.7501537286959042,True,test
-0.7259986355931123,1,0.0242441515846131,1.0,9.0097693086116e-05,0.8602941176470589,2025-02-18,Johannesburg,151.37493522203425,-9.314615997605449,-3.7195798624537644,0.746588114532413,0.6652865452111116,False,test
-0.7556545654363241,1,0.0222919303605478,1.0,6.712467091262234e-05,1.0,2025-02-25,Johannesburg,62.041116924553926,-9.608958907752516,-3.803530533245822,0.8211001178128892,0.5707841943569036,False,test
-1.1074750769699253,1,0.0242200883963786,1.0,0.0001010820944,1.0,2025-03-04,Johannesburg,10.333729033612762,-9.199577555437335,-3.7205728911372367,0.8837203473619977,0.4680153284438345,False,test
-0.8326916404281621,1,0.0226694295239353,1.0,8.727259844451772e-05,0.7573529411764706,2025-03-11,Johannesburg,28.973990947125948,-9.34647402245842,-3.786737979140364,0.9335418911179212,0.35846832151248087,False,test
-1.1229370769512812,1,0.0234136893908481,1.0,5.620255462834599e-05,0.7683823529411765,2025-03-18,Johannesburg,23.805047966151847,-9.78654834607733,-3.754434410971132,0.969843196967294,0.24372971360968387,False,test
-1.170781833099802,1,0.0248703551244828,1.0,4.088302771499662e-05,0.9007352941176472,2025-03-25,Johannesburg,38.95197273749333,-10.104795551332998,-3.694078742037456,0.992098522791769,0.12546123335273648,False,test
-0.6367238602351941,1,0.0237916845503255,0.9485294117647058,2.4496974339424887e-05,0.2426470588235294,2025-04-01,Johannesburg,48.89035357849139,-10.6169609443899,-3.7384191479969258,0.9999855506507186,0.005375731557583884,True,test
-0.6928552613650444,1,0.0198532379227958,1.0,4.680334128694614e-05,1.0,2025-04-08,Johannesburg,4.120587768677125,-9.96955596256896,-3.91938816561517,0.9933900548258936,-0.11478762552212701,False,test
-0.8674261323422193,1,0.0177151508150547,1.0,3.814731729588618e-05,0.9705882352941176,2025-04-15,Johannesburg,10.432456153993376,-10.174055122604502,-4.033335027291136,0.9724075561219968,-0.23328854407545518,False,test
-0.510491816172129,1,0.0205051478216924,1.0,0.0001715112577626,1.0,2025-04-22,Johannesburg,62.7695444642198,-8.67086165058207,-3.8870793111081428,0.9373419384643772,-0.3484108069446808,False,test
-0.5648364054377609,1,0.0187210833087511,1.0,9.156439976744364e-05,1.0,2025-04-29,Johannesburg,7.367713160586256,-9.298468010654753,-3.9781049405498234,0.8887010478292915,-0.45848712914008766,False,test
-0.4579681795968734,1,0.0226987734300563,1.0,0.0001368707810153,1.0,2025-05-06,Johannesburg,0.044816882588901,-8.896473281501079,-3.7854443898728896,0.8271893372462497,-0.5619233046832195,False,test
-0.3816192973922248,1,0.0228039785344769,1.0,0.00025403767675,1.0,2025-05-13,Johannesburg,0.0090088199904414,-8.27802796828467,-3.7808202611184147,0.753697664392914,-0.6572212950663319,False,test
-0.2991011982525015,1,0.0212462660133031,1.0,0.0002055151328231,1.0,2025-05-20,Johannesburg,0.0055864257383896,-8.489990887697356,-3.8515741160727863,0.6692903895412567,-0.7430009249440493,False,test
-0.241265379455665,1,0.0232011958144404,1.0,0.0001468777819186,1.0,2025-05-27,Johannesburg,0.0030923734748973,-8.825909732522842,-3.7635514579123255,0.5751899607119775,-0.8180198708443175,False,test
-0.3892224126820697,1,0.022993550082265,1.0,0.00011542013578,1.0,2025-06-03,Johannesburg,2.1511440687642236,-9.066931732282908,-3.7725415335870403,0.47275920928627757,-0.881191653407483,False,test
-0.3072469092381077,1,0.0223496334875048,1.0,0.0002181690413972,1.0,2025-06-10,Johannesburg,0.1157460582214998,-8.43024037640416,-3.8009453568263805,0.36348161248290634,-0.9316013725767187,False,test
-0.0487990013045916,1,0.0227492863564129,1.0,8.942842545070121e-05,1.0,2025-06-17,Johannesburg,0.0067926246851627,-9.322071968261223,-3.783221503026077,0.24893980855376657,-0.9685189578512204,False,test
-0.2188704280228237,1,0.0221511618144409,1.0,0.000124555923543,1.0,2025-06-24,Johannesburg,0.0240083510028519,-8.990755757828595,-3.8098653317473286,0.13079267585675922,-0.9914097417023038,False,test
-0.0329723932384424,1,0.0210341820646028,1.0,8.598712054080538e-05,1.0,2025-07-01,Johannesburg,4.5197227502662525,-9.361313034079513,-3.8616064471928078,0.01075130776352193,-0.9999422030204416,False,test
-0.4700544831342811,1,0.0222468149313437,1.0,0.0001104451165137,1.0,2025-07-08,Johannesburg,0.0366518178139931,-9.110991843528328,-3.8055564297697977,-0.10944576864891556,-0.993992768446958,False,test
-0.6184120012913632,1,0.0221808273179656,1.0,9.840257882026602e-05,1.0,2025-07-15,Johannesburg,0.5026576749184505,-9.226443546726449,-3.8085269975767586,-0.2280577712215198,-0.9736476020539838,False,test
-0.5035015390454354,1,0.0210137491007355,1.0,0.0001031491105344,1.0,2025-07-22,Johannesburg,2.724998900573858,-9.17933494151473,-3.8625783364111057,-0.34336687399638804,-0.939201357453208,False,test
-0.2275633865176983,1,0.0233208583336671,1.0,0.0001182136348932,1.0,2025-07-29,Johannesburg,0.0056055314350782,-9.043017105218691,-3.758407111416173,-0.45370308603134424,-0.8911529104063088,False,test
-0.4751998669964548,1,0.0236204622816617,1.0,9.90405487858886e-05,1.0,2025-08-05,Johannesburg,14.19432837231578,-9.219981207990346,-3.745641896784557,-0.5574684374327892,-0.8301981337405212,False,test
-0.2751070515901307,1,0.0260399521451134,1.0,9.43720630688503e-05,1.0,2025-08-12,Johannesburg,1.079227267934583,-9.268265470679578,-3.6481232993887183,-0.65316012232693,-0.7572198192083127,False,test
0.1108426538992068,1,0.026865812201234,1.0,6.605044682730338e-05,1.0,2025-08-19,Johannesburg,0.0063065710465383,-9.625091762033154,-3.6169007225677126,-0.7393922635959241,-0.673274892250183,False,test
-0.0035369571500442,1,0.0398762035853316,1.0,6.631888868719917e-05,1.0,2025-08-26,Johannesburg,0.00875042581334,-9.621035804105148,-3.221975534374496,-0.8149159841660791,-0.5795791048257612,False,test
0.1022648059525867,1,0.0329759849361079,1.0,5.469991688023908e-05,1.0,2025-09-02,Johannesburg,2.2792558814573094,-9.813648368094366,-3.411975711647945,-0.8786374941610001,-0.4774894280028391,False,test
0.1013232371090981,1,0.0360712622133528,1.0,5.481018435482456e-05,1.0,2025-09-09,Johannesburg,2.6939373183613964,-9.811634535386553,-3.322258791239722,-0.9296339319682695,-0.3684843993077793,False,test
0.0079015163687199,1,0.0317832773747965,1.0,7.707738828063258e-05,1.0,2025-09-16,Johannesburg,0.5157513187898835,-9.470700598222145,-3.4488149962305443,-0.9671667297977312,-0.2541427094613622,False,test
-0.5627476574403467,1,0.0343995180407385,1.0,4.840214258184431e-05,0.9558823529411764,2025-09-23,Johannesburg,39.374261222718935,-9.935966477001573,-3.3697127251445798,-0.9906923101615609,-0.13612033862266704,False,test
-0.376647651831795,1,0.0277912580514977,1.0,5.7693864675712505e-05,1.0,2025-09-30,Johannesburg,2.461409915697532,-9.760359721547266,-3.5830337663172314,-0.9998699583618592,-0.016126573270657762,False,test
-0.580615346167408,1,0.0256746553977123,1.0,5.46848970339108e-05,1.0,2025-10-07,Johannesburg,8.918725808950779,-9.81392299207342,-3.6622509449630476,-0.9945667569706337,0.1041007489354256,False,test
-0.6622958553810239,1,0.0294120184937097,1.0,4.6198693350216935e-05,1.0,2025-10-14,Johannesburg,37.2989657504228,-9.982559042739375,-3.5263518958672595,-0.9748595108374125,0.22282040779479959,False,test
-0.2747043314909993,1,0.0272647336172315,1.0,0.0001591500032594,0.8235294117647058,2025-10-21,Johannesburg,1.0980967168970217,-8.745663383756122,-3.602161220788224,-0.9410336347451197,0.3383130181923075,False,test
-0.7554775787553833,1,0.0324803861971389,1.0,4.785149186961835e-05,0.9705882352941176,2025-10-28,Johannesburg,37.35321526794918,-9.947408262502886,-3.4271188734533484,-0.8935790198239952,0.4489059314938798,False,test
-1.0484319354152136,1,0.0228956505210413,1.0,5.548090719672516e-05,0.6691176470588235,2025-11-04,Johannesburg,49.00765057676232,-9.799471610871858,-3.776808320040592,-0.8331829385891785,0.5529974600700271,False,test
-0.7360294976856305,1,0.0242516623387346,1.0,5.966391247222395e-05,0.9816176470588236,2025-11-11,Johannesburg,53.59959692833313,-9.726783201540417,-3.719270113897181,-0.7607200913564104,0.6490800741100398,False,test
-0.650547625797413,1,0.020059599469997,1.0,3.597625355965646e-05,1.0,2025-11-18,Johannesburg,39.65901649671153,-10.232651460498232,-3.9090474632480317,-0.6772399381909491,0.7357622347736525,False,test
-0.759320018701213,1,0.0199039991175704,1.0,2.9629375950016632e-05,0.9338235294117648,2025-11-25,Johannesburg,54.66307040589753,-10.426744258024266,-3.916834606759654,-0.5839514998576998,0.8117885474764613,False,test
-0.6798371901062701,1,0.0198451838430494,1.0,3.658814982697581e-05,0.9963235294117648,2025-12-02,Johannesburg,28.728668471486227,-10.215786145202706,-3.9197939288419508,-0.4822058478963526,0.8760579434344281,False,test
-0.5430836900129775,1,0.0208277189456313,0.9963235294117648,4.579298032329087e-05,0.9595588235294118,2025-12-09,Johannesburg,25.94902618829896,-9.9913797466413,-3.871470537836708,-0.37347653741307074,0.9276396261490467,False,test
-0.9749361122001738,1,0.021443568779192,1.0,5.186924714682732e-05,0.9264705882352942,2025-12-16,Johannesburg,48.51093207624914,-9.866784483937504,-3.8423305023781498,-0.2593382659754056,0.9657865518844574,False,test
-0.7448940242281895,1,0.0205873110207058,1.0,3.6284772494105786e-05,0.9852941176470588,2025-12-23,Johannesburg,37.07925556017671,-10.224112395224733,-3.883080362842631,-0.14144406768794202,0.9899462489023779,False,test
-0.5449376563727135,1,0.0185234549206678,1.0,3.5102250699039995e-05,1.0,2025-12-30,Johannesburg,76.3465910711252,-10.257245307068441,-3.9887175163705413,-0.021501372740813793,0.999768818762748,False,test
-0.7886238810016191,1,0.0195876623233104,1.0,3.8842586406074705e-05,0.9705882352941176,2026-01-06,Johannesburg,20.937874419487567,-10.155993325458697,-3.932855384247653,0.10303137904317879,0.9946781061893646,False,test
-0.8437213943904822,1,0.0220474038642666,1.0,5.729331094940193e-05,0.9558823529411764,2026-01-13,Johannesburg,12.885314497935626,-9.767326678415648,-3.8145604226030265,0.22177215755648186,0.975098513039961,False,test
-0.6210669793079477,1,0.0220566939396611,1.0,4.295202673985809e-05,1.0,2026-01-20,Johannesburg,4.008866877832229,-10.055426722292093,-3.8141391431303937,0.3373010691361842,0.9413968285264122,False,test
-0.7303075041007769,1,0.0218407819455477,1.0,4.966380461756038e-05,0.9963235294117648,2026-01-27,Johannesburg,36.8806342945862,-9.910234167497109,-3.8239763253787893,0.44794493940789115,0.8940611451454876,False,test
-0.5854398374028539,1,0.0227522018756474,1.0,6.042973318557952e-05,1.0,2026-02-03,Johannesburg,0.7981445950649795,-9.714029302864835,-3.7830933525258725,0.5521013427459208,0.8337770129585915,False,test
-0.4610447167011882,1,0.021576721937819,1.0,5.128916176245302e-05,1.0,2026-02-10,Johannesburg,34.849624036989056,-9.878031099795633,-3.836140233479285,0.6482618097757122,0.7614175109532997,False,test
-0.8935063958043605,1,0.0224403626447381,1.0,8.312995474012521e-05,0.7977941176470589,2026-02-17,Johannesburg,17.3809848237556,-9.395105454868373,-3.7968940378192704,0.7350336741329412,0.6780306024735382,False,test
-0.89370938445547,1,0.0210213843012431,1.0,4.5189456276471254e-05,0.9669117647058824,2026-02-24,Johannesburg,41.32524108110548,-10.004646766557014,-3.8622150593153224,0.8111602420785621,0.5848239578463322,False,test
-0.450306907564849,1,0.0218123285796865,1.0,5.480809252241111e-05,1.0,2026-03-03,Johannesburg,44.74301339064412,-9.811672701146376,-3.825279937861306,0.8755389928586302,0.4831474640149687,False,test
-0.5026690410320079,1,0.0187436865740373,1.0,0.0001296454133302,1.0,2026-03-10,Johannesburg,56.23924582311847,-8.950707423927414,-3.9768982993186395,0.9272375462179537,0.374473674486883,False,test
-0.6797968309714255,1,0.023996459784726,1.0,5.280964409728585e-05,0.9117647058823528,2026-03-17,Johannesburg,69.85256982902175,-9.848816730573466,-3.7298489684844593,0.9655071658143364,0.2603764827344581,False,test
-0.5884077168593458,1,0.023576607527672,1.0,6.315054576696971e-05,1.0,2026-03-24,Johannesburg,18.129757494019813,-9.669989066814466,-3.747500264975125,0.9897936029670716,0.14250832791617088,False,test
-0.5737482394251722,1,0.0223404299098412,1.0,6.612228549405375e-05,1.0,2026-03-31,Johannesburg,2.39011634082617,-9.624004719758053,-3.8013572415763255,0.9997451236925734,0.022576263041545485,False,test
-0.8381229834387596,1,0.0215464797789398,1.0,7.255376984654687e-05,0.9742647058823528,2026-04-07,Johannesburg,26.03989674406389,-9.531182617936548,-3.8375428271009606,0.9952176027737294,-0.09768276782171598,False,test
-0.371004544173544,1,0.0186003922074125,1.0,4.183478493988926e-05,1.0,2026-04-14,Johannesburg,25.500131006263025,-10.081782388904259,-3.98457261206527,0.9762766110869321,-0.21652708524481437,False,test
-0.443455927763457,1,0.0206145585353452,1.0,2.64458588746661e-05,1.0,2026-04-21,Johannesburg,29.656899531265513,-10.540410976202269,-3.881757727782371,0.9431964659565866,-0.33223549871590435,False,test
-0.230508673982357,1,0.0203570343272077,1.0,3.975281596147476e-05,1.0,2026-04-28,Johannesburg,11.068901239217537,-10.132829877574988,-3.8943287596380167,0.8964562582905575,-0.44313223418263453,False,test
-0.0433361593624645,1,0.0169521187908125,1.0,4.032166673792699e-05,1.0,2026-05-05,Johannesburg,21.7582893510401,-10.118621597309337,-4.077362450560011,0.8367329140344921,-0.5476112038402312,False,test
-0.159443330210696,1,0.0191891960916498,1.0,0.0001096886312431,1.0,2026-05-12,Johannesburg,0.2646916402797045,-9.117864831029864,-3.9534078618853714,0.7648913904341226,-0.6441592666722685,False,test
-0.5074745591230169,1,0.0191850465593565,1.0,0.0001602056536485,1.0,2026-05-19,Johannesburg,1.7597527503017614,-8.739052232763596,-3.9536241284236957,0.6819721490904629,-0.7313781428679254,False,test
-0.4060415262120184,1,0.0213690638523431,1.0,0.0001501485792128,1.0,2026-05-26,Johannesburg,0.01774244238754,-8.803885226031918,-3.8458110172393933,0.5891760872322963,-0.8080046647350754,False,test
0.0490558645347352,1,0.0184561433290204,1.0,0.0001041895821947,1.0,2026-06-02,Johannesburg,0.9794763497126184,-9.169298412580854,-3.9923579921557724,0.4878471454423119,-0.8729290708206411,False,test
-0.1813628531297387,1,0.0221475436606586,1.0,8.061230617023407e-05,1.0,2026-06-09,Johannesburg,0.010916277467853,-9.425859238093574,-3.8100286843217006,0.37945284372454435,-0.925211078289358,False,test
-0.4427917632459492,1,0.0242432038729537,1.0,0.0001177587815859,0.8933823529411765,2026-06-16,Johannesburg,7.489333504532231,-9.04687224962436,-3.719618953538464,0.26556302780405594,-0.9640935007889755,False,test
-0.164146753548261,1,0.0258083418145065,1.0,0.0001377893674534,1.0,2026-06-23,Johannesburg,0.2194879594681119,-8.889784361625797,-3.657057513169536,0.14782713347053048,-0.9890132145779883,False,test
0.0613799632871012,1,0.0227829062211823,1.0,0.0001122430608874,1.0,2026-06-30,Johannesburg,0.0375086770087297,-9.0948438516278,-3.7817447513488127,0.02795029824021032,-0.999609314096404,False,test
-0.0488427093647982,1,0.0242012127576155,1.0,0.0001780763574998,1.0,2026-07-07,Johannesburg,0.3604351679223291,-8.63329812493756,-3.721352533124105,-0.09233133369539123,-0.9957283388645872,False,test
0.21452785131419,1,0.0214047079049583,1.0,0.0001098944274686,1.0,2026-07-14,Johannesburg,0.023991954670426,-9.115990403312512,-3.8441443855910067,-0.2112757555821793,-0.9774264960104055,False,test
0.1049628431728261,1,0.0260926562671486,1.0,0.0001183199504141,1.0,2026-07-21,Johannesburg,0.0042436974368565,-9.042118158644813,-3.6461013733199605,-0.3271603271220951,-0.9449688462364056,False,test
-0.0902637905644205,1,0.0224107448462525,1.0,0.000168621897395,1.0,2026-07-28,Johannesburg,0.1608069730738331,-8.687851643042245,-3.79821475449485,-0.4383067230125192,-0.898825465016444,False,test
-0.0615775832522254,1,0.0263264622330516,1.0,0.0001393710169703,1.0,2026-08-04,Johannesburg,22.778536925606893,-8.878370993949813,-3.6371806770896216,-0.5431052396834317,-0.8396646346181327,False,test
-0.3062775707776186,1,0.0230353155470531,1.0,0.0001823565133918,1.0,2026-08-11,Johannesburg,18.627843962718465,-8.60954692217119,-3.770726782096673,-0.6400381082043503,-0.7683431655492202,False,test
0.0828127784345997,1,0.024606343419793,1.0,0.0001070057735597,1.0,2026-08-18,Johannesburg,0.0064367946569509,-9.142627766456206,-3.7047510066914526,-0.7277014757264236,-0.6858939875998223,False,test
0.0698200555369381,1,0.0263308480712533,1.0,0.0001056100184376,1.0,2026-08-25,Johannesburg,0.244261037845033,-9.155757319623953,-3.6370140966780324,-0.8048257371083452,-0.593511190196115,False,test
-0.5687959351491435,1,0.0384026303685847,0.8235294117647058,6.39233469189275e-05,1.0,2019-01-01,Karachi,0.0080133652973497,-9.657825896817481,-3.2596293225525246,0.017201575418260506,0.9998520419557735,False,test
-0.6324603184567715,1,0.0373395645077979,0.9896193771626296,5.830851561397881e-05,1.0,2019-01-08,Karachi,0.279188167948351,-9.749762409854466,-3.287701803823613,0.13718540405660057,0.9905453876091833,False,test
-0.8354493147749372,1,0.0368236549966516,0.9965397923875432,8.085871099870517e-05,1.0,2019-01-15,Karachi,11.093691514491304,-9.422807235027546,-3.3016148414918702,0.2551824131233728,0.9668929289391521,False,test
-0.69138477168632,1,0.0361000859361276,0.7889273356401384,7.378590296377354e-05,1.0,2019-01-22,Karachi,1.1452987970862996,-9.514342861354907,-3.3214600331439854,0.3694836834473831,0.9292372181882051,False,test
-0.8259519397979124,1,0.0361269415067787,0.9411764705882352,6.480996262999898e-05,1.0,2019-01-29,Karachi,2.983318930298677,-9.64405122213338,-3.3207163898614227,0.4784338202547012,0.8781236129591848,False,test
-0.0275322744860411,1,0.0344754418802644,0.9065743944636678,5.9983830538890495e-05,1.0,2019-02-05,Karachi,0.0337572151488838,-9.721435523079895,-3.367508037973329,0.580454927809098,0.8142923779467267,False,test
-0.7174050812671542,1,0.0371153046132411,0.8546712802768166,5.671673329109699e-05,1.0,2019-02-12,Karachi,1.2731948965779545,-9.777441270997407,-3.2937258711651234,0.6740694616546162,0.7386679638813748,False,test
-0.6951660164842776,1,0.0336656290607005,0.9688581314878892,5.983766226147071e-05,1.0,2019-02-19,Karachi,2.123142578870216,-9.723875291547285,-3.3912778712631257,0.7579216274973472,0.6523456189565257,False,test
-0.6569215857144352,1,0.0359183741705732,0.9965397923875432,5.598028101111642e-05,1.0,2019-02-26,Karachi,4.808546281787168,-9.790511054041113,-3.3265062990843988,0.8307970168121247,0.5565755266413303,False,test
-0.7201620457616812,1,0.0352646658825753,0.9965397923875432,4.033859764699003e-05,1.0,2019-03-05,Karachi,1.5628908399743204,-10.118201789379352,-3.3448737828436874,0.8916401947968874,0.45274469960737107,False,test
-0.5358723802791431,1,0.0350871487067836,0.9619377162629758,5.029876601500662e-05,1.0,2019-03-12,Karachi,0.115833210575228,-9.897530013664346,-3.3499203492634977,0.9395699859530622,0.342356891994542,False,test
-0.2648168323609663,1,0.0334743141271752,1.0,4.116222744720734e-05,1.0,2019-03-19,Karachi,0.0141983372649081,-10.097989531669505,-3.396976876720849,0.9738922359149924,0.22701082094141847,False,test
-0.3608057898282444,1,0.0333214409068862,0.9965397923875432,4.8366865579146035e-05,1.0,2019-03-26,Karachi,0.0059904829754486,-9.936695574156362,-3.401554218114124,0.9941098647022418,0.10837701279187609,False,test
-0.240786185400332,1,0.0331460832704076,1.0,4.0048694069197366e-05,1.0,2019-04-02,Karachi,0.37694085419828,-10.12541449249222,-3.4068307210529745,0.9999300657962057,-0.011826390691832589,False,test
-0.346651637351595,1,0.0335625560245363,1.0,2.7304130639663192e-05,1.0,2019-04-09,Karachi,1.5833314304461017,-10.508472561736712,-3.39434423745452,0.9912685467787256,-0.13185851571739118,False,test
-0.4347028918636832,1,0.0347998702725359,1.0,3.5269230769411044e-05,1.0,2019-04-16,Karachi,0.8259949306438502,-10.25249962372418,-3.358141620009349,0.9682507501166718,-0.2499809690726521,False,test
-0.1974710559928651,1,0.0346506567482958,1.0,2.558951132585859e-05,1.0,2019-04-23,Karachi,0.0255986991951929,-10.57332800426805,-3.3624385997510746,0.9312100364121947,-0.3644830148102912,False,test
-0.0784480719194376,1,0.0350864000905749,1.0,4.183267487801447e-05,1.0,2019-04-30,Karachi,0.0497985101667605,-10.081832828152201,-3.349941685400021,0.8806828564301475,-0.47370635037968,False,test
-0.0190607931901973,1,0.0326767756023006,1.0,2.0776251190116036e-05,1.0,2019-05-07,Karachi,0.2327679018205484,-10.781699993278568,-3.4210906796383984,0.8174009818249189,-0.5760691233798758,False,test
-0.1828383413395084,1,0.0319880832519803,1.0,2.123560249351255e-05,1.0,2019-05-14,Karachi,1.0110554111220509,-10.75983142193789,-3.4423918439155208,0.742280907086982,-0.6700888411055113,False,test
-0.27505587027499,1,0.0313589449565488,1.0,1.91652350417572e-05,1.0,2019-05-21,Karachi,0.1028307588642323,-10.862412595092312,-3.462255727033061,0.6564105761979381,-0.7544038410927472,False,test
-0.1050804837569406,1,0.0312334813293391,1.0,1.976560341286119e-05,1.0,2019-05-28,Karachi,0.2238383596252181,-10.831567332318562,-3.4662646400177657,0.5610336262283677,-0.8277930117131022,False,test
0.2524720915038475,1,0.0298551204219517,1.0,1.816088385483172e-05,1.0,2019-06-04,Karachi,0.2893695287174412,-10.916240515555245,-3.5113989154307164,0.4575313760742512,-0.8891934772070711,False,test
0.2229316371074646,1,0.0311667082972552,1.0,3.4569043206023835e-05,1.0,2019-06-11,Karachi,0.7193056303093062,-10.27255198141625,-3.468404795615689,0.3474028211842774,-0.9377159910299093,False,test
0.2782869985177177,1,0.0301575272567965,1.0,2.825461079814866e-05,1.0,2019-06-18,Karachi,1.0486552498848425,-10.474253899596038,-3.5013207267102886,0.23224292400907015,-0.9726578145718654,False,test
0.3394981364232922,1,0.0307765083482034,1.0,2.443635323801887e-05,1.0,2019-06-25,Karachi,2.416050653153206,-10.619438647641243,-3.4810035959858383,0.11371951458594969,-0.9935128947338007,False,test
0.781201461825807,1,0.0312387298332176,1.0,2.601915565681327e-05,0.9930795847750864,2019-07-02,Karachi,2.0698374419653276,-10.556677535183004,-3.466096613184933,-0.00645086419810515,-0.9999791929590823,False,test
-0.2322574283039448,1,0.0304550976385375,1.0,1.8586237083740967e-05,1.0,2019-07-09,Karachi,4.138502596692949,-10.893089192871479,-3.491501888705149,-0.12652781683868314,-0.9919630595773397,False,test
-0.0309388806807067,1,0.029843218238339,1.0,2.534440207641808e-05,1.0,2019-07-16,Karachi,3.011661643966004,-10.582952677700446,-3.5117976596516614,-0.24477230089725957,-0.9695805901076308,False,test
-0.1787664148184232,1,0.0316602901650187,1.0,2.246858713613212e-05,1.0,2019-07-23,Karachi,55.26734305490925,-10.70339235153066,-3.4526920595359347,-0.3594718130884232,-0.9331559438780432,False,test
-0.4382539160110467,1,0.0313195187412372,0.9896193771626296,2.26258703719212e-05,0.9930795847750864,2019-07-30,Karachi,25.00911167817148,-10.696416599641035,-3.463513773838472,-0.46896519100763184,-0.8832166493127127,False,test
-0.5915454884369764,1,0.0304175800213013,1.0,3.1288011982494664e-05,0.8719723183391004,2019-08-06,Karachi,130.34682370240165,-10.372275537537002,-3.4927345475409033,-0.5716666713027052,-0.8204859638785327,False,test
-0.3962432855878293,1,0.0298966844147847,1.0,1.90395220553566e-05,0.9965397923875432,2019-08-13,Karachi,4.0272066938088065,-10.868993631050751,-3.5100076938717866,-0.666088855860977,-0.7458723993404063,False,test
-0.5692434403220112,1,0.0312298570608593,1.0,2.381886075806236e-05,0.9930795847750864,2019-08-20,Karachi,2.7361933240404626,-10.645032822298322,-3.466380684679395,-0.7508642533989489,-0.6604565640279754,False,test
-1.3340434365675902,1,0.0363854864574434,1.0,3.730144244597115e-05,1.0,2019-08-27,Karachi,87.91804734631889,-10.196478560588469,-3.313585307547481,-0.8247650844733614,-0.5654755126737576,False,test
-1.0440288112202525,1,0.0360489294003896,0.9653979238754326,3.714406536102574e-05,1.0,2019-09-03,Karachi,3.659463174709912,-10.200706547582422,-3.322878113323519,-0.886721063082993,-0.46230483047981086,False,test
-0.8814502481421929,1,0.0312620788148449,1.0,2.805922740826282e-05,1.0,2019-09-10,Karachi,0.8647481438518838,-10.481193017230568,-3.465349455405104,-0.9358348973349941,-0.35243871088460327,False,test
-0.9048618105762236,1,0.0326519621541399,1.0,4.275536380272193e-05,1.0,2019-09-17,Karachi,0.3831222437460843,-10.060015901382572,-3.4218503284608346,-0.97139528468375,-0.23746831555846842,False,test
-0.8528071139238684,1,0.0343649800224133,0.8131487889273357,5.41379184175226e-05,1.0,2019-09-24,Karachi,23.262908006449305,-9.823975722660553,-3.3707172557440117,-0.9928872135356962,-0.11905873003404988,False,test
-1.0391271504942878,1,0.0311080033856508,1.0,3.4190378598380005e-05,1.0,2019-10-01,Karachi,11.598487742018666,-10.283566281008477,-3.4702901493140725,-0.9999994220246925,0.001075151282798226,False,test
-1.1568004973025658,1,0.0330090677138616,0.8858131487889274,5.174507862456925e-05,1.0,2019-10-08,Karachi,0.0111543750631139,-9.869181229383136,-3.410972976052622,-0.9926289059345095,0.12119346147073601,False,test
-0.8282522365445542,1,0.0329366470874306,0.6920415224913494,5.177750125863628e-05,1.0,2019-10-15,Karachi,0.0063029755446168,-9.86855484168755,-3.4131693478946015,-0.9708824104813836,0.2395565591209271,False,test
-0.8851316008388312,1,0.0364613989438749,0.754325259515571,7.33470378558854e-05,1.0,2019-10-22,Karachi,0.0579227563400051,-9.520308437886904,-3.311501141189729,-0.9350748843515574,0.3544502230989869,False,test
-1.437394399416014,1,0.0344884872495373,0.8200692041522492,5.3967934436345847e-05,1.0,2019-10-29,Karachi,1.7121133548547216,-9.82712049450738,-3.367129713547992,-0.8857249183835637,0.4642104791518923,False,test
-0.903423116121466,1,0.0317065448113905,0.916955017301038,6.21622834006407e-05,1.0,2019-11-05,Karachi,0.0843398091563605,-9.685762118335026,-3.451232158481881,-0.8235472349556007,0.5672476988027229,False,test
-0.9025588513980884,1,0.0369888790828065,0.986159169550173,4.6829992270204034e-05,1.0,2019-11-12,Karachi,2.7661125966374955,-9.96898669982961,-3.2971379768462783,-0.7494423368521953,0.6620696215153815,False,test
-1.050241415291788,1,0.0354410010284657,0.7820069204152249,5.5144833265916186e-05,1.0,2019-11-19,Karachi,0.0061541695168475,-9.805547501768334,-3.339885907919958,-0.6644834655228552,0.7473029667054297,False,test
-1.112096996659956,1,0.0348254756567495,0.7716262975778547,4.9864839341578895e-05,1.0,2019-11-26,Karachi,0.0089852212568075,-9.906194425983097,-3.357406100924275,-0.5699010576127624,0.821713322596059,False,test
-1.1453237466688142,1,0.0375485233216608,0.9584775086505192,4.242575777600731e-05,1.0,2019-12-03,Karachi,0.1550416071738289,-10.067754885459426,-3.282121227200106,-0.46706492487743034,0.8842230238742036,False,test
-1.3316605936435375,1,0.0367116896566275,0.9930795847750864,5.534110664224166e-05,1.0,2019-12-10,Karachi,0.4566364894430172,-9.801994586656145,-3.3046600553839456,-0.3574644155648614,0.9339267592294762,False,test
-1.268647714317203,1,0.0360946544363125,0.7439446366782007,5.9953300071746144e-05,1.0,2019-12-17,Karachi,0.014278741818727,-9.72194463093746,-3.321610501164158,-0.2426868445825954,0.9701046827361175,False,test
-1.1681050015065684,1,0.035783543361661,0.8131487889273357,6.915059699756876e-05,1.0,2019-12-24,Karachi,0.0055921009600867,-9.579223866520293,-3.330267173897102,-0.12439450483979998,0.9922328391893008,False,test
-1.322336616654101,1,0.0402653244356385,0.9307958477508652,4.8475378036312506e-05,1.0,2019-12-31,Karachi,0.0636171523314864,-9.934454558282935,-3.2122646162571313,-0.004300592702981974,0.9999907524084426,False,test
-1.217220321851996,1,0.0379379129044989,0.916955017301038,6.236913749599321e-05,1.0,2020-01-07,Karachi,6.030845267541938,-9.682439996349933,-3.271804326412781,0.1201261651823505,0.9927586335250793,False,test
-1.2061870575342544,1,0.0349535937624548,0.8027681660899654,6.394204097878157e-05,1.0,2020-01-14,Karachi,0.0068389703251625,-9.657533494623351,-3.35373398976722,0.23851257519407648,0.9711394088771653,False,test
-1.2497046271941594,1,0.0377051069566288,0.9757785467128028,4.735326752747835e-05,1.0,2020-01-21,Karachi,0.2497560395743946,-9.95787473274104,-3.2779597306619093,0.3534446712740877,0.9354554315134164,False,test
-1.2088910863732494,1,0.0380046547409894,0.7958477508650519,6.25541535102642e-05,1.0,2020-01-28,Karachi,0.1219018688502761,-9.679477920214145,-3.270046633573497,0.4632579225674917,0.88622350294858,False,test
-1.219504963141576,1,0.0385553804352288,0.8096885813148789,4.93167245658785e-05,1.0,2020-02-04,Karachi,0.0438226025435757,-9.917247293757551,-3.255659618407578,0.5663619330814524,0.8241566360566663,False,test
-1.238687039321676,1,0.040086835412735,0.8442906574394463,6.17927419579846e-05,1.0,2020-02-11,Karachi,0.0076941209599112,-9.691724644443278,-3.2167072925166265,0.6612634749656386,0.7501537286959042,False,test
-0.9966287912960358,1,0.0403249889767951,0.8512110726643599,5.6338412370404894e-05,1.0,2020-02-18,Karachi,0.0252115736946052,-9.784133975352129,-3.210783928329982,0.746588114532413,0.6652865452111116,False,test
-0.8551368251864935,1,0.0385883086859718,1.0,3.819951153192783e-05,1.0,2020-02-25,Karachi,0.0467748285908669,-10.172687829555809,-3.254805932173023,0.8211001178128892,0.5707841943569036,False,test
-0.7844641839902605,1,0.0378093579710168,1.0,3.8275294906159926e-05,1.0,2020-03-03,Karachi,0.0945152848035652,-10.170705911521145,-3.27519864162503,0.8837203473619977,0.4680153284438345,False,test
-0.6803754934894287,1,0.0370333425551628,1.0,5.220973735836345e-05,1.0,2020-03-10,Karachi,0.0034398173668744,-9.860241541039748,-3.2959366219903963,0.9335418911179212,0.35846832151248087,False,test
-0.8465957591689643,1,0.0349045483950012,1.0,4.326118759352677e-05,1.0,2020-03-17,Karachi,0.3576600894042859,-10.048254685353696,-3.3551381317611844,0.969843196967294,0.24372971360968387,False,test
-0.6266543767846703,1,0.0354249513373069,0.8927335640138409,2.729713815584723e-05,1.0,2020-03-24,Karachi,2.694669104312554,-10.508728690724498,-3.3403388670885694,0.992098522791769,0.12546123335273648,False,test
-0.7845497382106514,1,0.0366045024771526,1.0,3.270122454274753e-05,1.0,2020-03-31,Karachi,0.0217624774963503,-10.328098032971774,-3.3075840276395345,0.9999855506507186,0.005375731557583884,False,test
-0.7863401577178072,1,0.0358344080845614,1.0,2.9457414395884784e-05,1.0,2020-04-07,Karachi,0.0067319158358472,-10.432564917384193,-3.328846727474785,0.9933900548258936,-0.11478762552212701,False,test
-0.9505052384393408,1,0.0369404771084717,1.0,2.5041305928422717e-05,1.0,2020-04-14,Karachi,0.1679287639448153,-10.59498385940133,-3.2984473885264025,0.9724075561219968,-0.23328854407545518,False,test
-0.5873440854454931,1,0.0359927881399007,1.0,2.2088684793736364e-05,1.0,2020-04-21,Karachi,0.0407117531225914,-10.720445080840891,-3.324436690041854,0.9373419384643772,-0.3484108069446808,False,test
-0.6425119370121609,1,0.0359717078659955,1.0,2.373505788958553e-05,1.0,2020-04-28,Karachi,0.1746651290800895,-10.648557366967315,-3.325022542112753,0.8887010478292915,-0.45848712914008766,False,test
-0.432244965497072,1,0.0343544065671398,1.0,2.271801178839938e-05,1.0,2020-05-05,Karachi,0.3960553193954121,-10.692352477253895,-3.3710249841997415,0.8271893372462497,-0.5619233046832195,False,test
-0.5682985519363707,1,0.0332948067016731,1.0,2.460683203731895e-05,1.0,2020-05-12,Karachi,0.4632417154493208,-10.612486428490167,-3.4023538490626812,0.753697664392914,-0.6572212950663319,False,test
-0.4315065596275355,1,0.0340230866151783,1.0,1.9537048743469204e-05,1.0,2020-05-19,Karachi,0.0334641259281941,-10.843197959426773,-3.380715966700978,0.6692903895412567,-0.7430009249440493,False,test
-0.3956050615981999,1,0.0318203665216435,1.0,1.5799912436675988e-05,1.0,2020-05-26,Karachi,1.169337063324438,-11.055506159929243,-3.447648737545387,0.5751899607119775,-0.8180198708443175,False,test
-0.2494508527619652,1,0.031679655440784,1.0,2.3734257056105653e-05,1.0,2020-06-02,Karachi,0.997680150737415,-10.648591108068524,-3.4520805883329375,0.47275920928627757,-0.881191653407483,False,test
-0.2658943142334646,1,0.0312822852579147,1.0,2.3949805598635405e-05,1.0,2020-06-09,Karachi,0.3489436184602902,-10.639550351107498,-3.4647033078561633,0.36348161248290634,-0.9316013725767187,False,test
-0.4666142113914052,1,0.0323122735565903,1.0,2.237122615345179e-05,1.0,2020-06-16,Karachi,0.3829657506181264,-10.707734971561528,-3.4323081346578808,0.24893980855376657,-0.9685189578512204,False,test
-0.417947932129535,1,0.0308785902593874,1.0,2.453799612626055e-05,1.0,2020-06-23,Karachi,1.915180537041647,-10.615287779462255,-3.4776922070895666,0.13079267585675922,-0.9914097417023038,False,test
15.470823809869604,1,0.030636380315966,1.0,3.2620560103928274e-05,1.0,2020-06-30,Karachi,1.7659059681544542,-10.330567790350816,-3.4855670769902347,0.01075130776352193,-0.9999422030204416,False,test
-0.7546921087390602,1,0.0306354775551212,1.0,2.7304821887380397e-05,1.0,2020-07-07,Karachi,11.767333420698236,-10.50844724545851,-3.4855965443795465,-0.10944576864891556,-0.993992768446958,False,test
-0.9746114276984942,1,0.0312345394446134,1.0,3.2773356077159226e-05,1.0,2020-07-14,Karachi,7.095763247059886,-10.325894687401313,-3.466230762995209,-0.2280577712215198,-0.9736476020539838,False,test
-0.4768792204148782,1,0.0292548868091537,1.0,1.9969227123426665e-05,1.0,2020-07-21,Karachi,7.133461653786989,-10.821318113166976,-3.531708648860559,-0.34336687399638804,-0.939201357453208,False,test
-0.6679931230323466,1,0.0306723215290048,1.0,2.3412666391738868e-05,1.0,2020-07-28,Karachi,2.467679530420947,-10.662233383257703,-3.4843946099154306,-0.45370308603134424,-0.8911529104063088,False,test
-0.6846031192945252,1,0.0305454272046503,1.0,2.8801482061780075e-05,1.0,2020-08-04,Karachi,37.80432354601608,-10.455083711667944,-3.4885402869035573,-0.5574684374327892,-0.8301981337405212,False,test
-0.9008250794668952,1,0.0309518770232776,1.0,2.1807219768295094e-05,1.0,2020-08-11,Karachi,5.108568845450222,-10.73326946096601,-3.4753216347348266,-0.65316012232693,-0.7572198192083127,False,test
-1.1096070482294085,1,0.0315392174595897,1.0,3.102438236589499e-05,1.0,2020-08-18,Karachi,16.373580535426388,-10.380737134698032,-3.4565235088016606,-0.7393922635959241,-0.673274892250183,False,test
-1.0406512386718565,1,0.0316970262531502,0.986159169550173,2.1089298653770352e-05,1.0,2020-08-25,Karachi,60.632705133609306,-10.766744818944977,-3.451532411548136,-0.8149159841660791,-0.5795791048257612,False,test
-0.9569452548160904,1,0.03014666164218,1.0,3.069304880487643e-05,1.0,2020-09-01,Karachi,4.707514274447858,-10.391474352302675,-3.5016810869085586,-0.8786374941610001,-0.4774894280028391,False,test
-1.3590946250807774,1,0.031753154278086,1.0,3.835856502400591e-05,1.0,2020-09-08,Karachi,11.138913387086234,-10.168532716782057,-3.4497632112367653,-0.9296339319682695,-0.3684843993077793,False,test
-1.4201952567012162,1,0.0326059935565524,0.9965397923875432,3.89317406799405e-05,1.0,2020-09-15,Karachi,1.5482671656591078,-10.153700684268289,-3.42325915608009,-0.9671667297977312,-0.2541427094613622,False,test
-0.937676847822244,1,0.0317409237602425,1.0,3.4343956420384384e-05,1.0,2020-09-22,Karachi,0.1403670412233836,-10.279084495957786,-3.4501484603299923,-0.9906923101615609,-0.13612033862266704,False,test
-1.2418052793108074,1,0.0312725829165081,1.0,3.456674344408785e-05,1.0,2020-09-29,Karachi,0.153981697961517,-10.27261851025893,-3.4650135104596553,-0.9998699583618592,-0.016126573270657762,False,test
-1.1380685819713452,1,0.0327739601468219,0.9896193771626296,4.667448203499543e-05,1.0,2020-10-06,Karachi,0.0314485045829345,-9.972312965866506,-3.4181209768586642,-0.9945667569706337,0.1041007489354256,False,test
-1.2571078612065147,1,0.0411072540279862,0.8858131487889274,5.5458558039957746e-05,1.0,2020-10-13,Karachi,0.1547890654840513,-9.79987451811541,-3.1915706760224225,-0.9748595108374125,0.22282040779479959,False,test
-1.2559881302159686,1,0.0349981959392447,0.7301038062283737,6.862657994912219e-05,1.0,2020-10-20,Karachi,0.0034496891530011,-9.586830635461576,-3.3524587634142002,-0.9410336347451197,0.3383130181923075,False,test
-0.988031820518358,1,0.0354123223436448,0.7820069204152249,6.462454936194897e-05,1.0,2020-10-27,Karachi,0.0056506985209073,-9.64691619828264,-3.340695430607735,-0.8935790198239952,0.4489059314938798,False,test
-1.240868666064425,1,0.0361443852712687,0.7750865051903114,5.702899212005801e-05,1.0,2020-11-03,Karachi,0.020584703527951,-9.771950785754763,-3.320233659970983,-0.8331829385891785,0.5529974600700271,False,test
-0.8029834508665816,1,0.0419493140793574,0.8269896193771626,5.9326626264319226e-05,1.0,2020-11-10,Karachi,0.0068719131718353,-9.732452343218858,-3.171293197111839,-0.7607200913564104,0.6490800741100398,False,test
-1.407333965465297,1,0.0408934872400352,0.8269896193771626,6.126492114532624e-05,1.0,2020-11-17,Karachi,0.0065432010279373,-9.700303127671727,-3.1967844647977666,-0.6772399381909491,0.7357622347736525,False,test
-1.272163487461751,1,0.0376142664653521,0.944636678200692,5.270251421857646e-05,1.0,2020-11-24,Karachi,4.5734612439766495,-9.850847395422573,-3.2803718732806093,-0.5839514998576998,0.8117885474764613,False,test
-1.608215971486502,1,0.0395145684399924,0.7508650519031141,7.611307229811546e-05,1.0,2020-12-01,Karachi,0.1059293085245787,-9.483290529949747,-3.231085853807275,-0.4822058478963526,0.8760579434344281,False,test
-1.282671705877119,1,0.0402797238768593,0.8200692041522492,6.383619671867033e-05,1.0,2020-12-08,Karachi,0.0046446077847929,-9.659190181806192,-3.2119070662481395,-0.37347653741307074,0.9276396261490467,False,test
-1.4326809724254603,1,0.0360696133607453,0.8062283737024222,7.14951584436158e-05,1.0,2020-12-15,Karachi,0.00728393736793,-9.545880824632317,-3.3223045032606713,-0.2593382659754056,0.9657865518844574,False,test
-1.4037578098292098,1,0.0365919554631487,0.8200692041522492,7.721725157089872e-05,1.0,2020-12-22,Karachi,0.006428360393329,-9.468887659954055,-3.3079268588223503,-0.14144406768794202,0.9899462489023779,False,test
-1.4321494117492175,1,0.0363603498000507,0.8685121107266436,6.503886136153434e-05,1.0,2020-12-29,Karachi,0.0042801194872765,-9.64052559961944,-3.314276389255695,-0.021501372740813793,0.999768818762748,False,test
-1.3591468659631505,1,0.0377543598613906,0.8062283737024222,6.849937736912505e-05,1.0,2021-01-05,Karachi,0.007312792586589,-9.588685902239229,-3.276654316938939,0.08590610426133272,0.9963032375991965,False,test
-1.5083951520967005,1,0.0396301703332184,0.8166089965397924,9.904176443338615e-05,1.0,2021-01-12,Karachi,0.0047187469976887,-9.21996893382535,-3.2281645737012585,0.20496611396949532,0.9787690698649216,False,test
-1.4329535379214708,1,0.0386424009559284,1.0,8.089046604310734e-05,1.0,2021-01-19,Karachi,0.0205188423507899,-9.42241458950822,-3.2534051350276245,0.321057654185271,0.9470596510722283,False,test
-1.3364993657575173,1,0.0384531546515277,0.9377162629757786,0.0001006119187089,1.0,2021-01-26,Karachi,0.0104961499927773,-9.204239831084779,-3.25831454084265,0.4324994021339788,0.901634220265486,False,test
-1.3633452200097964,1,0.0397025606826365,0.7923875432525952,7.515813062685021e-05,1.0,2021-02-02,Karachi,0.0124800782520925,-9.495916255643566,-3.226339592547003,0.5376773767406141,0.8431506618282,False,test
-1.2935648997409863,1,0.0365217288633302,0.8858131487889274,7.1800590980692e-05,1.0,2021-02-09,Karachi,0.0102487725662161,-9.541617851015111,-3.3098478841970684,0.6350683134867438,0.7724559775191742,False,test
-1.2648622174831008,1,0.0392618286145857,0.8096885813148789,7.606879298185736e-05,1.0,2021-02-16,Karachi,0.0264576209245399,-9.483872456284086,-3.2375025141786185,0.7232617254437388,0.6905740195722293,False,test
-1.2343162039934223,1,0.0361887156068672,0.9930795847750864,4.2701515464235115e-05,1.0,2021-02-23,Karachi,0.0158409416740946,-10.06127614739379,-3.3190079323135064,0.8009803309782905,0.5986906625177214,False,test
-1.24633114359429,1,0.0361331561628888,1.0,5.714506233765396e-05,1.0,2021-03-02,Karachi,0.0064923865293899,-9.769917569747271,-3.3205443818978067,0.8670985522812081,0.4981366284784055,False,test
-0.9760770186058524,1,0.035640118429354,0.8996539792387543,4.420693026211858e-05,1.0,2021-03-09,Karachi,0.0880795066844796,-10.026628987910799,-3.3342833534514353,0.9206588168102428,0.3903682146763026,False,test
-0.4247896254433071,1,0.034681762020308,0.986159169550173,4.531172127305349e-05,1.0,2021-03-16,Karachi,0.07283817536648,-10.001944811195186,-3.361541320393118,0.9608854255574977,0.27694620226893646,False,test
-0.9239688503720512,1,0.0377501306386943,1.0,5.0725352347825246e-05,1.0,2021-03-23,Karachi,0.0470087283664782,-9.889084726040439,-3.276766342665428,0.9871957872910085,0.15951325197263655,False,test
-0.8559859721047245,1,0.0377376144630151,1.0,5.632354908362345e-05,1.0,2021-03-30,Karachi,0.01101266545132,-9.784397831700373,-3.277097950816579,0.9992088560679753,0.03977011384605572,False,test
-0.5229080610274802,1,0.03525254271096,1.0,4.2848757033203655e-05,1.0,2021-04-06,Karachi,0.0307756478564513,-10.057833920734355,-3.3452176186811102,0.9967506498213929,-0.08054900421874167,False,test
-0.8474719941720222,1,0.0339668799488411,1.0,2.4423199734590544e-05,1.0,2021-04-13,Karachi,0.4167407959779338,-10.619977068602788,-3.3823693482801107,0.9798567700958665,-0.1997015525660636,False,test
-0.2395968398205381,1,0.0342293840491417,1.0,3.950654837572817e-05,1.0,2021-04-20,Karachi,0.6351931339314438,-10.139044118133455,-3.3746708210763336,0.9487718864399473,-0.31596187665790293,False,test
-0.8741588545326803,1,0.0317133753907642,1.0,2.1494955895730745e-05,1.0,2021-04-27,Karachi,1.9629630974434853,-10.747692259856667,-3.451016750471958,0.9039461929224011,-0.42764620926777464,False,test
-1.0477867561971352,1,0.0331978768528956,1.0,2.328919703448417e-05,1.0,2021-05-04,Karachi,1.154981788945025,-10.667520951498595,-3.405269355318584,0.8460288880917339,-0.533137056031809,False,test
-0.5112628736040609,1,0.0350543882845223,1.0,2.242709394966004e-05,1.0,2021-05-11,Karachi,0.2330906431018625,-10.705240778697044,-3.350854472638854,0.7758587728069828,-0.6309066211876704,False,test
-0.7605620917851031,1,0.0332026703125107,1.0,3.0860279114871074e-05,1.0,2021-05-18,Karachi,0.4708278758719336,-10.38604066651828,-3.405124975194382,0.6944521021088763,-0.719538934232584,False,test
-0.442765931660943,1,0.0318760373788234,1.0,2.0227318698937257e-05,1.0,2021-05-25,Karachi,0.1156051327195683,-10.808476456402484,-3.445900730815142,0.6029878670694714,-0.7977503570459932,False,test
-0.6990646871430252,1,0.030093124565287,1.0,2.5670999035493848e-05,1.0,2021-06-01,Karachi,0.3623275138055152,-10.570148645432067,-3.5034585530769804,0.5027907197793043,-0.8644081744776648,False,test
-0.615314750089138,1,0.0291168864199427,1.0,1.9793562123932835e-05,0.9965397923875432,2021-06-08,Karachi,3.126395747221473,-10.830153818390881,-3.5364369837623357,0.3953117887649151,-0.9185469991587165,False,test
0.1775347605464195,1,0.0300270622348453,1.0,2.6323616445759007e-05,1.0,2021-06-15,Karachi,2.2647844697202806,-10.54504405799171,-3.5056562294498166,0.2821076626819194,-0.9593827529490743,False,test
-0.3201422213263365,1,0.0294050765335127,1.0,2.2214472035012113e-05,1.0,2021-06-22,Karachi,0.383607813238747,-10.714766588007274,-3.526587948335543,0.16481784665719793,-0.9863240225317866,False,test
0.1476415333178065,1,0.0322247129667153,1.0,2.232978536372964e-05,1.0,2021-06-29,Karachi,1.931034294245656,-10.709589104172302,-3.435021637358221,0.04514101777397193,-0.9989806246941579,False,test
0.6798197295375005,1,0.0330517455680865,1.0,2.4693157192850945e-05,1.0,2021-07-06,Karachi,8.061322452081527,-10.608984389438788,-3.4096808981007447,-0.07518957641475855,-0.9971692572470178,False,test
-0.4297941660757962,1,0.0325522499084208,1.0,4.347502099328359e-05,1.0,2021-07-13,Karachi,25.561627217231692,-10.043324014842305,-3.424908791105877,-0.19443122004766195,-0.9809161537413774,False,test
0.8421252501842278,1,0.0316770309531122,1.0,2.182404155425916e-05,0.9826989619377162,2021-07-20,Karachi,5.059291840569135,-10.732498372242574,-3.452163436342285,-0.3108569682435036,-0.9504567035349151,False,test
1.49194334926132,1,0.0326883327368517,0.986159169550173,1.3252376918975995e-05,0.2941176470588235,2021-07-27,Karachi,6.157296190563751,-11.231333631509129,-3.4207370617843114,-0.4227806579826773,-0.9062320427107697,True,test
0.9236346449632198,1,0.0339062006441738,1.0,2.386731362562306e-05,1.0,2021-08-03,Karachi,1.7265750097693515,-10.643000665814334,-3.3841573714640667,-0.5285813283559292,-0.8488826652214553,False,test
0.4434898401245777,1,0.035643424146088,1.0,2.1354647240996343e-05,0.9653979238754326,2021-08-10,Karachi,3.0611049898152314,-10.754241172608669,-3.3341906050661296,-0.6267266965083301,-0.7792391467859886,False,test
0.7419381784140675,1,0.0371634449256957,1.0,2.404931154164344e-05,1.0,2021-08-17,Karachi,0.6051766654596267,-10.635404187949332,-3.2924296641208834,-0.7157953492826642,-0.6983101158835584,False,test
0.8840052918090503,1,0.0374170217206739,1.0,2.2556755510165387e-05,1.0,2021-08-24,Karachi,1.6936998968741568,-10.699475957715702,-3.285629551878948,-0.7944973291665992,-0.6072676460566135,False,test
-0.3490268312539949,1,0.0351717416862481,1.0,4.21316657509984e-05,1.0,2021-08-31,Karachi,7.6064273868235235,-10.074710944397543,-3.347512311793269,-0.8616928164028521,-0.5074302810827518,False,test
0.3492459585167344,1,0.0371106501124663,0.9896193771626296,4.035208382937465e-05,1.0,2021-09-07,Karachi,9.93918059425128,-10.11786752073114,-3.2938512855379827,-0.9164086366943458,-0.4002439388573056,False,test
0.0793536812063634,1,0.0332075637425238,0.944636678200692,3.8131143129958885e-05,1.0,2021-09-14,Karachi,4.268959196990009,-10.174479204739338,-3.4049776054375487,-0.9578523554276669,-0.28726097055059635,False,test
-0.1448614553477548,1,0.0351715769454802,1.0,4.59224098050528e-05,1.0,2021-09-21,Karachi,2.5771093412282404,-9.98855732899687,-3.347516995699889,-0.9854237542919524,-0.17011767832049052,False,test
-0.1515110333985104,1,0.0324057652077859,1.0,3.40627086038534e-05,1.0,2021-09-28,Karachi,53.09045483112943,-10.28730736140974,-3.4294189335011223,-0.9987235240803972,-0.050510617185222886,False,test
0.4607415662138103,1,0.0312941673342725,0.972318339100346,4.3006218573745496e-05,1.0,2021-10-05,Karachi,0.1025530291242333,-10.054165834732805,-3.46432354594866,-0.9975590477788613,0.06982797572987089,False,test
0.4471036218810851,1,0.0338399853974443,0.8858131487889274,7.450724143594792e-05,1.0,2021-10-12,Karachi,0.0102008731857416,-9.504614236819899,-3.386112175761811,-0.981947190186646,0.18915526872004093,False,test
0.5393480759801506,1,0.0325663867025851,1.0,4.6573826858549494e-05,1.0,2021-10-19,Karachi,0.0266592160429699,-9.974471830016084,-3.42447460528375,-0.9521140536681102,0.3057430764672831,False,test
0.644039032862674,1,0.0351680600155836,0.8373702422145328,7.113843386081074e-05,1.0,2021-10-26,Karachi,0.0055736379032581,-9.550882806575096,-3.3476169942228124,-0.9084917035725082,0.41790288888678667,False,test
0.5328127896539194,1,0.0428850026631711,0.7508650519031141,7.188646796916106e-05,1.0,2021-11-02,Karachi,0.0223113857301109,-9.540422517220657,-3.14923310243946,-0.8517119107469189,0.5240103253675756,False,test
0.2682191084037829,1,0.0375217493533482,0.8235294117647058,8.124423401369065e-05,1.0,2021-11-09,Karachi,0.0098444385798757,-9.418050705257977,-3.2828345313748155,-0.7825970017677834,0.6225286602431057,False,test
0.6437635173816713,1,0.0397822795648991,0.9757785467128028,6.133426099899304e-05,1.0,2021-11-16,Karachi,0.0072877770840307,-9.699171964154198,-3.224333702902033,-0.7021479494046978,0.712031078778713,False,test
0.2184269337154303,1,0.037454823045338,0.8166089965397924,6.655578332692454e-05,1.0,2021-11-23,Karachi,0.0543998660459934,-9.617470114916575,-3.28461979105379,-0.6115298757991053,0.7912213413483807,False,test
0.267377936686227,1,0.0379177553830412,0.8546712802768166,6.118851781836093e-05,1.0,2021-11-30,Karachi,0.01115548315056,-9.701551003395373,-3.27233579683252,-0.5120551783114646,0.8589525565270845,False,test
0.3826439828603538,1,0.0383148164850644,0.8927335640138409,7.494594887108348e-05,1.0,2021-12-07,Karachi,0.0064430136603732,-9.498743385962758,-3.261918604208082,-0.4051645224207563,0.9142437912130223,False,test
0.2704164094835259,1,0.0352982214283735,0.9065743944636678,7.809167231164271e-05,1.0,2021-12-14,Karachi,0.0043771675598704,-9.457627135335963,-3.343922700777566,-0.29240597695107734,0.9562942772197719,False,test
-0.4094425274177413,1,0.0369261855726663,0.9965397923875432,5.303532921858279e-05,1.0,2021-12-21,Karachi,14.660563225023049,-9.844552277454074,-3.2988343434926892,-0.17541259380427843,0.9844950085880858,False,test
0.1784517646650033,1,0.0396401271505638,0.8927335640138409,5.4998050667435075e-05,1.0,2021-12-28,Karachi,0.0320608729156484,-9.808212815770172,-3.2279133618927043,-0.05587875690537313,0.9984375616565666,False,test
-0.3122113057095452,1,0.0310652209382417,0.9792387543252596,5.9079599812053414e-05,1.0,2022-01-04,Karachi,23.15499719689757,-9.736624873985962,-3.4716663833642416,0.06875540848113941,0.9976335468520451,False,test
-0.1124248057006506,1,0.0369736908572713,0.7647058823529411,7.623837689914325e-05,1.0,2022-01-11,Karachi,0.0534952966192619,-9.481645588205609,-3.297548677171078,0.18809941761179758,0.9821499931752291,False,test
0.7104233816490776,1,0.0346579333309498,1.0,5.626274026849311e-05,1.0,2022-01-18,Karachi,0.0360352015575142,-9.785478048863462,-3.362228623392519,0.3047192331091634,0.9524422234305676,False,test
0.2514780437128263,1,0.0346116481978095,0.9619377162629758,8.7536829120775e-05,1.0,2022-01-25,Karachi,0.0125139464075013,-9.343450948918617,-3.3635650004575224,0.4169258813287287,0.908940487313808,False,test
0.2699522429328252,1,0.0344310227356369,1.0,5.8122441965194385e-05,1.0,2022-02-01,Karachi,0.2135509715881605,-9.752958704226144,-3.368797297291097,0.5230943033491326,0.8522748088519838,False,test
-0.0284110510330829,1,0.0346114659458627,0.8961937716262975,6.754887036452103e-05,1.0,2022-02-08,Karachi,0.7282097489544831,-9.602659216650952,-3.363570266096003,0.6216868902665479,0.7832658619336791,False,test
0.4709766631717098,1,0.0378054951686043,0.7889273356401384,6.053360462620255e-05,1.0,2022-02-15,Karachi,0.0021601554003325,-9.71231189876484,-3.27530081209169,0.7112757519738152,0.7029130847082615,False,test
0.3565926445662858,1,0.0360376310939513,0.8166089965397924,7.32469866119307e-05,1.0,2022-02-22,Karachi,0.0056365433826405,-9.521673449316982,-3.3231915783148662,0.7905633969115482,0.612380204990065,False,test
0.3706466282591975,1,0.0356808644510629,0.8754325259515571,6.169169092087953e-05,1.0,2022-03-01,Karachi,0.0428402134571472,-9.693361305151125,-3.3331407436752847,0.8584015232918917,0.512978386299228,False,test
0.8087596089324146,1,0.0384114625942229,0.7820069204152249,5.631612581355448e-05,1.0,2022-03-08,Karachi,0.0094440949754611,-9.784529637302377,-3.2593993588743384,0.9138076496466615,0.4061472386305789,False,test
0.826236546980037,1,0.0371693944597492,1.0,3.4610488709218095e-05,1.0,2022-03-15,Karachi,0.0202768333081147,-10.271353779953897,-3.2922695859073943,0.9559793438440766,0.2934339689665273,False,test
0.7958229246504694,1,0.0345016053548185,1.0,3.823467775554941e-05,1.0,2022-03-22,Karachi,0.028501480109695,-10.171767659500217,-3.3667494240036793,0.984305844499033,0.17647097349152166,False,test
0.8794029824909181,1,0.0339418105365241,1.0,5.976522351176328e-05,1.0,2022-03-29,Karachi,0.0073129267157412,-9.725086612797547,-3.3831076753860128,0.998376906467142,0.056952196034039754,False,test
0.6402392101473285,1,0.0342876407236928,1.0,3.657964725086637e-05,1.0,2022-04-05,Karachi,0.0060220085806861,-10.216018558272042,-3.3729703184995596,0.9979887423155984,-0.06339140486951038,False,test
1.0185949734600337,1,0.0331794329386367,1.0,3.0251499751014557e-05,1.0,2022-04-12,Karachi,0.0335338930009068,-10.405964796170464,-3.4058250848228835,0.9831469737221499,-0.1828169249850199,False,test
1.1131142252083577,1,0.0312621415055147,1.0,3.106628193722473e-05,1.0,2022-04-19,Karachi,0.392928763203606,-10.379387509012433,-3.4653474500807837,0.9540665500578387,-0.2995947563972602,False,test
1.0529979224583943,1,0.0311595757523853,1.0,2.5243335564230088e-05,1.0,2022-04-26,Karachi,0.0134998270691431,-10.586948375130977,-3.4686336732075365,0.9111686353326631,-0.41203363695942635,False,test
1.7113900618934976,1,0.0316889172801198,1.0,1.9267254966570945e-05,1.0,2022-05-03,Karachi,0.0286689981421052,-10.857103536823116,-3.4517882718421578,0.8550745085896932,-0.518505144391157,False,test
1.3652282632326296,1,0.0315540825821662,1.0,2.751172743263616e-05,1.0,2022-05-10,Karachi,0.0147519994689778,-10.50089819210074,-3.456052297980806,0.7865965660866021,-0.6174672802835514,False,test
1.53758839023562,1,0.0317791709390282,1.0,1.9589613960740017e-05,1.0,2022-05-17,Karachi,0.2230113418737281,-10.840511032136648,-3.4489442057208315,0.7067265555776159,-0.7074868024503348,False,test
1.87810922033328,1,0.0303723355702622,1.0,1.661457685778228e-05,1.0,2022-05-24,Karachi,0.5439816291577007,-11.005230123964276,-3.4942230990203105,0.6166212130956382,-0.7872599821916922,False,test
1.2019143512555133,1,0.0307794549765769,1.0,2.1524173970865684e-05,1.0,2022-05-31,Karachi,0.1049830072524312,-10.746333883724082,-3.480907857791954,0.5175855102531889,-0.8556314858488706,False,test
1.195882030710148,1,0.0309193704628505,1.0,2.200449884107035e-05,1.0,2022-06-07,Karachi,2.147395242312098,-10.72426363273583,-3.4763724156626035,0.4110537546870351,-0.9116111071930239,False,test
1.5994444894273143,1,0.0306625063184448,1.0,1.9576687437042485e-05,1.0,2022-06-14,Karachi,4.198341973365912,-10.8411711161224,-3.484714663333309,0.2985688173637202,-0.9543881083175908,False,test
1.546764873412521,1,0.0318500422292057,1.0,3.5720362965501314e-05,1.0,2022-06-21,Karachi,0.8575748648900366,-10.23978964059939,-3.446716571087114,0.18175978759137534,-0.9833429613388902,False,test
0.503979602916466,1,0.0351683422551274,0.9792387543252596,2.5212740917023526e-05,1.0,2022-06-28,Karachi,26.08409834398455,-10.588161099270062,-3.3476089688039767,0.062318379354325076,-0.998056320853012,False,test
-0.7200076048382018,1,0.0298294598309661,0.9930795847750864,3.292648305604952e-05,0.9619377162629758,2022-07-05,Karachi,174.2698442582838,-10.321233267885438,-3.512258788867304,-0.05802556932878035,-0.9983150972033183,False,test
-0.2368615319234808,1,0.0299539499017708,1.0,3.653688029005284e-05,1.0,2022-07-12,Karachi,30.804018408780703,-10.217188388599853,-3.5080940799188136,-0.17752914918703497,-0.984115542601034,False,test
-0.137475092773139,1,0.0304994271390449,1.0,2.2467803810529632e-05,0.972318339100346,2022-07-19,Karachi,61.94985742109874,-10.703427215283002,-3.490047377871558,-0.2944616217868012,-0.9556633054034704,False,test
-0.0150154226865633,1,0.0289629794303564,1.0,1.45286925990143e-05,0.8442906574394463,2022-07-26,Karachi,28.53297446669909,-11.139385063851375,-3.541736835874024,-0.4071294853542516,-0.9133704517637858,False,test
0.1408537211575887,1,0.0301850064296908,1.0,2.7705914626813536e-05,1.0,2022-08-02,Karachi,8.154298623443037,-10.493864643130378,-3.500409953724302,-0.5139010013093103,-0.8578494977869301,False,test
-0.6615615067665841,1,0.0296642119315791,0.9965397923875432,3.282387175557247e-05,0.8200692041522492,2022-08-09,Karachi,81.70865821419295,-10.324354509864301,-3.5178139452209267,-0.6132298262997502,-0.7899045386224707,False,test
-0.08410498225768,1,0.0314187808700133,0.8754325259515571,2.410222049714531e-05,0.8823529411764706,2022-08-16,Karachi,59.26395197810425,-10.633206584900991,-3.4603494479891337,-0.7036774074790128,-0.7105196029692745,False,test
0.350758104814829,1,0.0311049603871652,1.0,2.052958619694712e-05,1.0,2022-08-23,Karachi,49.625553060499385,-10.79364348315473,-3.4703879745358104,-0.7839338166829201,-0.620844401650647,False,test
-0.2548379125450527,1,0.0297717050260719,1.0,2.3462474963710994e-05,1.0,2022-08-30,Karachi,1.9214200029888848,-10.660108223128999,-3.514196832296826,-0.8528367217694595,-0.522177676659508,False,test
-0.0006067258246191,1,0.0328012313777933,0.972318339100346,4.437022617059745e-05,1.0,2022-09-06,Karachi,2.764474526059874,-10.022941895209899,-3.417289222290829,-0.9093882203647925,-0.4159483918249421,False,test
0.0388812637720078,1,0.0294599961666345,1.0,3.400057996215426e-05,1.0,2022-09-13,Karachi,1.2665403955743808,-10.289132975783174,-3.52472199806869,-0.9527692922168511,-0.30369503751065885,False,test
0.0498068436430313,1,0.0292996714835196,1.0,2.173915483891041e-05,1.0,2022-09-20,Karachi,1.8034139488471004,-10.736395552881984,-3.5301789751885386,-0.9823516608469237,-0.18704334906991657,False,test
0.0615241837882792,1,0.0283860888540882,1.0,2.7218893027871343e-05,1.0,2022-09-27,Karachi,0.4078855036308327,-10.511599229169985,-3.561856082901832,-0.9977068927101168,-0.06768276175455162,False,test
-0.0225689806204452,1,0.0313123410486596,0.8996539792387543,5.2622516466133625e-05,1.0,2022-10-04,Karachi,0.0508002635115996,-9.852366460117947,-3.4637429764402503,-0.9986126020839734,0.052658056924614005,False,test
0.1549500425754658,1,0.0304086397897602,0.8131487889273357,5.694132482343887e-05,1.0,2022-10-11,Karachi,0.0051513016678939,-9.773489209376997,-3.493028507337624,-0.9850556718215013,0.172236243027682,False,test
0.1821195978857245,1,0.031303539466314,0.7439446366782007,4.519078691153681e-05,1.0,2022-10-18,Karachi,0.0340373724037151,-10.004617321292901,-3.4640241058384533,-0.957232443323312,0.2893199776186952,False,test
-0.0723314675166346,1,0.0320661822334946,0.9757785467128028,3.702606069967797e-05,1.0,2022-10-25,Karachi,0.0868490465787847,-10.203888550018792,-3.439953317156277,-0.9155458729775467,0.40221356823680365,False,test
-0.3885362264849623,1,0.0305159779186116,0.8823529411764706,3.446926903436669e-05,1.0,2022-11-01,Karachi,0.1852986504707912,-10.275442383509878,-3.48950486635477,-0.8605996962501181,0.5092820071573356,False,test
-0.1089594473044436,1,0.0345344347981533,0.8996539792387543,4.8254408433696426e-05,1.0,2022-11-08,Karachi,0.0830327495212928,-9.939023367851464,-3.365798342634101,-0.7931896839451843,0.6089746507720486,False,test
-0.2139832015581675,1,0.035300845257915,0.8339100346020761,5.109689415582514e-05,1.0,2022-11-15,Karachi,0.018236556930533,-9.881786842331227,-3.3438483703461346,-0.7142921172691032,0.699847677146407,False,test
-0.1894645568061468,1,0.0346417124649212,0.8235294117647058,6.928021976434501e-05,1.0,2022-11-22,Karachi,0.0043248200594102,-9.577351121596982,-3.362696760455517,-0.6250496486104377,0.7805849965070866,False,test
0.1058079280010549,1,0.0339925667424385,0.8235294117647058,5.74351355061071e-05,1.0,2022-11-29,Karachi,0.0048244962986644,-9.764854325074712,-3.3816134034903502,-0.5267547528105542,0.8500173118187018,False,test
-0.0829713432216107,1,0.0377184927702861,0.7577854671280276,5.521166186561499e-05,1.0,2022-12-06,Karachi,0.0069114027155222,-9.804336361313245,-3.277604780385171,-0.42083100859565564,0.9071390534005044,False,test
-0.0613736693847803,1,0.0338858355038243,0.9792387543252596,6.232782062244966e-05,1.0,2022-12-13,Karachi,0.00644690830498,-9.683102672900812,-3.3847581836573353,-0.30881248126625377,0.9511229423235357,False,test
-0.0079118244115243,1,0.0344643851798021,0.8235294117647058,7.538043914099366e-05,1.0,2022-12-20,Karachi,0.0098737401518308,-9.492962744445867,-3.3678288017764486,-0.19232150523909483,0.9813319716704275,False,test
-0.0215521640269977,1,0.0368215380277836,0.8442906574394463,5.047750174616808e-05,1.0,2022-12-27,Karachi,0.018439227870661,-9.893982830928884,-3.3016723325182804,-0.07304518821104743,0.9973286321364752,False,test
-0.0868980383922061,1,0.0352991495750217,0.7820069204152249,5.447854366767738e-05,1.0,2023-01-03,Karachi,0.0094582059659842,-9.817703627984029,-3.343896406692246,0.051584366869408364,0.9986686402879997,False,test
0.1791470793492931,1,0.034414989467676,1.0,6.658375596663286e-05,1.0,2023-01-10,Karachi,0.0542646459859674,-9.617049914572359,-3.3692630691706187,0.17117705961019986,0.985240282501282,False,test
0.1753439062175292,1,0.0343829334009694,0.8719723183391004,6.582849192799861e-05,1.0,2023-01-17,Karachi,0.0055906162579333,-9.628457805329628,-3.370194959776899,0.2882906407095177,0.9575429528116719,False,test
-0.1068191244104755,1,0.0324051469165315,0.7058823529411765,6.550870843280939e-05,1.0,2023-01-24,Karachi,0.0144031514826952,-9.633327470987895,-3.429438013351541,0.4012289854475009,0.9159777842484877,False,test
0.0566321105966046,1,0.0364328359979982,0.7923875432525952,5.519197542176837e-05,1.0,2023-01-31,Karachi,0.0090923958172256,-9.804692988042925,-3.31228482311907,0.5083564379375122,0.8611467540480452,False,test
0.2529279520263242,1,0.0343382180996626,0.9134948096885812,4.24089201325026e-05,1.0,2023-02-07,Karachi,0.00931604851377,-10.068151837369681,-3.3714963147932484,0.6081214998935418,0.7938439653781019,False,test
0.0136921152013573,1,0.0342446373180245,0.8166089965397924,6.035508827910142e-05,1.0,2023-02-14,Karachi,0.010828277550986,-9.715265301147992,-3.374225301189213,0.6990793005655562,0.7150441465537444,False,test
-0.0110132175074119,1,0.035018789132705,0.8027681660899654,3.3369725838522104e-05,1.0,2023-02-21,Karachi,0.025299866478379,-10.30786148104169,-3.3518705291726674,0.7799125224167177,0.6258885343075018,False,test
0.1717368512607774,1,0.0351457747952207,0.7820069204152249,4.5234084144492685e-05,1.0,2023-02-28,Karachi,0.0151820061212381,-10.003659681303834,-3.348250872923044,0.8494504794814806,0.527668345562516,False,test
-0.0779414698065048,1,0.0329980689686424,0.7058823529411765,5.047911172863168e-05,1.0,2023-03-07,Karachi,0.008853683038069,-9.893950936387094,-3.411306235329536,0.9066860720977985,0.4218060770826634,False,test
-0.0245335446889722,1,0.0319018276544852,0.9619377162629758,3.318676675898379e-05,1.0,2023-03-14,Karachi,3.8031432426702185,-10.31335935309745,-3.445091977588483,0.9507903724625832,0.3098349038318025,False,test
0.3080741826053919,1,0.0338802866896158,1.0,3.4026094605416345e-05,1.0,2023-03-21,Karachi,11.962276131386004,-10.288382839322125,-3.384921947320986,0.981124629771712,0.19337647441020586,False,test
0.1837664097860872,1,0.0339461535777372,0.9930795847750864,2.161615530457663e-05,1.0,2023-03-28,Karachi,0.7212925583629884,-10.742069592067548,-3.382979728075302,0.9972495210773451,0.07411742515094437,False,test
0.3636559552038555,1,0.0328712885485778,0.986159169550173,3.7735638228737055e-05,1.0,2023-04-04,Karachi,0.3037506036768845,-10.184905598928388,-3.4151556907181773,0.9989315138848577,-0.046215046983708354,False,test
0.4481657096312799,1,0.0327756604505397,1.0,2.9569162733990215e-05,1.0,2023-04-11,Karachi,0.1628884518498368,-10.428778539211944,-3.418069098489188,0.986146248341595,-0.16587819893463143,False,test
0.4397255188186982,1,0.0317078597957341,0.9584775086505192,2.4595230786058677e-05,1.0,2023-04-18,Karachi,0.3763809436584354,-10.61295800430669,-3.451190685748614,0.9590788900341131,-0.28313898122818354,False,test
-0.3887250820289147,1,0.032516228503736,0.9965397923875432,2.7934556700892067e-05,1.0,2023-04-25,Karachi,6.168625320799697,-10.485646044128705,-3.426015975697974,0.9181214482844365,-0.39629913726891813,False,test
0.4239908486822893,1,0.0339462356163239,0.9930795847750864,2.3687027378071668e-05,1.0,2023-05-02,Karachi,1.890171466279983,-10.650583027697602,-3.382977311351199,0.8638670987837349,-0.503719798736334,False,test
0.5203767321175938,1,0.0330154433518079,1.0,1.8604205404305744e-05,1.0,2023-05-09,Karachi,0.2232001889494962,-10.89212290579551,-3.410779846626498,0.7971015927871943,-0.6038452208771035,False,test
0.60667038253502,1,0.0306580462583878,1.0,1.7052370910474452e-05,1.0,2023-05-16,Karachi,0.7531405923109968,-10.979221307569372,-3.484860130387256,0.7187918772884232,-0.6952253139408723,False,test
0.7059600889560175,1,0.0294365774384309,1.0,1.2724165609304425e-05,1.0,2023-05-23,Karachi,0.1840813733012465,-11.2720075686556,-3.5255172473677354,0.6300720909843687,-0.7765366444428655,False,test
0.70431208814266,1,0.0302143455164139,1.0,1.5190388062673054e-05,1.0,2023-05-30,Karachi,1.341946986791569,-11.094847694436503,-3.4994384502864224,0.5322271388474397,-0.8466016020976267,False,test
0.8748969391446438,1,0.0299166736675103,1.0,2.4075190047074465e-05,1.0,2023-06-06,Karachi,0.3545164138298891,-10.634328706351763,-3.5093393062703995,0.42667408318992467,-0.9044054548343001,False,test
-0.1434554550510673,1,0.0275327139435183,0.9653979238754326,1.7734954806610773e-05,1.0,2023-06-13,Karachi,18.592288733839943,-10.93997301800183,-3.592380383374478,0.31494162072895193,-0.9491110448902284,False,test
0.6977178209138464,1,0.0320486252393699,1.0,2.0525071367701036e-05,1.0,2023-06-20,Karachi,2.3358624491336517,-10.793863425520936,-3.4405009907828714,0.19864794288017112,-0.9800709131432666,False,test
0.8812863331656363,1,0.0312971249789781,1.0,2.3539955767847817e-05,1.0,2023-06-27,Karachi,2.00678970351734,-10.656811335154817,-3.4642290393616095,0.07947729992362097,-0.9968366760893436,False,test
1.6037207874078565,1,0.0322673455951604,1.0,2.539539553678294e-05,1.0,2023-07-04,Karachi,2.9217469266974163,-10.580942678452052,-3.4336995324167514,-0.04084439154329611,-0.9991655196610109,False,test
1.9230834370978065,1,0.0330653249777775,1.0,2.1406721298677177e-05,1.0,2023-07-11,Karachi,1.255156343342794,-10.751805605871633,-3.4092701294514436,-0.16057454459499376,-0.9870237158387383,False,test
0.0888372286753794,1,0.0335877368196262,0.9411764705882352,2.893762947690164e-05,1.0,2023-07-18,Karachi,81.04339590787274,-10.450367751764059,-3.3935942542391486,-0.2779791393987801,-0.9605871111248129,False,test
0.4058058952310018,1,0.030123671054039,1.0,2.426695840893189e-05,0.9792387543252596,2023-07-25,Karachi,9.844338617573106,-10.626394869155916,-3.502444002533133,-0.3913578365610259,-0.9202385798054075,False,test
1.031793634225071,1,0.0319854670463998,0.986159169550173,1.9155703480065835e-05,0.7508650519031141,2023-08-01,Karachi,5.195782148980646,-10.862910054823498,-3.4424736341419426,-0.4990686026885319,-0.8665624788845385,False,test
1.5194571905107588,1,0.0351064551045272,0.9930795847750864,1.6123349013753734e-05,0.314878892733564,2023-08-08,Karachi,3.898452958771667,-11.035242087268273,-3.349370259307087,-0.5995514915196489,-0.8003361849976323,True,test
1.3887781642454502,1,0.0327714003491369,1.0,2.079029619675009e-05,1.0,2023-08-15,Karachi,1.9094972490227369,-10.781024209117914,-3.4181990845284345,-0.6913512362094071,-0.722518835873311,False,test
1.5243808707171107,1,0.034099971858022,1.0,1.995543012865996e-05,1.0,2023-08-22,Karachi,4.846016269029939,-10.822009264764286,-3.3784587199709537,-0.7731383255706027,-0.6342374393978054,False,test
0.770769107494962,1,0.0324046988674337,1.0,2.4542048250617223e-05,1.0,2023-08-29,Karachi,1.7594789500878985,-10.61512265636926,-3.4294518399265743,-0.8437282590292712,-0.5367705514607103,False,test
0.5028275192639383,1,0.0321719298825632,1.0,2.96703472077333e-05,1.0,2023-09-05,Karachi,0.4488882660989547,-10.425362421413423,-3.4366609493980174,-0.9020987014301837,-0.4315297589714715,False,test
0.1554274258052816,1,0.0346677088307539,1.0,2.962774710764473e-05,1.0,2023-09-12,Karachi,1.959608398386703,-10.426799233436107,-3.361946606535146,-0.9474042892438845,-0.32003923622313857,False,test
0.4794320388365746,1,0.0347105300985446,1.0,3.358560713222749e-05,1.0,2023-09-19,Karachi,15.044480401667602,-10.301412941927005,-3.3607121770111577,-0.9789888737409319,-0.20391367068311472,False,test
0.5500178457566973,1,0.0334174653938265,0.8512110726643599,4.970311344419558e-05,1.0,2023-09-26,Karachi,0.0266539889325342,-9.909442982071365,-3.398676599689572,-0.9963950238187231,-0.08483487790576538,False,test
0.0827121237728103,1,0.0312837228475428,1.0,2.894572789546872e-05,1.0,2023-10-03,Karachi,1.1065647290322436,-10.450087933212146,-3.464657353521793,-0.9993706508539969,0.03547255575312556,False,test
0.6581987054277244,1,0.0306415141512595,1.0,2.411024550598141e-05,1.0,2023-10-10,Karachi,2.500450539047352,-10.63287368307806,-3.4853995178614445,-0.9878726596350429,0.15526624985999563,False,test
0.1128780072178711,1,0.0333016506617253,0.8166089965397924,3.838385676993222e-05,1.0,2023-10-17,Karachi,1.2228239665739613,-10.167873583378373,-3.4021483138030817,-0.9620675724981452,0.27281126433401914,False,test
-0.046500866194335,1,0.0327366057783442,0.7162629757785467,4.565070735432488e-05,1.0,2023-10-24,Karachi,0.1626017139826316,-9.994491455877412,-3.419261384424941,-0.9223291176290545,0.3864052261209853,False,test
0.3715365268700042,1,0.0369306127203343,0.740484429065744,4.975853639231114e-05,1.0,2023-10-31,Karachi,0.1169235651140132,-9.90832852330373,-3.298714458857134,-0.8692328164574792,0.4944029842076182,False,test
0.0393925537226964,1,0.0376010015697666,0.903114186851211,5.980042270916883e-05,1.0,2023-11-07,Karachi,0.0185285865180656,-9.724497828317473,-3.2807245914472674,-0.8035476485339116,0.5952404359043674,False,test
0.1337529714069638,1,0.0415607572020859,0.71280276816609,4.750692855248521e-05,1.0,2023-11-14,Karachi,0.0081895913304208,-9.95463499329799,-3.180598893425122,-0.7262249146041543,0.6874571793269664,False,test
0.1930496904878051,1,0.0455081398166812,0.8339100346020761,4.747935901736483e-05,1.0,2023-11-21,Karachi,6.173947812637487,-9.955215488369435,-3.0898640719554886,-0.6383844591746642,0.769717664006921,False,test
0.182621383043439,1,0.0423522937076392,0.7785467128027682,4.535950734898472e-05,1.0,2023-11-28,Karachi,0.0034344817955276,-10.000890759516793,-3.1617326986036254,-0.5412984521036173,0.8408305333122887,False,test
-0.0546368798988999,1,0.0380764222856206,0.8096885813148789,4.6185752917641346e-05,1.0,2023-12-05,Karachi,0.0064307601519431,-9.98283918584101,-3.2681600260562855,-0.4363729641045924,0.8997658785476209,False,test
-0.1931311301974964,1,0.0402668032200227,0.7854671280276817,5.991983752738124e-05,1.0,2023-12-12,Karachi,0.0105266364315721,-9.722502930251288,-3.212227890929553,-0.3251276029999093,0.9456701548465688,False,test
0.1471185092714703,1,0.0373735602626385,0.7993079584775087,5.577946873090583e-05,1.0,2023-12-19,Karachi,0.0052666085321619,-9.794104700175547,-3.2867917694142315,-0.20917350564635637,0.9778785428342386,False,test
-0.2267872686585535,1,0.0385767956046147,0.7335640138408305,5.9194849274950566e-05,1.0,2023-12-26,Karachi,0.0059962268501578,-9.734676025350211,-3.25510433341406,-0.09019000427034513,0.9959245770286599,False,test
-0.1586792234772701,1,0.0413279418554421,0.9930795847750864,5.0217771545547514e-05,1.0,2024-01-02,Karachi,0.1076721415838619,-9.899141579063519,-3.1862164495343532,0.03439806061360801,0.9994082116062598,False,test
-0.0038203819572515,1,0.0364554051885299,0.9238754325259516,5.06604590107474e-05,1.0,2024-01-09,Karachi,0.0049133323042704,-9.89036485281696,-3.311665541026771,0.1542040475626894,0.988039023376751,False,test
-0.2177662548507177,1,0.0427535028745177,0.9100346020761244,6.379071924109183e-05,1.0,2024-01-16,Karachi,0.5328493392967708,-9.659902844635365,-3.152304148370941,0.2717767384711357,0.9623603298276545,False,test
-0.4081734881458325,1,0.0442844566229933,0.8027681660899654,5.418344223922398e-05,1.0,2024-01-23,Karachi,0.7961184503979477,-9.823135189932648,-3.117121529797148,0.38541335945432564,0.9227440286201427,False,test
-0.0985573936961683,1,0.0370188193990699,0.9930795847750864,3.9550172482053826e-05,1.0,2024-01-30,Karachi,7.843026995245555,-10.137940502646243,-3.2963288632402357,0.49346814167723735,0.8697638720650646,False,test
-0.097382957731061,1,0.0373901012782052,0.8027681660899654,4.7904349004566255e-05,1.0,2024-02-06,Karachi,0.0594402431536007,-9.946304264254133,-3.2863492812991315,0.5943761565849831,0.804187157621448,False,test
-0.2043340002424428,1,0.0363090298606871,0.8581314878892734,4.852768014769453e-05,1.0,2024-02-13,Karachi,0.0943570755575674,-9.933376198127503,-3.3156888121533408,0.6866759803451553,0.726963615332308,False,test
0.1929200567287874,1,0.0378750730205497,0.9515570934256056,4.333238170017559e-05,1.0,2024-02-20,Karachi,0.361477858074739,-10.046610357183122,-3.2734620872191567,0.7690308592589181,0.6392116531380588,False,test
-0.1301080764945051,1,0.0342497327836305,0.7820069204152249,4.44217657960098e-05,1.0,2024-02-27,Karachi,4.426434183591806,-10.021780988014122,-3.3740765162421336,0.8402480696078469,0.5422021592729844,False,test
-0.1180283657616148,1,0.0381635499754455,0.8269896193771626,4.3827686293545254e-05,1.0,2024-03-05,Karachi,0.6638218287288642,-10.035244833118888,-3.26587440802231,0.8992961915530253,0.4373400963303323,False,test
0.6182138502872261,1,0.0360756455968823,0.8442906574394463,4.109057209456528e-05,1.0,2024-03-12,Karachi,0.0074878379950157,-10.099731852202499,-3.32213727851886,0.945320046913132,0.3261441535642696,False,test
0.3616473248661785,1,0.0337688073726599,0.8512110726643599,2.799877777110544e-05,1.0,2024-03-19,Karachi,0.0138624421941706,-10.483349699773752,-3.388217761386559,0.9776530844816641,0.2102247521189836,False,test
0.0842868477728073,1,0.0347431189048142,0.9204152249134948,2.6320799549039717e-05,1.0,2024-03-26,Karachi,0.0053854843364364,-10.545151073965531,-3.359773743706965,0.9958270335100595,0.09126072172931188,False,test
0.0537712164889966,1,0.0333845194217413,0.9930795847750864,2.327831140515864e-05,1.0,2024-04-02,Karachi,0.0754429630584856,-10.667988471874436,-3.39966297681137,0.9995786855478958,-0.029025013321975237,False,test
-0.178177030131885,1,0.0360909373199436,0.9134948096885812,1.8679309855223736e-05,1.0,2024-04-09,Karachi,3.387314747830369,-10.88809407149792,-3.321713488928939,0.9888537064205885,-0.1488903868564548,False,test
-0.0381121164510411,1,0.0326706881364965,1.0,2.610960953196354e-05,1.0,2024-04-16,Karachi,3.8045488662685383,-10.553207130096444,-3.421276990337343,0.9638074231367307,-0.26659942067929354,False,test
0.325247023752125,1,0.0344295858877661,0.9965397923875432,2.4020686933763785e-05,1.0,2024-04-23,Karachi,0.1300217285741035,-10.636595143313212,-3.368839029361136,0.9248025743285089,-0.38044736628785164,False,test
0.2959288902867137,1,0.0353759015871673,0.9480968858131488,2.756834811670714e-05,1.0,2024-04-30,Karachi,0.0100876923274566,-10.4988422506936,-3.341724436780479,0.8724040568049612,-0.48878539428899265,False,test
0.3267446097332923,1,0.0360400216222558,1.0,2.323451030230704e-05,1.0,2024-05-07,Karachi,0.045603856689081,-10.669871871513127,-3.323125246290576,0.8073707443023492,-0.5900444739548627,False,test
0.3440788498139732,1,0.0355386606207978,1.0,2.4571961989230532e-05,1.0,2024-05-14,Karachi,0.0123918611082669,-10.613904521577735,-3.3371341434937047,0.7306444969184916,-0.6827580970759147,False,test
0.8231897721817196,1,0.0372097025880829,1.0,2.1136853772526756e-05,1.0,2024-05-21,Karachi,0.016875223607688,-10.764492416766275,-3.2911857294509557,0.6433365204044917,-0.765583517007675,False,test
1.08274578898397,1,0.0343146265759809,1.0,2.6686206444136757e-05,1.0,2024-05-28,Karachi,0.1978655047633319,-10.531363738627473,-3.3721835849193957,0.5467112728685939,-0.8373211953118121,False,test
0.7180682549489346,1,0.0325673620141179,1.0,1.6946195010232494e-05,1.0,2024-06-04,Karachi,0.3188535683143415,-10.985467232510057,-3.424444657321224,0.44216815196707204,-0.8969321743510065,False,test
0.4519750659043287,1,0.033906940268178,1.0,1.966648220871095e-05,1.0,2024-06-11,Karachi,1.5168129895964535,-10.836594781988737,-3.384135557874716,0.3312212278016865,-0.9435531242349544,False,test
1.2439294752424666,1,0.0354397677552448,1.0,2.6817132240164132e-05,1.0,2024-06-18,Karachi,1.0382145168765644,-10.526469611996129,-3.339920706448309,0.21547731504673012,-0.976508846196619,False,test
-0.1304647720546839,1,0.0376576030793599,1.0,4.135561679796395e-05,1.0,2024-06-25,Karachi,1.5149189437854236,-10.093302310218439,-3.279220404104722,0.0966127018812031,-0.9953220513156602,False,test
1.1082590675740982,1,0.0341191560957679,1.0,2.2383454911373767e-05,1.0,2024-07-02,Karachi,1.6934507765295264,-10.707188492045404,-3.377896290082826,-0.023651127245231586,-0.9997202729664083,False,test
1.251266574577088,1,0.0324470460921005,1.0,2.714010262072764e-05,1.0,2024-07-09,Karachi,11.388994287357244,-10.514498122403033,-3.4281458694947213,-0.1435724234118113,-0.9896398128792412,False,test
-0.3343116333853808,1,0.035491361956355,0.9826989619377162,3.788895311499062e-05,1.0,2024-07-16,Karachi,4.7186936887891635,-10.180850962901358,-3.3384659372822383,-0.2614143985111562,-0.965226663665613,False,test
-0.205308675624674,1,0.0339191185869266,0.9757785467128028,2.0802343595324544e-05,1.0,2024-07-23,Karachi,12.513224014816368,-10.780444904751969,-3.383776453451282,-0.3754703786876202,-0.9268343944460494,False,test
-0.3259851030271611,1,0.0328586965494384,0.9411764705882352,2.0714587366093397e-05,0.8304498269896193,2024-07-30,Karachi,27.365710057982497,-10.784672402203984,-3.415538833944961,-0.48408852163897587,-0.8750190302029955,False,test
0.0948933442927048,1,0.0326756243856927,1.0,1.443824432025781e-05,0.8996539792387543,2024-08-06,Karachi,7.949501419281193,-11.145630016361265,-3.4211259106814276,-0.5856957398073508,-0.8105309990194823,False,test
-0.4751206402734544,1,0.0330363043083093,1.0,2.1579223577161113e-05,0.9688581314878892,2024-08-13,Karachi,19.77195765413164,-10.743779577597056,-3.4101481916609897,-0.6788204829862357,-0.734304263829602,False,test
0.3427001845496892,1,0.0326391324502607,1.0,2.2352376189289747e-05,1.0,2024-08-20,Karachi,7.1039517676113775,-10.708577925361796,-3.422243328581971,-0.7621140503891487,-0.6474427960827475,False,test
-0.433419093924739,1,0.0316415048002333,0.9411764705882352,2.925568054346469e-05,1.0,2024-08-27,Karachi,89.67301886927739,-10.439436796527895,-3.453285577155685,-0.8343701235229537,-0.5512045872199277,False,test
0.394692440823055,1,0.0332380721959889,1.0,2.678924117748291e-05,1.0,2024-09-03,Karachi,0.6903557704739122,-10.527510199650909,-3.404059307187315,-0.8945422369764496,-0.4469834295196742,False,test
0.4670426995804984,1,0.0334176313442817,1.0,2.4028496490761756e-05,1.0,2024-09-10,Karachi,1.0645429926948038,-10.636270078181607,-3.3986716337221896,-0.9417589340994617,-0.33628873017668287,False,test
0.0273759666608996,1,0.0336124879551147,1.0,2.835462062908636e-05,1.0,2024-09-17,Karachi,0.0535916480085167,-10.470720555918192,-3.3928576157326344,-0.9753363880767837,-0.2207236509605022,False,test
-0.0634157981112443,1,0.0339416035312212,1.0,2.7199471230934785e-05,1.0,2024-09-24,Karachi,0.0797273038275102,-10.512313024890444,-3.383113774233743,-0.994788305609327,-0.10196189005174576,False,test
0.1335629754967588,1,0.0331882019553632,0.9619377162629758,2.668299502690274e-05,1.0,2024-10-01,Karachi,0.4385129775445465,-10.531484085837077,-3.405560829006278,-0.999832969770105,0.018276557681691223,False,test
-0.1960885788525653,1,0.0354301875455356,0.9134948096885812,5.892064030813539e-05,1.0,2024-10-08,Karachi,0.0904891561521174,-9.739319099013155,-3.340191066708222,-0.9903973200352558,0.13825031091098192,False,test
-0.2282563604174078,1,0.0379561244452895,0.698961937716263,4.897594265519889e-05,1.0,2024-10-15,Karachi,0.0078900435349581,-9.924181346637456,-3.2713244062036027,-0.9666180104000972,0.2562218218071163,False,test
0.0182871628770469,1,0.0353066668256806,0.7612456747404844,4.2018506196856306e-05,1.0,2024-10-22,Karachi,0.0043506588841307,-10.077400412992363,-3.3436834709577554,-0.9288394302558068,0.3704825404820963,False,test
0.1564265418690427,1,0.0337579590901631,0.8096885813148789,3.54724208694219e-05,1.0,2024-10-29,Karachi,0.0536043629343066,-10.246755040325851,-3.388539064572196,-0.8776087166898392,0.4793776594606945,False,test
-0.2417124200467889,1,0.0345113787698338,1.0,3.163351820909895e-05,1.0,2024-11-05,Karachi,0.0279472007655449,-10.361293296699577,-3.3664661899078174,-0.8136678304455991,0.5813300798152042,False,test
-0.3212318094965451,1,0.0382997154175768,0.8581314878892734,4.667756115727872e-05,1.0,2024-11-12,Karachi,0.0079659139689559,-9.97224699789882,-3.262312813173617,-0.7379428103031386,0.6748632518680403,False,test
0.0076638129151691,1,0.0389213234358194,0.9307958477508652,4.502567159155342e-05,1.0,2024-11-19,Karachi,0.0213282377821269,-10.008277751043403,-3.246213018238874,-0.6515303615068021,0.75862255966641,False,test
-0.2717236631564723,1,0.0414011885773063,0.7439446366782007,4.953942844080674e-05,1.0,2024-11-26,Karachi,0.0096865728163484,-9.912741671296892,-3.1844456889662105,-0.5556819724760489,0.8313949395234058,False,test
0.0974503675225293,1,0.0392093980479991,0.8304498269896193,5.1220988788958034e-05,1.0,2024-12-03,Karachi,0.0086035765889391,-9.879361172635807,-3.2388388147978033,-0.451785789832884,0.8921264484954345,False,test
0.1029887782631834,1,0.0375403457834517,0.8339100346020761,5.148780242360237e-05,1.0,2024-12-10,Karachi,0.0047224425721026,-9.874165624490704,-3.2823390367992884,-0.34134651424503615,0.9399375283564133,False,test
0.0925300855260033,1,0.0381028506282492,0.889273356401384,5.504005477109219e-05,1.0,2024-12-17,Karachi,0.0038568885187828,-9.807449369225361,-3.2674661800092446,-0.22596360824801906,0.974135744004672,False,test
0.0044454151716033,1,0.0388579298391633,0.7889273356401384,5.316490663747257e-05,1.0,2024-12-24,Karachi,0.0060057856003936,-9.842112028952815,-3.247843108732785,-0.10730813165636247,0.9942258118156161,False,test
-0.0513349060926731,1,0.0389805646719653,0.7681660899653979,6.544245963305476e-05,1.0,2024-12-31,Karachi,0.1239686032539423,-9.634339280296434,-3.244692098810486,0.012901459949419653,0.9999167727021953,False,test
-0.0821244879995987,1,0.0381422620971282,0.9480968858131488,5.56472084038026e-05,1.0,2025-01-07,Karachi,0.006950810602961,-9.79647864495463,-3.2664323702087117,0.1201261651823505,0.9927586335250793,False,test
-0.2697765454989611,1,0.0414836940044955,0.7716262975778547,4.053861143751871e-05,1.0,2025-01-14,Karachi,0.0065110028895189,-10.113255669191583,-3.182454844511352,0.23851257519407648,0.9711394088771653,False,test
0.0327290732654332,1,0.0398268012963919,0.8027681660899654,5.138277422349264e-05,1.0,2025-01-21,Karachi,0.01111835031258,-9.876207573511044,-3.223215193916557,0.3534446712740877,0.9354554315134164,False,test
0.0671045215498132,1,0.0376168466858433,0.8131487889273357,5.2363938268193046e-05,1.0,2025-01-28,Karachi,0.0103755216135567,-9.857292404544966,-3.2803032787753805,0.4632579225674917,0.88622350294858,False,test
-0.0699992621808466,1,0.03580341979982,0.7612456747404844,4.525402621643401e-05,1.0,2025-02-04,Karachi,0.0064585100903894,-10.00321891461781,-3.329711865003081,0.5663619330814524,0.8241566360566663,False,test
0.2182761756335521,1,0.0397159745642274,0.7335640138408305,4.332528182489027e-05,1.0,2025-02-11,Karachi,0.0120306627226438,-10.046774217481504,-3.2260017902524436,0.6612634749656386,0.7501537286959042,False,test
0.0666960964317779,1,0.0375093526876886,0.8304498269896193,4.471288571535853e-05,1.0,2025-02-18,Karachi,0.0830160030318511,-10.01524882684976,-3.2831649720970004,0.746588114532413,0.6652865452111116,False,test
-0.1557609214298872,1,0.0391125515597493,0.8442906574394463,2.8106321548287984e-05,1.0,2025-02-25,Karachi,0.0090231860438373,-10.479516040794415,-3.2413118517457735,0.8211001178128892,0.5707841943569036,False,test
0.143374861476794,1,0.0389371450108823,0.7474048442906575,5.046505309283811e-05,1.0,2025-03-04,Karachi,0.0064537550201748,-9.894229479201517,-3.245806599371503,0.8837203473619977,0.4680153284438345,False,test
0.1806356089708781,1,0.0363465248844509,0.9377162629757786,4.004429405633045e-05,1.0,2025-03-11,Karachi,0.0080807258903636,-10.125524365103402,-3.3146566811008995,0.9335418911179212,0.35846832151248087,False,test
0.0356681817018977,1,0.0331820167188814,0.9930795847750864,3.615926024146601e-05,1.0,2025-03-18,Karachi,0.2963891677875756,-10.227577480573624,-3.4057472149071613,0.969843196967294,0.24372971360968387,False,test
0.356046311355961,1,0.0353501122910928,0.9965397923875432,3.860209932266912e-05,1.0,2025-03-25,Karachi,0.0074032395793617,-10.162203896374741,-3.3424537100931775,0.992098522791769,0.12546123335273648,False,test
0.3999604834750388,1,0.0350216940328502,1.0,2.7608270150228763e-05,1.0,2025-04-01,Karachi,0.0064569671849312,-10.497395187000974,-3.351787579997688,0.9999855506507186,0.005375731557583884,False,test
0.3935764907449285,1,0.0349661685782085,0.9757785467128028,2.1758728297292788e-05,1.0,2025-04-08,Karachi,0.0123357846661299,-10.735495579904345,-3.353374297014604,0.9933900548258936,-0.11478762552212701,False,test
0.6323604511126472,1,0.0352956133136221,1.0,2.4911415190160622e-05,1.0,2025-04-15,Karachi,0.0098938491156156,-10.60018441817384,-3.343996591500803,0.9724075561219968,-0.23328854407545518,False,test
0.545001648704769,1,0.033776334562856,1.0,2.498892838558061e-05,1.0,2025-04-22,Karachi,0.0093912508528942,-10.597077695766329,-3.3879948825825013,0.9373419384643772,-0.3484108069446808,False,test
1.259206099739535,1,0.0321505748611462,1.0,1.929585625338509e-05,1.0,2025-04-29,Karachi,0.2647105016557655,-10.855620187002332,-3.4373249478628374,0.8887010478292915,-0.45848712914008766,False,test
1.09134152321141,1,0.0343880945377762,1.0,2.676835756815238e-05,1.0,2025-05-06,Karachi,0.2501402467941369,-10.52829005576388,-3.370044863523544,0.8271893372462497,-0.5619233046832195,False,test
1.1170805742901166,1,0.0313659042796022,1.0,1.6843007165644137e-05,1.0,2025-05-13,Karachi,0.0351139333907237,-10.991574992310596,-3.462033826999288,0.753697664392914,-0.6572212950663319,False,test
1.423019730110401,1,0.0315661943673735,1.0,1.790610656690309e-05,1.0,2025-05-20,Karachi,0.1519093376133468,-10.93036875430665,-3.45566852953297,0.6692903895412567,-0.7430009249440493,False,test
1.4313254109910143,1,0.0309695076424589,1.0,2.2148453649962853e-05,1.0,2025-05-27,Karachi,0.0915963407214278,-10.717742876552906,-3.4747521830097754,0.5751899607119775,-0.8180198708443175,False,test
1.0221604725344395,1,0.0297752297415125,1.0,1.498471079686724e-05,1.0,2025-06-03,Karachi,0.3055342637670207,-11.108480156890245,-3.5140784478507254,0.47275920928627757,-0.881191653407483,False,test
1.139689829748397,1,0.032038772595782,1.0,3.1191692723687115e-05,1.0,2025-06-10,Karachi,0.7448546680563838,-10.375358757458201,-3.44080846601196,0.36348161248290634,-0.9316013725767187,False,test
0.9202930389138174,1,0.0345956233865242,1.0,2.7572199144119855e-05,1.0,2025-06-17,Karachi,2.561609224720917,-10.49870257027292,-3.3640280966381644,0.24893980855376657,-0.9685189578512204,False,test
-0.0016759459559674,1,0.0336355029263787,1.0,2.699095819447908e-05,1.0,2025-06-24,Karachi,63.46620326503637,-10.520008629731299,-3.392173135144861,0.13079267585675922,-0.9914097417023038,False,test
0.4279384981217885,1,0.0334563574190829,1.0,2.300757660294871e-05,0.9688581314878892,2025-07-01,Karachi,4.509180455551305,-10.679686978761653,-3.397513453094828,0.01075130776352193,-0.9999422030204416,False,test
1.2800999834391422,1,0.0330141708985675,1.0,2.474319251949113e-05,1.0,2025-07-08,Karachi,3.714069415493774,-10.606960156500216,-3.410818388521828,-0.10944576864891556,-0.993992768446958,False,test
0.6977820409254492,1,0.0322196571198965,1.0,2.206364948240653e-05,1.0,2025-07-15,Karachi,7.866610967387465,-10.721579123442414,-3.435178543130514,-0.2280577712215198,-0.9736476020539838,False,test
0.9208226041288128,1,0.0326296814609715,0.986159169550173,1.7680461658362333e-05,0.9653979238754326,2025-07-22,Karachi,2.7698824987809534,-10.943050389197364,-3.4225329305768257,-0.34336687399638804,-0.939201357453208,False,test
1.4145170122549031,1,0.0328179513860584,0.9930795847750864,1.436354446690066e-05,0.9065743944636678,2025-07-29,Karachi,2.9100816237837037,-11.150817195630149,-3.4167796149497223,-0.45370308603134424,-0.8911529104063088,False,test
0.4008388148862028,1,0.032182919372826,1.0,1.9378373786951023e-05,0.9965397923875432,2025-08-05,Karachi,3.692439771316879,-10.851352866944488,-3.436319421432471,-0.5574684374327892,-0.8301981337405212,False,test
-0.0501861270096651,1,0.0352611370662111,0.8685121107266436,3.370519555810241e-05,1.0,2025-08-12,Karachi,10.273209925465734,-10.29785856162549,-3.3449738544832748,-0.65316012232693,-0.7572198192083127,False,test
0.0717377264788049,1,0.033992733649956,1.0,3.1293806549739695e-05,0.9273356401384084,2025-08-19,Karachi,72.19329434597303,-10.372090353808005,-3.381608493384297,-0.7393922635959241,-0.673274892250183,False,test
1.3661506904237972,1,0.0348160609390338,1.0,2.4090186554856715e-05,1.0,2025-08-26,Karachi,0.7617902038682097,-10.633705997288745,-3.357676477433274,-0.8149159841660791,-0.5795791048257612,False,test
0.4078451212486052,1,0.0330121242373034,0.9965397923875432,2.9096435858492236e-05,1.0,2025-09-02,Karachi,17.14992722260799,-10.444894870377617,-3.4108803838605195,-0.8786374941610001,-0.4774894280028391,False,test
-0.3566588626953008,1,0.0310814719475671,1.0,2.345154675656102e-05,1.0,2025-09-09,Karachi,42.65362958718991,-10.660574105479174,-3.4711433946438066,-0.9296339319682695,-0.3684843993077793,False,test
0.2555616063074525,1,0.0311822795318622,1.0,2.45016433342901e-05,0.972318339100346,2025-09-16,Karachi,2.1109056282811807,-10.616770367794027,-3.4679053092415586,-0.9671667297977312,-0.2541427094613622,False,test
-0.0454250653101135,1,0.0312332294387717,1.0,3.401405296916503e-05,1.0,2025-09-23,Karachi,1.2302978977836454,-10.288736796119878,-3.466272704811455,-0.9906923101615609,-0.13612033862266704,False,test
-0.2772788478168541,1,0.0328914316684101,0.9377162629757786,3.084453105585942e-05,1.0,2025-09-30,Karachi,8.858447381121897,-10.386551098664818,-3.4145430907406893,-0.9998699583618592,-0.016126573270657762,False,test
0.4910726445884879,1,0.0316331873722212,0.9411764705882352,3.816515225530976e-05,1.0,2025-10-07,Karachi,0.0079115997447642,-10.173587703325499,-3.4535484762002935,-0.9945667569706337,0.1041007489354256,False,test
0.2767336142091324,1,0.0331009916493638,0.8512110726643599,5.163468530730861e-05,1.0,2025-10-14,Karachi,0.006018578648792,-9.87131691542114,-3.4081920378526065,-0.9748595108374125,0.22282040779479959,False,test
0.4164344946726344,1,0.0369936451501291,0.7370242214532872,5.574169980615898e-05,1.0,2025-10-21,Karachi,0.0051325206591457,-9.794782041108867,-3.29700913378831,-0.9410336347451197,0.3383130181923075,False,test
0.1057008408559804,1,0.0374620105761777,0.7577854671280276,3.6722128646937977e-05,1.0,2025-10-28,Karachi,0.0051379190608713,-10.212131024204309,-3.2844279107909893,-0.8935790198239952,0.4489059314938798,False,test
0.3688550897116924,1,0.0315491361082718,0.8719723183391004,5.634763576841135e-05,1.0,2025-11-04,Karachi,0.0073405560923011,-9.783970274553681,-3.456209072041058,-0.8331829385891785,0.5529974600700271,False,test
0.0698192731581589,1,0.0329323650329358,0.8339100346020761,5.943467134505604e-05,1.0,2025-11-11,Karachi,0.00600836453509,-9.730632809200277,-3.4132993651626005,-0.7607200913564104,0.6490800741100398,False,test
0.1422557133035673,1,0.039345608717091,0.7647058823529411,6.10881149506297e-05,1.0,2025-11-18,Karachi,0.005985878335224,-9.703193228700771,-3.235370905845559,-0.6772399381909491,0.7357622347736525,False,test
0.3098384913852091,1,0.0358070705195107,0.8512110726643599,4.404108100555109e-05,1.0,2025-11-25,Karachi,0.0030379320392626,-10.030387700417602,-3.329609904531156,-0.5839514998576998,0.8117885474764613,False,test
0.1572288090902575,1,0.0325063477634448,0.7993079584775087,6.2799269287572e-05,1.0,2025-12-02,Karachi,0.0025570389539097,-9.675567120106031,-3.426319892919791,-0.4822058478963526,0.8760579434344281,False,test
0.061865002186278,1,0.0334494980672976,0.8719723183391004,5.711288495117794e-05,1.0,2025-12-09,Karachi,0.0060956853862533,-9.77048081087124,-3.3977184979824377,-0.37347653741307074,0.9276396261490467,False,test
-0.1227936566500221,1,0.0366307293063699,0.972318339100346,6.064566839717493e-05,1.0,2025-12-16,Karachi,0.0069269548842613,-9.710462344792075,-3.3068677923058085,-0.2593382659754056,0.9657865518844574,False,test
0.1571098605938343,1,0.0355926985159214,0.8408304498269896,6.634747568484514e-05,1.0,2025-12-23,Karachi,0.0068488907345454,-9.620604843352982,-3.3356147600269725,-0.14144406768794202,0.9899462489023779,False,test
0.1307789341428601,1,0.0353210583040174,0.9792387543252596,6.075425718499122e-05,1.0,2025-12-30,Karachi,1.2368962251531768,-9.708673401079706,-3.343275940387868,-0.021501372740813793,0.999768818762748,False,test
0.0100481323439003,1,0.0345671630174712,0.7820069204152249,6.380650831785896e-05,1.0,2026-01-06,Karachi,0.0068627350060523,-9.659655361564615,-3.3648510932853255,0.10303137904317879,0.9946781061893646,False,test
-0.1132028930846426,1,0.0318497554309913,0.972318339100346,5.146179645466062e-05,1.0,2026-01-13,Karachi,0.0425709908394933,-9.874670841990884,-3.44672557576923,0.22177215755648186,0.975098513039961,False,test
0.2245048786082467,1,0.0333268130561226,0.903114186851211,4.817878799245806e-05,1.0,2026-01-20,Karachi,3.682188315915063,-9.94059171691675,-3.401393009112279,0.3373010691361842,0.9413968285264122,False,test
-0.2001777769508275,1,0.0341854119106268,0.7958477508650519,6.454985212843584e-05,1.0,2026-01-27,Karachi,0.0056001482168551,-9.648072731480818,-3.3759562782337507,0.44794493940789115,0.8940611451454876,False,test
-0.0615316127764291,1,0.0352188739972596,0.8235294117647058,5.809207314678392e-05,1.0,2026-02-03,Karachi,0.0251875461167283,-9.753481338065342,-3.346173146974277,0.5521013427459208,0.8337770129585915,False,test
0.1489783476441123,1,0.0348739570581831,0.9930795847750864,4.654992370667416e-05,1.0,2026-02-10,Karachi,0.1301515155384913,-9.97498519319691,-3.3560149444294782,0.6482618097757122,0.7614175109532997,False,test
0.0189427660596363,1,0.0353610011056319,0.7993079584775087,5.393732092564283e-05,1.0,2026-02-17,Karachi,1.3112734479887342,-9.82768790916057,-3.3421457298026094,0.7350336741329412,0.6780306024735382,False,test
0.1349589804793915,1,0.0362348278666729,0.8996539792387543,4.499321001435776e-05,1.0,2026-02-24,Karachi,0.0118370424845697,-10.008998968148607,-3.3177345269034633,0.8111602420785621,0.5848239578463322,False,test
0.2050339513461737,1,0.0320099010844593,0.986159169550173,3.082980417771059e-05,1.0,2026-03-03,Karachi,0.0453689374045918,-10.387028667766225,-3.4417100151501163,0.8755389928586302,0.4831474640149687,False,test
0.5751819940256349,1,0.0312505038787104,0.9792387543252596,3.567855687000833e-05,1.0,2026-03-10,Karachi,0.0034263497659617,-10.240960697538823,-3.465719778810986,0.9272375462179537,0.374473674486883,False,test
-0.1655037179021489,1,0.0323893940409913,0.9826989619377162,3.304085159279785e-05,1.0,2026-03-17,Karachi,5.67797432862649,-10.317765835043238,-3.4299242541865795,0.9655071658143364,0.2603764827344581,False,test
0.2860527323451728,1,0.0307394942708037,0.8339100346020761,1.9966054574208415e-05,1.0,2026-03-24,Karachi,0.5531748680878872,-10.821476997696648,-3.4822069928351365,0.9897936029670716,0.14250832791617088,False,test
0.0362205957778846,1,0.0306907488893216,0.8788927335640139,2.240356465586713e-05,1.0,2026-03-31,Karachi,9.222958066152344,-10.706290475341497,-3.483794008910784,0.9997451236925734,0.022576263041545485,False,test
0.8207268264003336,1,0.0329725632477619,1.0,3.511713024387355e-05,1.0,2026-04-07,Karachi,0.1768042692834779,-10.256821505409796,-3.412079480068731,0.9952176027737294,-0.09768276782171598,False,test
0.6909880352138701,1,0.0301229120183881,0.9930795847750864,2.8772272845702817e-05,1.0,2026-04-14,Karachi,0.0597014133882231,-10.45609838297539,-3.5024692001663342,0.9762766110869321,-0.21652708524481437,False,test
0.660174244173302,1,0.0304447612275504,1.0,2.2803793306587405e-05,1.0,2026-04-21,Karachi,0.0065145562526019,-10.688583662746408,-3.491841344699919,0.9431964659565866,-0.33223549871590435,False,test
1.0101275865138104,1,0.0320992554757691,1.0,2.267423233795385e-05,1.0,2026-04-28,Karachi,0.0049634254439705,-10.69428141753269,-3.438922443016424,0.8964562582905575,-0.44313223418263453,False,test
1.1237552779088529,1,0.0333964971393432,1.0,2.4141835914743313e-05,1.0,2026-05-05,Karachi,0.0360069421680671,-10.631564292380489,-3.3993042605669306,0.8367329140344921,-0.5476112038402312,False,test
0.883256573248781,1,0.0310779639678682,1.0,1.995117120046583e-05,1.0,2026-05-12,Karachi,0.1674539820974293,-10.822222709561311,-3.471256265027875,0.7648913904341226,-0.6441592666722685,False,test
1.1915075824237549,1,0.0300304112588652,1.0,1.755968813607647e-05,1.0,2026-05-19,Karachi,0.1503329576867896,-10.949904729819542,-3.505544702146767,0.6819721490904629,-0.7313781428679254,False,test
0.9287069261545714,1,0.0297435353103234,1.0,1.1492408570831916e-05,1.0,2026-05-26,Karachi,0.3904387769153056,-11.373823864848518,-3.5151434710970024,0.5891760872322963,-0.8080046647350754,False,test
1.1467199338782443,1,0.029258499438865,1.0,1.3745946864857105e-05,1.0,2026-06-02,Karachi,0.10077589381456,-11.194766550770868,-3.5315851684077075,0.4878471454423119,-0.8729290708206411,False,test
0.8687681558019812,1,0.0295503596811289,1.0,1.500200737853398e-05,1.0,2026-06-09,Karachi,0.9422582371039208,-11.107326540580264,-3.5216593632538906,0.37945284372454435,-0.925211078289358,False,test
1.1420602003747338,1,0.0283213134853927,1.0,1.849735016120694e-05,1.0,2026-06-16,Karachi,1.9946304970380984,-10.897883070668394,-3.56414063109822,0.26556302780405594,-0.9640935007889755,False,test
0.9338937245953416,1,0.0278485210292789,1.0,1.9689884502971192e-05,1.0,2026-06-23,Karachi,1.547317602816718,-10.835405531101333,-3.5809754188922467,0.14782713347053048,-0.9890132145779883,False,test
1.100195203062092,1,0.0303340376389366,1.0,2.6570296590247853e-05,1.0,2026-06-30,Karachi,2.66328104613806,-10.535716635656138,-3.4954848425369085,0.02795029824021032,-0.999609314096404,False,test
1.517753289146514,1,0.0306010065689073,1.0,2.4388951304141697e-05,1.0,2026-07-07,Karachi,1.4586438843939002,-10.621380343621,-3.486722376156076,-0.09233133369539123,-0.9957283388645872,False,test
1.3049380867269702,1,0.0319358472954177,1.0,2.1331495151440157e-05,0.9930795847750864,2026-07-14,Karachi,4.5720588125744905,-10.755325931761352,-3.444026160445875,-0.2112757555821793,-0.9774264960104055,False,test
0.8523086047136765,1,0.0328796352310327,1.0,2.9585809806529497e-05,0.9930795847750864,2026-07-21,Karachi,1.1882644113789778,-10.428215710010482,-3.4149018028023903,-0.3271603271220951,-0.9449688462364056,False,test
0.7850232954680909,1,0.032303952640167,0.986159169550173,2.592643552044054e-05,1.0,2026-07-28,Karachi,1.1537520649200963,-10.56024743332995,-3.4325656834798735,-0.4383067230125192,-0.898825465016444,False,test
1.5289136978414013,1,0.0330671867405414,1.0,2.1961418488109646e-05,1.0,2026-08-04,Karachi,0.7455185081641948,-10.726223349232844,-3.4092138254425377,-0.5431052396834317,-0.8396646346181327,False,test
0.7412270066699036,1,0.0334899047281526,1.0,2.5216262026395245e-05,0.9377162629757786,2026-08-11,Karachi,1.310789143562138,-10.588021453067602,-3.396511236965003,-0.6400381082043503,-0.7683431655492202,False,test
1.1415754007942331,1,0.0329802585197932,1.0,2.7646690212829056e-05,0.8235294117647058,2026-08-18,Karachi,1.7195338512384533,-10.496004540132727,-3.4118461231975616,-0.7277014757264236,-0.6858939875998223,False,test
0.7508156135914759,1,0.0338207499749259,1.0,2.3364083558127308e-05,0.9965397923875432,2026-08-25,Karachi,2.2596306987860695,-10.66431060543037,-3.386680760271889,-0.8048257371083452,-0.593511190196115,False,test
0.3561492912417342,1,0.0657017709639352,0.6539792387543253,4.331404850718429e-05,1.0,2019-01-01,Lagos,0.5811868224183858,-10.047033529683615,-2.722629398543822,0.017201575418260506,0.9998520419557735,False,train
0.6984162115551672,1,0.0755386324260707,0.8927335640138409,4.6690267999175656e-05,1.0,2019-01-08,Lagos,3.132968534511994,-9.971974809028408,-2.583111065832175,0.13718540405660057,0.9905453876091833,False,train
-0.2833983985133655,1,0.0658137078710653,0.9100346020761244,4.198210745499142e-05,1.0,2019-01-15,Lagos,17.870210901973724,-10.078267043426608,-2.720927136039794,0.2551824131233728,0.9668929289391521,False,train
-0.4078171751322265,1,0.06862065948299,0.916955017301038,4.030601178357959e-05,1.0,2019-01-22,Lagos,25.404593224863135,-10.11900992436603,-2.6791616309452904,0.3694836834473831,0.9292372181882051,False,train
-0.0419488743873636,1,0.0652675362136615,1.0,3.751985035888853e-05,1.0,2019-01-29,Lagos,30.80299846440305,-10.190640422136749,-2.7292605146549236,0.4784338202547012,0.8781236129591848,False,train
-0.0382087281242423,1,0.0672282618782465,0.9653979238754326,4.638290100142627e-05,1.0,2019-02-05,Lagos,6.983050891768342,-9.978579679549926,-2.699661556200761,0.580454927809098,0.8142923779467267,False,train
1.355985573866847,1,0.0814910374916568,1.0,5.045652455991816e-05,1.0,2019-02-12,Lagos,3.979542033018384,-9.894398492273618,-2.5072622342099247,0.6740694616546162,0.7386679638813748,False,train
0.0777965077487787,1,0.0670382173879238,0.9584775086505192,4.0649541678448634e-05,1.0,2019-02-19,Lagos,32.63823211249294,-10.110522996856927,-2.7024924134374366,0.7579216274973472,0.6523456189565257,False,train
-0.7015411373666497,1,0.0616184827434061,0.754325259515571,4.049181501444347e-05,1.0,2019-02-26,Lagos,36.59137282356961,-10.11441070268522,-2.786793408911209,0.8307970168121247,0.5565755266413303,False,train
-0.3133546564152409,1,0.0590555000701498,1.0,3.2249947800984726e-05,1.0,2019-03-05,Lagos,24.32063015890077,-10.34199413329792,-2.8292775980827063,0.8916401947968874,0.45274469960737107,False,train
0.0089553218090892,1,0.0553822784724711,1.0,3.316170332046969e-05,0.9826989619377162,2019-03-12,Lagos,21.81900364770109,-10.314114862295364,-2.8934956195708246,0.9395699859530622,0.342356891994542,False,train
-0.1658297170678366,1,0.0552357527210139,1.0,3.6812048515879125e-05,1.0,2019-03-19,Lagos,21.75364152428137,-10.209685361052014,-2.8961448411411963,0.9738922359149924,0.22701082094141847,False,train
-0.0065332965419053,1,0.0543645920287083,1.0,3.8115521140093715e-05,1.0,2019-03-26,Lagos,13.55357686236647,-10.174888979782832,-2.91204221886099,0.9941098647022418,0.10837701279187609,False,train
-0.2393252190777338,1,0.0524516998743379,1.0,3.0428298396293207e-05,0.9896193771626296,2019-04-02,Lagos,22.1082121536145,-10.400137514242191,-2.947862535240069,0.9999300657962057,-0.011826390691832589,False,train
-0.5424559155886948,1,0.0523870491161384,0.9653979238754326,2.6153483584752458e-05,0.9688581314878892,2019-04-09,Lagos,34.50028989219762,-10.551528160847631,-2.949095872474959,0.9912685467787256,-0.13185851571739118,False,train
0.1594798929018375,1,0.0483585027404008,1.0,2.3135198711024172e-05,0.9653979238754326,2019-04-16,Lagos,22.34242151044212,-10.674155346447291,-3.0291132144178814,0.9682507501166718,-0.2499809690726521,False,train
-0.645606391780388,1,0.0466022613272694,1.0,3.1938844881328424e-05,0.986159169550173,2019-04-23,Lagos,41.16875345633801,-10.351687581099752,-3.0661062126916483,0.9312100364121947,-0.3644830148102912,False,train
-0.4976757218681787,1,0.0457886586787195,0.9619377162629758,2.3266787697302466e-05,1.0,2019-04-30,Lagos,39.66425259865398,-10.668483634987796,-3.0837188456288454,0.8806828564301475,-0.47370635037968,False,train
-0.6971098781537542,1,0.0417210113297317,1.0,2.8030476976396657e-05,0.9896193771626296,2019-05-07,Lagos,23.28829388198692,-10.482218176293163,-3.176750408258143,0.8174009818249189,-0.5760691233798758,False,train
-1.0837993892320967,1,0.0402793354701851,0.9480968858131488,2.5481898455748e-05,1.0,2019-05-14,Lagos,54.750287044038174,-10.577542222353454,-3.2119167090289102,0.742280907086982,-0.6700888411055113,False,train
-0.9516013365676383,1,0.0430739930849087,0.8339100346020761,3.1980086113082006e-05,0.9826989619377162,2019-05-21,Lagos,49.6343784039882,-10.35039715784533,-3.144835872699548,0.6564105761979381,-0.7544038410927472,False,train
-1.102454923335887,1,0.0389577733084597,0.916955017301038,1.995216192480228e-05,0.9377162629757786,2019-05-28,Lagos,60.33148931611023,-10.82217305334169,-3.245276955114735,0.5610336262283677,-0.8277930117131022,False,train
-1.006645813558895,1,0.0373916519557854,0.6920415224913494,2.4335690299819513e-05,0.5155709342560554,2019-06-04,Lagos,60.41434605520962,-10.62356654853836,-3.2863078092150104,0.4575313760742512,-0.8891934772070711,False,train
-0.7741124513751177,1,0.0426930072423564,1.0,2.3465182066506785e-05,0.9550173010380624,2019-06-11,Lagos,56.378051315952895,-10.65999284968101,-3.1537201369744894,0.3474028211842774,-0.9377159910299093,False,train
-0.8941072086882625,1,0.0422878598562577,0.8719723183391004,2.6330922011324345e-05,0.9896193771626296,2019-06-18,Lagos,37.37841566744359,-10.544766567548292,-3.1632552351566803,0.23224292400907015,-0.9726578145718654,False,train
-0.8928680732362912,1,0.0435597777096353,0.9584775086505192,2.2478545396838664e-05,0.7958477508650519,2019-06-25,Lagos,128.64245755786814,-10.702949241578665,-3.133621084014987,0.11371951458594969,-0.9935128947338007,False,train
-0.6924703560442671,1,0.0412325261082914,0.9930795847750864,1.835977707825618e-05,0.8235294117647058,2019-07-02,Lagos,31.662415296238805,-10.905348314552821,-3.188527865445262,-0.00645086419810515,-0.9999791929590823,False,train
-0.7516366637188339,1,0.0538241375000645,0.8546712802768166,2.453745015267664e-05,0.8719723183391004,2019-07-09,Lagos,104.37027620157497,-10.615310029838984,-2.9220332600112457,-0.12652781683868314,-0.9919630595773397,False,train
-1.122023506644388,1,0.0447931353350612,0.9377162629757786,2.4283682392515817e-05,0.916955017301038,2019-07-16,Lagos,38.94186099594207,-10.625705939660062,-3.1057003804300782,-0.24477230089725957,-0.9695805901076308,False,train
-1.0067920089347109,1,0.0408001390807305,0.9930795847750864,1.7316222480288293e-05,0.5951557093425606,2019-07-23,Lagos,54.0652093433204,-10.96386678021758,-3.1990697887363972,-0.3594718130884232,-0.9331559438780432,False,train
-0.536075357750185,1,0.0444872941553919,1.0,2.0250940370601013e-05,0.8615916955017301,2019-07-30,Lagos,37.55808611991087,-10.807309327435568,-3.112551655177786,-0.46896519100763184,-0.8832166493127127,False,train
-0.8299242424255624,1,0.0434668942219348,1.0,1.6549470929200814e-05,0.9515570934256056,2019-08-06,Lagos,36.34788561817693,-11.009156424676311,-3.1357556830041857,-0.5716666713027052,-0.8204859638785327,False,train
-1.1251283589100831,1,0.0400955642809012,1.0,1.6073365811605674e-05,0.7993079584775087,2019-08-13,Lagos,35.34161682378815,-11.038346953250603,-3.216489567224442,-0.666088855860977,-0.7458723993404063,False,train
-0.5419579744034317,1,0.0488026323755834,1.0,2.0159140551852283e-05,0.6782006920415224,2019-08-20,Lagos,64.5323382969138,-10.811852747026382,-3.019971025455249,-0.7508642533989489,-0.6604565640279754,False,train
-1.2358079096799002,1,0.0436359717987236,1.0,2.026860119206024e-05,0.7993079584775087,2019-08-27,Lagos,49.82727257777952,-10.80643760866006,-3.131873427531472,-0.8247650844733614,-0.5654755126737576,False,train
-1.2205888850771476,1,0.0402900172995903,1.0,1.8731874537494265e-05,0.6539792387543253,2019-09-03,Lagos,71.8636963085586,-10.8852839644289,-3.2116515504021974,-0.886721063082993,-0.46230483047981086,False,train
-0.9903218078700048,1,0.0383839282462872,0.9653979238754326,2.364305665010872e-05,0.8996539792387543,2019-09-10,Lagos,55.11624307781101,-10.652441073864894,-3.260116442251719,-0.9358348973349941,-0.35243871088460327,False,train
-1.1735540498403236,1,0.0368679198559247,1.0,2.5648794861850655e-05,0.9238754325259516,2019-09-17,Lagos,57.08310170695343,-10.57101397139472,-3.30041348666439,-0.97139528468375,-0.23746831555846842,False,train
-0.9159025755615876,1,0.0370071068442166,0.9134948096885812,2.4550327878144025e-05,0.9377162629757786,2019-09-24,Lagos,41.503257454492285,-10.614785348287715,-3.2966453079115943,-0.9928872135356962,-0.11905873003404988,False,train
-1.1482764551978055,1,0.0392319435392742,0.8719723183391004,2.325633989003077e-05,0.8235294117647058,2019-10-01,Lagos,115.4151501923346,-10.668932779660098,-3.238263977819248,-0.9999994220246925,0.001075151282798226,False,train
-1.1716365297744695,1,0.0380500392689899,0.9896193771626296,2.1777639499497236e-05,0.9204152249134948,2019-10-08,Lagos,131.39847137308178,-10.734626825603016,-3.2688531626384463,-0.9926289059345095,0.12119346147073601,False,train
-1.124533674967065,1,0.0363623076050168,0.9653979238754326,2.462316274467794e-05,0.986159169550173,2019-10-15,Lagos,112.08107002227185,-10.611822983042718,-3.3142225462021973,-0.9708824104813836,0.2395565591209271,False,train
-1.311329242756457,1,0.0368556646254432,0.8027681660899654,2.686399137890715e-05,0.9792387543252596,2019-10-22,Lagos,89.84184955100986,-10.524723778545342,-3.3007459509817614,-0.9350748843515574,0.3544502230989869,False,train
-1.4871490089441748,1,0.0374076231371825,1.0,2.2017194349051883e-05,0.9930795847750864,2019-10-29,Lagos,43.90715035707301,-10.723686848545425,-3.2858807681341986,-0.8857249183835637,0.4642104791518923,False,train
-1.244426602542257,1,0.0410634920864038,1.0,2.441286343318644e-05,0.9619377162629758,2019-11-05,Lagos,23.350471625290652,-10.620400374696194,-3.192635822629682,-0.8235472349556007,0.5672476988027229,False,train
-1.0934904670334065,1,0.0446459807418265,0.986159169550173,3.577026172253118e-05,1.0,2019-11-12,Lagos,22.227940714378043,-10.238393687903477,-3.10899099269177,-0.7494423368521953,0.6620696215153815,False,train
-0.998570380586993,1,0.0438756539999222,0.9134948096885812,3.540066345590989e-05,1.0,2019-11-19,Lagos,10.546472168525437,-10.2487799963078,-3.1263956913260675,-0.6644834655228552,0.7473029667054297,False,train
-1.226289794751931,1,0.0471855207033918,0.8269896193771626,3.571648202846738e-05,1.0,2019-11-26,Lagos,7.726678584189506,-10.239898294251105,-3.0536681982112093,-0.5699010576127624,0.821713322596059,False,train
-1.0975517505165713,1,0.0498377319632308,0.8685121107266436,3.7710865930083846e-05,0.9826989619377162,2019-12-03,Lagos,14.348560483943956,-10.18556228408086,-2.998982911894107,-0.46706492487743034,0.8842230238742036,False,train
-0.8040392863537826,1,0.054023033181749,0.8546712802768166,4.112596111407039e-05,1.0,2019-12-10,Lagos,10.505576300388752,-10.098870978596922,-2.9183447829576012,-0.3574644155648614,0.9339267592294762,False,train
-0.4406823223037703,1,0.0558153543888571,0.944636678200692,4.500653087148e-05,1.0,2019-12-17,Lagos,2.760183084242498,-10.00870294824703,-2.885706279187626,-0.2426868445825954,0.9701046827361175,False,train
-0.3456720295681947,1,0.0572411823499765,0.6920415224913494,4.367354610137294e-05,1.0,2019-12-24,Lagos,0.0161831038160464,-10.038767991533783,-2.8604816684978465,-0.12439450483979998,0.9922328391893008,False,train
-0.0347774377948988,1,0.0586125536536283,0.9550173010380624,3.842946769663329e-05,1.0,2019-12-31,Lagos,0.0108555684825538,-10.166686004729007,-2.8368063791711884,-0.004300592702981974,0.9999907524084426,False,train
0.7037085338387966,1,0.0720378580120476,0.8961937716262975,4.4170473100659227e-05,1.0,2020-01-07,Lagos,3.806828701133579,-10.02745402150853,-2.63056349243059,0.1201261651823505,0.9927586335250793,False,train
0.60811260863348,1,0.0690641520056465,0.9757785467128028,4.4507971863432226e-05,1.0,2020-01-14,Lagos,0.5947542403540356,-10.019842241837793,-2.672719467112404,0.23851257519407648,0.9711394088771653,False,train
0.921374885115726,1,0.0746700489795978,0.9273356401384084,5.6981203852734655e-05,1.0,2020-01-21,Lagos,0.0768959198659893,-9.772789101481077,-2.594676217987269,0.3534446712740877,0.9354554315134164,False,train
0.5154584164112195,1,0.0871591634553849,0.8788927335640139,5.105091286921822e-05,1.0,2020-01-28,Lagos,0.297942443309582,-9.882687131648282,-2.440019366755989,0.4632579225674917,0.88622350294858,False,train
0.6511429237407952,1,0.0937594505226342,0.9965397923875432,4.698009718098099e-05,1.0,2020-02-04,Lagos,1.9479109336016136,-9.965786510174961,-2.3670228136373925,0.5663619330814524,0.8241566360566663,False,train
1.3670337334479326,1,0.0821602843228065,1.0,4.8797296274318664e-05,1.0,2020-02-11,Lagos,0.1625263782146583,-9.927835650854824,-2.4990832527689113,0.6612634749656386,0.7501537286959042,False,train
0.5099635736469957,1,0.0721371438537499,1.0,4.750147232067752e-05,1.0,2020-02-18,Lagos,3.444126741245722,-9.954749851179262,-2.629186196004546,0.746588114532413,0.6652865452111116,False,train
0.3482204253104226,1,0.077406986135511,1.0,4.6751690363871525e-05,1.0,2020-02-25,Lagos,21.714079075649742,-9.970660145367276,-2.5586782423109367,0.8211001178128892,0.5707841943569036,False,train
-0.5218274286241233,1,0.0636386407617752,0.944636678200692,3.909027398266477e-05,1.0,2020-03-03,Lagos,42.05460733846158,-10.149636869162107,-2.754534433977989,0.8837203473619977,0.4680153284438345,False,train
-0.5344542981279885,1,0.0602746802543998,1.0,3.7418515499326006e-05,1.0,2020-03-10,Lagos,10.718241502233576,-10.19334490922204,-2.8088431597087355,0.9335418911179212,0.35846832151248087,False,train
-0.2393322585552128,1,0.0682449977281421,1.0,3.94002308033575e-05,0.9930795847750864,2020-03-17,Lagos,13.137603929454269,-10.141738883724308,-2.684651140963713,0.969843196967294,0.24372971360968387,False,train
-0.7675458663274989,1,0.0534047394665853,1.0,2.9821291399260385e-05,0.9930795847750864,2020-03-24,Lagos,17.622374548130963,-10.420287943084482,-2.9298557828984917,0.992098522791769,0.12546123335273648,False,train
-0.6816015805480585,1,0.0526972156116425,1.0,2.1534154243469933e-05,0.9757785467128028,2020-03-31,Lagos,3.956976505263046,-10.74587031380872,-2.9431926595243127,0.9999855506507186,0.005375731557583884,False,train
-0.943985784498336,1,0.0476548235006159,1.0,1.5843015416674767e-05,1.0,2020-04-07,Lagos,12.371590878469966,-11.052781822481217,-3.0437714262901863,0.9933900548258936,-0.11478762552212701,False,train
-0.2560814021480565,1,0.0478850884539639,1.0,1.9243266721055688e-05,0.9826989619377162,2020-04-14,Lagos,29.51947026027992,-10.858349339142407,-3.038951128793723,0.9724075561219968,-0.23328854407545518,False,train
-0.9566803478464038,1,0.0526998648037121,1.0,2.599742604334279e-05,1.0,2020-04-21,Lagos,25.075991032004513,-10.557513023176421,-2.9431423888325683,0.9373419384643772,-0.3484108069446808,False,train
-0.9671839209763744,1,0.0469371548733896,0.9273356401384084,2.420512089230163e-05,1.0,2020-04-28,Lagos,21.71479096218484,-10.62894634006736,-3.0589457023819753,0.8887010478292915,-0.45848712914008766,False,train
-0.6265122188093348,1,0.0458276545354486,1.0,2.147404916642639e-05,0.9896193771626296,2020-05-05,Lagos,44.96991891254378,-10.748665367375628,-3.082867559264747,0.8271893372462497,-0.5619233046832195,False,train
-1.1196358097584758,1,0.0431529435563082,0.8477508650519031,2.4818991146626973e-05,0.9930795847750864,2020-05-12,Lagos,13.632170869334235,-10.603901425805738,-3.143004646947191,0.753697664392914,-0.6572212950663319,False,train
-1.0130396557655916,1,0.044213514919811,0.9930795847750864,1.869013083568037e-05,0.9896193771626296,2020-05-19,Lagos,54.447329571447334,-10.887514936217379,-3.1187247692192757,0.6692903895412567,-0.7430009249440493,False,train
-1.343764664556355,1,0.0433558070189852,0.9584775086505192,2.236213418968877e-05,0.9896193771626296,2020-05-26,Lagos,57.89325427824372,-10.708141467466083,-3.1383146281183163,0.5751899607119775,-0.8180198708443175,False,train
-1.0523846387935198,1,0.04190261795149,0.9584775086505192,2.8875471175698952e-05,0.9688581314878892,2020-06-02,Lagos,17.522429144601958,-10.452518071482325,-3.1724069730634157,0.47275920928627757,-0.881191653407483,False,train
-1.0517575032042508,1,0.0400820377210961,0.9619377162629758,2.4840062514563543e-05,0.9792387543252596,2020-06-09,Lagos,69.43073257003074,-10.60305278421281,-3.216826982153192,0.36348161248290634,-0.9316013725767187,False,train
-0.920947437829832,1,0.0392661390097867,0.9619377162629758,1.938444680279045e-05,0.7820069204152249,2020-06-16,Lagos,79.67299953409271,-10.851039524633649,-3.237392734304372,0.24893980855376657,-0.9685189578512204,False,train
-1.096961641152127,1,0.0440225127111778,1.0,2.624552078369047e-05,0.9550173010380624,2020-06-23,Lagos,76.90957479811881,-10.54801522029855,-3.123054123386631,0.13079267585675922,-0.9914097417023038,False,train
-1.1445730640563732,1,0.0436080538757253,0.9273356401384084,2.186674015138004e-05,0.6851211072664359,2020-06-30,Lagos,125.35417499243464,-10.730543790106584,-3.1325134237658365,0.01075130776352193,-0.9999422030204416,False,train
-0.9171429543404128,1,0.0468453334288616,0.8754325259515571,1.8079394348988716e-05,0.4186851211072664,2020-07-07,Lagos,90.38016723917389,-10.92073770195797,-3.0609038818999377,-0.10944576864891556,-0.993992768446958,True,train
-1.2352061265428085,1,0.0460339348329668,1.0,1.7755239537193217e-05,0.8442906574394463,2020-07-14,Lagos,25.823373163697585,-10.938829900407443,-3.0783764407099374,-0.2280577712215198,-0.9736476020539838,False,train
-1.2117550793406375,1,0.0399632200281001,0.9965397923875432,1.669648020717286e-05,0.8927335640138409,2020-07-21,Lagos,21.87298108660582,-11.0003126267934,-3.219795747164495,-0.34336687399638804,-0.939201357453208,False,train
-1.0219272355707265,1,0.0437536729631333,0.9930795847750864,1.5831143481473737e-05,0.7681660899653979,2020-07-28,Lagos,10.683172961636524,-11.053531451590242,-3.12917971625936,-0.45370308603134424,-0.8911529104063088,False,train
-0.8458962745066994,1,0.0506936766181749,1.0,2.0129458100318607e-05,1.0,2020-08-04,Lagos,5.372159385899912,-10.813326238678966,-2.981954097698389,-0.5574684374327892,-0.8301981337405212,False,train
-0.8761423795773468,1,0.0486961387236833,1.0,2.5150597528572423e-05,1.0,2020-08-11,Lagos,6.790833825193251,-10.590628903109408,-3.022155539024995,-0.65316012232693,-0.7572198192083127,False,train
-1.091867197638022,1,0.046011612862988,1.0,2.045989286587648e-05,0.986159169550173,2020-08-18,Lagos,12.80057016764147,-10.797044033726424,-3.078861460810858,-0.7393922635959241,-0.673274892250183,False,train
-1.116460363911446,1,0.0461451902244844,0.9688581314878892,1.7376330217330643e-05,0.740484429065744,2020-08-25,Lagos,20.430387876339317,-10.9604016101731,-3.075962543952487,-0.8149159841660791,-0.5795791048257612,False,train
-1.3666541215293693,1,0.0405662120894622,0.9965397923875432,1.427448350259722e-05,0.5709342560553633,2020-09-01,Lagos,34.41766826854169,-11.157036985031443,-3.204819773402486,-0.8786374941610001,-0.4774894280028391,False,train
-1.050900079850684,1,0.0415567565533818,1.0,1.9272343049535445e-05,0.6228373702422145,2020-09-08,Lagos,49.003571344899626,-10.856839492398368,-3.1806951583042418,-0.9296339319682695,-0.3684843993077793,False,train
-1.2302872889592804,1,0.0435884417464059,1.0,1.7759574712083157e-05,0.657439446366782,2020-09-15,Lagos,60.06938958434944,-10.938585767078683,-3.1329632613312155,-0.9671667297977312,-0.2541427094613622,False,train
-1.2124011778710018,1,0.0402553299668246,0.8996539792387543,2.047779692140709e-05,0.6055363321799307,2020-09-22,Lagos,40.060272340549865,-10.79616933577619,-3.2125128623485075,-0.9906923101615609,-0.13612033862266704,False,train
-1.432565347217414,1,0.0383279982701781,1.0,2.0892026013412147e-05,0.916955017301038,2020-09-29,Lagos,36.56715879395267,-10.776143002253521,-3.261574624533385,-0.9998699583618592,-0.016126573270657762,False,train
-1.626376389737249,1,0.0338241913226172,1.0,2.385091231908459e-05,0.9100346020761244,2020-10-06,Lagos,62.46993459278399,-10.643688088989007,-3.386579012894236,-0.9945667569706337,0.1041007489354256,False,train
-1.347029839017621,1,0.0362433435626754,0.9238754325259516,2.4701356601165473e-05,0.9619377162629758,2020-10-13,Lagos,44.19361972928375,-10.608652392714454,-3.3174995403999756,-0.9748595108374125,0.22282040779479959,False,train
-1.402965463543676,1,0.0382353475202182,1.0,1.847495491449543e-05,0.972318339100346,2020-10-20,Lagos,25.665775743203945,-10.89909453148506,-3.263994863467016,-0.9410336347451197,0.3383130181923075,False,train
-1.4197260787577088,1,0.042702243338962,1.0,2.9767405758141904e-05,1.0,2020-10-27,Lagos,8.651452258680745,-10.42209652955733,-3.1535038229153645,-0.8935790198239952,0.4489059314938798,False,train
-1.5559681302656532,1,0.0454999342626257,0.9896193771626296,3.3418539738988615e-05,0.986159169550173,2020-11-03,Lagos,13.863544397546198,-10.306399729977002,-3.0900443978037333,-0.8331829385891785,0.5529974600700271,False,train
-1.2128413998588663,1,0.0473520185557204,0.8719723183391004,3.5679106675466795e-05,1.0,2020-11-10,Lagos,21.11266309245237,-10.240945287688467,-3.050145829726067,-0.7607200913564104,0.6490800741100398,False,train
-1.3849982780542536,1,0.0508645310064373,0.8512110726643599,4.001307102848237e-05,1.0,2020-11-17,Lagos,8.754220965053822,-10.126304381517834,-2.978589435137976,-0.6772399381909491,0.7357622347736525,False,train
-1.3722337596923928,1,0.0519424420044128,0.9965397923875432,3.7854561785243725e-05,1.0,2020-11-24,Lagos,14.938610879363477,-10.18175906261539,-2.9576190579803394,-0.5839514998576998,0.8117885474764613,False,train
-1.1580218726966922,1,0.0482382284459661,0.986159169550173,3.892283895132887e-05,1.0,2020-12-01,Lagos,8.328434646190248,-10.1539293600557,-3.0316034509944623,-0.4822058478963526,0.8760579434344281,False,train
-1.0127712111367828,1,0.0513156635205288,0.9930795847750864,3.640601255795745e-05,1.0,2020-12-08,Lagos,14.482369035808626,-10.220776616798654,-2.969759241625489,-0.37347653741307074,0.9276396261490467,False,train
-0.8826525100654183,1,0.0561005535077451,0.9377162629757786,4.02900200718124e-05,1.0,2020-12-15,Lagos,13.35954138538881,-10.119406760577663,-2.88060960005394,-0.2593382659754056,0.9657865518844574,False,train
-0.5815004156780335,1,0.0621076137581109,0.7750865051903114,4.4038641749867176e-05,1.0,2020-12-22,Lagos,4.497905135159824,-10.030443087869067,-2.7788866927575606,-0.14144406768794202,0.9899462489023779,False,train
-0.3343713367676595,1,0.0622403224355296,0.9896193771626296,4.098677256763579e-05,1.0,2020-12-29,Lagos,3.9517724015840017,-10.102261163614658,-2.7767522186059854,-0.021501372740813793,0.999768818762748,False,train
-0.7567708972651253,1,0.0579573321719578,0.972318339100346,3.7465233065040765e-05,1.0,2021-01-05,Lagos,8.751660071022126,-10.192097173293448,-2.8480481913682083,0.08590610426133272,0.9963032375991965,False,train
-0.6898251850148045,1,0.0659721032345376,0.903114186851211,4.063336497070574e-05,1.0,2021-01-12,Lagos,9.545550433966714,-10.110921031539085,-2.7185233045739303,0.20496611396949532,0.9787690698649216,False,train
0.7708360888635271,1,0.0856587974359911,1.0,5.57385893221081e-05,1.0,2021-01-19,Lagos,1.420755941445346,-9.79483784440963,-2.4573833456981373,0.321057654185271,0.9470596510722283,False,train
0.2920215319707385,1,0.0757079739832733,1.0,4.929492270948135e-05,1.0,2021-01-26,Lagos,5.703523692645233,-9.917689469856516,-2.5808717874511977,0.4324994021339788,0.901634220265486,False,train
-0.2897843390028041,1,0.0644544766539361,1.0,4.163607478877266e-05,1.0,2021-02-02,Lagos,7.829281071543937,-10.08654358406008,-2.741796092677304,0.5376773767406141,0.8431506618282,False,train
-0.7532336143129483,1,0.0616710833947277,0.9757785467128028,3.577695999988249e-05,1.0,2021-02-09,Lagos,11.97703525849924,-10.238206447163455,-2.7859401225194933,0.6350683134867438,0.7724559775191742,False,train
0.1387556938762059,1,0.0757564252217194,0.9065743944636678,6.432538726375834e-05,1.0,2021-02-16,Lagos,5.443121243129183,-9.651556179390829,-2.580232016780954,0.7232617254437388,0.6905740195722293,False,train
0.1790384429255194,1,0.0821241141050413,1.0,5.578894077025619e-05,1.0,2021-02-23,Lagos,11.49158340504301,-9.793934902301482,-2.4995235893887706,0.8009803309782905,0.5986906625177214,False,train
-0.5568253081332094,1,0.0638304854406923,1.0,4.6431840363753306e-05,1.0,2021-03-02,Lagos,11.829200223522816,-9.977525119333679,-2.751524374530929,0.8670985522812081,0.4981366284784055,False,train
-0.9437514411464206,1,0.0701379648438314,0.986159169550173,5.27130101585999e-05,1.0,2021-03-09,Lagos,42.157658047558826,-9.85064826080516,-2.6572910503193614,0.9206588168102428,0.3903682146763026,False,train
-0.7696016974078723,1,0.0614898776511152,0.9826989619377162,3.378590337245638e-05,0.9688581314878892,2021-03-16,Lagos,44.52241793469728,-10.295466902455503,-2.7888827087550334,0.9608854255574977,0.27694620226893646,False,train
-0.0190285592154419,1,0.0533709268908091,1.0,4.048050295745144e-05,1.0,2021-03-23,Lagos,16.416945252005227,-10.114690108224025,-2.930489121524415,0.9871957872910085,0.15951325197263655,False,train
0.3225981782928903,1,0.055931188814296,1.0,4.4648483846341e-05,0.9965397923875432,2021-03-30,Lagos,14.127509514065128,-10.016690207627233,-2.883633114978574,0.9992088560679753,0.03977011384605572,False,train
-0.8915218258409981,1,0.0525591795178369,1.0,3.490350644524044e-05,1.0,2021-04-06,Lagos,8.650291246282741,-10.262923262592459,-2.945815515318856,0.9967506498213929,-0.08054900421874167,False,train
-0.9652136021332792,1,0.0500037118990606,1.0,3.7372843501603065e-05,1.0,2021-04-13,Lagos,12.717350408209771,-10.194566226871837,-2.9956580383282816,0.9798567700958665,-0.1997015525660636,False,train
-1.2232074013805216,1,0.0505207077054078,0.8442906574394463,3.834333438528736e-05,1.0,2021-04-20,Lagos,10.312696624314936,-10.168929855289344,-2.9853719731773816,0.9487718864399473,-0.31596187665790293,False,train
-1.5086010356574868,1,0.0439040939211306,0.9411764705882352,3.1080600682921806e-05,0.972318339100346,2021-04-27,Lagos,15.775455124332982,-10.378926705659255,-3.1257477076424256,0.9039461929224011,-0.42764620926777464,False,train
-1.407089929586563,1,0.0439204747034354,0.9134948096885812,3.1935904316129804e-05,1.0,2021-05-04,Lagos,17.210751699429615,-10.351779653952878,-3.125374673473256,0.8460288880917339,-0.533137056031809,False,train
-1.5476456308373765,1,0.0412550074072638,0.9134948096885812,3.1897728918651285e-05,0.9965397923875432,2021-05-11,Lagos,26.64491199988303,-10.35297574448056,-3.1879827818775786,0.7758587728069828,-0.6309066211876704,False,train
-1.5446565511998178,1,0.0383798360417562,0.9930795847750864,2.710481435001204e-05,0.9792387543252596,2021-05-18,Lagos,18.127295962328144,-10.515799194564783,-3.260223060382625,0.6944521021088763,-0.719538934232584,False,train
-1.3986236957789118,1,0.0429328414560297,0.9896193771626296,3.3480291759765346e-05,0.9896193771626296,2021-05-25,Lagos,30.86830458149055,-10.304553597931587,-3.1481182108151176,0.6029878670694714,-0.7977503570459932,False,train
-1.4132776987081228,1,0.0413623304453448,0.9238754325259516,2.7387780439589436e-05,0.9342560553633218,2021-06-01,Lagos,26.94220812561321,-10.50541361340221,-3.185384704978957,0.5027907197793043,-0.8644081744776648,False,train
-1.4195900168721165,1,0.0419166777832355,0.8477508650519031,3.6459708961250944e-05,0.9965397923875432,2021-06-08,Lagos,26.937725172172236,-10.219302771157823,-3.1720714934640197,0.3953117887649151,-0.9185469991587165,False,train
-1.4444833484777793,1,0.0406891316467291,0.9307958477508652,3.573258907787222e-05,1.0,2021-06-15,Lagos,93.0345786105942,-10.23944742625721,-3.2017942579008722,0.2821076626819194,-0.9593827529490743,False,train
-1.3174418029213446,1,0.0430880600873429,0.9584775086505192,3.2166392904993334e-05,0.9653979238754326,2021-06-22,Lagos,69.24755683290165,-10.344588349049255,-3.1445093483877127,0.16481784665719793,-0.9863240225317866,False,train
-1.047575823298177,1,0.0399188330302946,0.9896193771626296,2.61953424484447e-05,0.9965397923875432,2021-06-29,Lagos,59.33276419579768,-10.549928932143363,-3.2209070606742087,0.04514101777397193,-0.9989806246941579,False,train
-0.4139124909839509,1,0.043311416750386,0.9965397923875432,2.1500588861914455e-05,0.9757785467128028,2021-07-06,Lagos,24.497748154901732,-10.747430234279474,-3.1393390124368707,-0.07518957641475855,-0.9971692572470178,False,train
-0.3368393083269116,1,0.0445942007405251,1.0,2.234770942805546e-05,0.916955017301038,2021-07-13,Lagos,94.15054403295706,-10.708786728597262,-3.1101514566498705,-0.19443122004766195,-0.9809161537413774,False,train
-0.2881156393667186,1,0.0459880763310024,1.0,1.9724545835932903e-05,1.0,2021-07-20,Lagos,12.09177507955793,-10.833646716291687,-3.0793731262894113,-0.3108569682435036,-0.9504567035349151,False,train
0.2636898436498805,1,0.0584106129136905,1.0,2.345590673128741e-05,0.986159169550173,2021-07-27,Lagos,15.529053239720389,-10.660388208594362,-2.840257677684331,-0.4227806579826773,-0.9062320427107697,False,train
-0.4999809035261672,1,0.053123222048285,0.8546712802768166,2.5325910961643252e-05,0.726643598615917,2021-08-03,Lagos,57.68464648301848,-10.583682537631715,-2.935141119624,-0.5285813283559292,-0.8488826652214553,False,train
-0.3672203548116352,1,0.0490345528058559,1.0,2.1198474516956757e-05,0.8719723183391004,2021-08-10,Lagos,20.924658943075595,-10.76158133562264,-3.015230070076332,-0.6267266965083301,-0.7792391467859886,False,train
-0.89764943007032,1,0.0417023201268135,0.9204152249134948,2.6140826949895226e-05,0.7993079584775087,2021-08-17,Lagos,100.4336910793473,-10.55201221484796,-3.177198513192449,-0.7157953492826642,-0.6983101158835584,False,train
-0.6752839602836519,1,0.0436737245539044,0.8685121107266436,2.7036217121286133e-05,0.7923875432525952,2021-08-24,Lagos,67.7210112814451,-10.518333215937059,-3.1310086265045345,-0.7944973291665992,-0.6072676460566135,False,train
-0.3040764292879092,1,0.0395871842952007,0.9930795847750864,2.8052617239400404e-05,0.8961937716262975,2021-08-31,Lagos,102.5468672403404,-10.48142862413084,-3.229249842009912,-0.8616928164028521,-0.5074302810827518,False,train
-0.276935895201616,1,0.0423507615931322,1.0,2.6719381802905948e-05,0.9965397923875432,2021-09-07,Lagos,55.48891851971889,-10.530121345682263,-3.1617688747368646,-0.9164086366943458,-0.4002439388573056,False,train
-0.8217872755629239,1,0.036594513046881,0.9930795847750864,2.6926058806338423e-05,0.9204152249134948,2021-09-14,Lagos,39.87082949101058,-10.522416011411309,-3.3078569665653412,-0.9578523554276669,-0.28726097055059635,False,train
-0.6413846404788855,1,0.0414296569844852,0.9896193771626296,2.511391710963535e-05,0.8546712802768166,2021-09-21,Lagos,33.20800331836555,-10.592088398966963,-3.1837583023264444,-0.9854237542919524,-0.17011767832049052,False,train
-0.6437949446758656,1,0.0382148606298731,1.0,2.5453100471159656e-05,0.9757785467128028,2021-09-28,Lagos,52.35245071276366,-10.578672996409155,-3.264530817294513,-0.9987235240803972,-0.050510617185222886,False,train
-0.8941015804718576,1,0.0379766687687102,0.9965397923875432,3.198105772421736e-05,0.9930795847750864,2021-10-05,Lagos,47.87690726909266,-10.350366776552029,-3.2707832875893015,-0.9975590477788613,0.06982797572987089,False,train
-0.16814118325114,1,0.0380295777548937,1.0,3.255795658971495e-05,0.9965397923875432,2021-10-12,Lagos,31.32644804773781,-10.332488777100457,-3.2693910600514458,-0.981947190186646,0.18915526872004093,False,train
-0.7870665270010838,1,0.0409679965985072,0.740484429065744,2.7311118085448944e-05,0.986159169550173,2021-10-19,Lagos,53.03806785511785,-10.508216682802276,-3.194964087849933,-0.9521140536681102,0.3057430764672831,False,train
-0.3117200103112428,1,0.0418907583570859,0.9550173010380624,3.2892800456717554e-05,1.0,2021-10-26,Lagos,30.726297386699535,-10.322256755242778,-3.172690040651947,-0.9084917035725082,0.41790288888678667,False,train
-0.1278226732636279,1,0.0446556800726344,1.0,3.8400376735605126e-05,1.0,2021-11-02,Lagos,25.28882690035607,-10.167443287595669,-3.1087737664776642,-0.8517119107469189,0.5240103253675756,False,train
-0.3538144699699005,1,0.0459699462448601,0.9930795847750864,3.361927915182459e-05,0.9757785467128028,2021-11-09,Lagos,33.63102262655247,-10.30041087126588,-3.0797674385173033,-0.7825970017677834,0.6225286602431057,False,train
-0.0244450375227788,1,0.0470995130488925,1.0,3.9719470043993166e-05,0.9792387543252596,2021-11-16,Lagos,12.968864760494306,-10.133669061172556,-3.0554926166779124,-0.7021479494046978,0.712031078778713,False,train
0.2111061958220639,1,0.0466050451214971,0.9134948096885812,4.2376665643274206e-05,1.0,2021-11-23,Lagos,12.986247228511358,-10.068912685820258,-3.066046479300896,-0.6115298757991053,0.7912213413483807,False,train
0.6311406157055437,1,0.0502968447240516,0.972318339100346,4.471062443363887e-05,1.0,2021-11-30,Lagos,3.8825598265972334,-10.015299401507729,-2.989812932988102,-0.5120551783114646,0.8589525565270845,False,train
0.7908125137454598,1,0.0536906008512291,0.9342560553633218,5.042998440130463e-05,1.0,2021-12-07,Lagos,1.7443154351417969,-9.894924631189497,-2.924517323490348,-0.4051645224207563,0.9142437912130223,False,train
1.2686067871490216,1,0.0565584803016576,0.8512110726643599,4.638060468620137e-05,1.0,2021-12-14,Lagos,1.7284973845575995,-9.978629188571999,-2.8724801265373663,-0.29240597695107734,0.9562942772197719,False,train
1.20492222586566,1,0.0611611339134186,0.9238754325259516,5.338516039604044e-05,1.0,2021-12-21,Lagos,0.3495837950822528,-9.837977745823387,-2.794243357978383,-0.17541259380427843,0.9844950085880858,False,train
0.7721542185287202,1,0.0649467926738355,0.9550173010380624,4.3641925744769e-05,1.0,2021-12-28,Lagos,10.796851729818702,-10.03949226999939,-2.7341869185500296,-0.05587875690537313,0.9984375616565666,False,train
1.2625067515671935,1,0.0696704261761551,0.972318339100346,4.341077673398747e-05,1.0,2022-01-04,Lagos,1.714521872735301,-10.04480283583917,-2.6639793528904234,0.06875540848113941,0.9976335468520451,False,train
0.6729701192043116,1,0.0624091520147776,0.8823529411764706,3.446075603546827e-05,1.0,2022-01-11,Lagos,5.098924889456455,-10.275689387596502,-2.774043347457807,0.18809941761179758,0.9821499931752291,False,train
1.253011114869884,1,0.0740615859169805,0.9896193771626296,5.301400905492395e-05,1.0,2022-01-18,Lagos,0.7041600964160325,-9.844954357547984,-2.6028582897780588,0.3047192331091634,0.9524422234305676,False,train
1.8176099243270956,1,0.0716706088188423,0.9550173010380624,5.8313210825891645e-05,1.0,2022-01-25,Lagos,0.1230347301565884,-9.749681889490745,-2.6356745342608576,0.4169258813287287,0.908940487313808,False,train
2.049500069611942,1,0.0870666804098269,0.9792387543252596,5.889176259199972e-05,1.0,2022-02-01,Lagos,0.662587960286754,-9.739809331212875,-2.4410810124015794,0.5230943033491326,0.8522748088519838,False,train
1.6967954891100678,1,0.0709984795207394,1.0,4.9999982573043145e-05,1.0,2022-02-08,Lagos,3.225366248236352,-9.903487901075327,-2.645096817370984,0.6216868902665479,0.7832658619336791,False,train
0.6926580259247579,1,0.0597380408422024,0.9792387543252596,4.081229924083177e-05,1.0,2022-02-15,Lagos,7.637943375753491,-10.106527070000507,-2.8177862614724347,0.7112757519738152,0.7029130847082615,False,train
1.4280629476445486,1,0.0621027975180234,1.0,4.4862981302865245e-05,1.0,2022-02-22,Lagos,4.794213338845631,-10.011897573147646,-2.778964242457951,0.7905633969115482,0.612380204990065,False,train
0.3759565415044756,1,0.0681940277652913,0.944636678200692,4.138910135150632e-05,1.0,2022-03-01,Lagos,17.120275440941274,-10.09249296416907,-2.6853982873910276,0.8584015232918917,0.512978386299228,False,train
0.7462181795685406,1,0.0582031320404325,1.0,4.019565914513973e-05,0.9930795847750864,2022-03-08,Lagos,13.871268883333151,-10.121751549633903,-2.8438161105650206,0.9138076496466615,0.4061472386305789,False,train
1.4928922392206998,1,0.0579318331177383,1.0,4.2894831992447355e-05,0.9653979238754326,2022-03-15,Lagos,10.304529723789388,-10.056759205663479,-2.848488250705373,0.9559793438440766,0.2934339689665273,False,train
0.8154582956327407,1,0.0575242361980862,1.0,4.140328079501327e-05,0.9930795847750864,2022-03-22,Lagos,14.089940818186005,-10.092150434016466,-2.855548920887472,0.984305844499033,0.17647097349152166,False,train
0.9485966035518656,1,0.060739566880138,1.0,3.9051559454893554e-05,1.0,2022-03-29,Lagos,11.282989915235174,-10.150627747651534,-2.8011599501087923,0.998376906467142,0.056952196034039754,False,train
0.3800232179773198,1,0.0578836442592747,0.9584775086505192,3.67884886557358e-05,1.0,2022-04-05,Lagos,8.99400055362903,-10.210325569992149,-2.849320416877562,0.9979887423155984,-0.06339140486951038,False,train
-0.362720717980752,1,0.0464021745944839,0.9307958477508652,3.235171120150858e-05,1.0,2022-04-12,Lagos,33.581249226048925,-10.33884364192457,-3.0704089545876876,0.9831469737221499,-0.1828169249850199,False,train
0.0725618474957324,1,0.0448048355609596,1.0,2.680359281028912e-05,1.0,2022-04-19,Lagos,23.387319529269863,-10.526974619347298,-3.1054392087573737,0.9540665500578387,-0.2995947563972602,False,train
-0.1377331633885813,1,0.0437645807103658,1.0,3.595802371738807e-05,1.0,2022-04-26,Lagos,24.74464541762574,-10.233158307674536,-3.128930448321961,0.9111686353326631,-0.41203363695942635,False,train
0.0827106072857027,1,0.0410472613989638,0.9757785467128028,3.710781615220415e-05,1.0,2022-05-03,Lagos,23.425573388166324,-10.201682932583383,-3.193031159098109,0.8550745085896932,-0.518505144391157,False,train
0.3385906402894493,1,0.0414862732720069,0.9965397923875432,3.3686489088384805e-05,1.0,2022-05-10,Lagos,29.40764883538004,-10.29841371825338,-3.182392670990091,0.7865965660866021,-0.6174672802835514,False,train
-0.3105274677113944,1,0.0382747326049112,0.8096885813148789,2.498650548800931e-05,0.8927335640138409,2022-05-17,Lagos,74.58536072786647,-10.59717465930963,-3.262965323617954,0.7067265555776159,-0.7074868024503348,False,train
0.198671750243216,1,0.0409793814073791,0.986159169550173,2.6568825485362124e-05,1.0,2022-05-24,Lagos,31.960549492466505,-10.535772003709981,-3.194686231273623,0.6166212130956382,-0.7872599821916922,False,train
-0.6252980272858437,1,0.043744671550856,0.9653979238754326,2.825518925669118e-05,0.9930795847750864,2022-05-31,Lagos,34.73030376612674,-10.474233426738516,-3.1293854667191896,0.5175855102531889,-0.8556314858488706,False,train
-0.0666926352167841,1,0.0436097427144588,1.0,3.350181831883115e-05,1.0,2022-06-07,Lagos,30.632668921015988,-10.303910842432195,-3.132474696836248,0.4110537546870351,-0.9116111071930239,False,train
-0.3325716954956537,1,0.0396976603876455,0.9826989619377162,2.608175840429957e-05,0.7923875432525952,2022-06-14,Lagos,84.18058195272397,-10.554274399700939,-3.2264630253266895,0.2985688173637202,-0.9543881083175908,False,train
-0.5415833868892123,1,0.0367632844441768,0.903114186851211,3.219931076874999e-05,0.986159169550173,2022-06-21,Lagos,56.98390714939884,-10.3435655103402,-3.3032556371677804,0.18175978759137534,-0.9833429613388902,False,train
-0.5437804557941999,1,0.0437050461618953,0.9930795847750864,2.49756243625982e-05,1.0,2022-06-28,Lagos,111.9064463929626,-10.597610234238708,-3.130291710734815,0.062318379354325076,-0.998056320853012,False,train
-0.4921445416617393,1,0.0453093094255668,0.9100346020761244,2.227144535668452e-05,0.8719723183391004,2022-07-05,Lagos,60.57973024760203,-10.712205177288459,-3.094242761523479,-0.05802556932878035,-0.9983150972033183,False,train
0.1245304326537973,1,0.0424636292867509,0.986159169550173,1.7490396783829622e-05,0.972318339100346,2022-07-12,Lagos,20.19765407150834,-10.953858582865786,-3.159107350930006,-0.17752914918703497,-0.984115542601034,False,train
-0.4321910259691686,1,0.0460426372194092,1.0,2.1088144140141285e-05,0.9619377162629758,2022-07-19,Lagos,12.844929305982417,-10.766799564493917,-3.078187415721836,-0.2944616217868012,-0.9556633054034704,False,train
-0.2237232606095553,1,0.0394610063155852,0.8754325259515571,1.5951249341507694e-05,0.6228373702422145,2022-07-26,Lagos,25.524944538666528,-11.045973403179774,-3.2324422765439325,-0.4071294853542516,-0.9133704517637858,False,train
-0.2789159691445899,1,0.0414282467272571,0.9896193771626296,2.183984249235367e-05,0.9307958477508652,2022-08-02,Lagos,5.65631761923528,-10.731774619002143,-3.183792342705577,-0.5139010013093103,-0.8578494977869301,False,train
0.0384410722519375,1,0.0473690790779122,0.8823529411764706,1.4835800059407668e-05,0.5674740484429066,2022-08-09,Lagos,51.41198168867172,-11.118467375146016,-3.0497856032759416,-0.6132298262997502,-0.7899045386224707,False,train
0.3079673367385657,1,0.0505711061090262,1.0,2.4321453264432613e-05,0.986159169550173,2022-08-16,Lagos,18.018962978323568,-10.624151746712782,-2.984374891299193,-0.7036774074790128,-0.7105196029692745,False,train
0.2379105645454957,1,0.051928917052633,0.9896193771626296,2.448743584870394e-05,0.8961937716262975,2022-08-23,Lagos,58.5213993577922,-10.617350394453904,-2.957879475326931,-0.7839338166829201,-0.620844401650647,False,train
-0.269668278860853,1,0.0455206179439727,1.0,2.2598487954611625e-05,0.8685121107266436,2022-08-30,Lagos,62.59533102197286,-10.697627558587453,-3.0895899140371204,-0.8528367217694595,-0.522177676659508,False,train
-0.641687318421695,1,0.0417140151442222,1.0,2.2985020687593844e-05,0.7958477508650519,2022-09-06,Lagos,34.506282223860715,-10.680667828658898,-3.1769181120588503,-0.9093882203647925,-0.4159483918249421,False,train
-0.3247794711573767,1,0.0399081905267485,1.0,1.8927972231602253e-05,0.7923875432525952,2022-09-13,Lagos,84.17106833293741,-10.8748697177833,-3.2211736997930167,-0.9527692922168511,-0.30369503751065885,False,train
-0.6238441320508634,1,0.0362774147683324,0.9930795847750864,2.3973310905042263e-05,0.8961937716262975,2022-09-20,Lagos,65.08622067008247,-10.638569392021086,-3.316559914037872,-0.9823516608469237,-0.18704334906991657,False,train
-0.820689874509444,1,0.0341344329613202,1.0,2.218022637176247e-05,0.8581314878892734,2022-09-27,Lagos,66.21327723522197,-10.716309369973194,-3.377448639900075,-0.9977068927101168,-0.06768276175455162,False,train
-0.5002485451545694,1,0.0334885843358592,0.944636678200692,2.163781792861154e-05,0.8823529411764706,2022-10-04,Lagos,39.8320550399236,-10.741067944162081,-3.39655066431883,-0.9986126020839734,0.052658056924614005,False,train
-0.4576207298652486,1,0.0360488659974459,0.9273356401384084,2.4982419078224457e-05,0.9653979238754326,2022-10-11,Lagos,31.9689231778734,-10.597338217354132,-3.3228798721274697,-0.9850556718215013,0.172236243027682,False,train
-0.3066341174621529,1,0.0407474908570968,1.0,3.1063033365515114e-05,0.9653979238754326,2022-10-18,Lagos,24.545853388554345,-10.379492083534034,-3.20036101525,-0.957232443323312,0.2893199776186952,False,train
-0.4071729479742026,1,0.0392394462886297,0.8788927335640139,2.9246042693267203e-05,0.9757785467128028,2022-10-25,Lagos,27.036383139890443,-10.439766285977143,-3.2380727552757245,-0.9155458729775467,0.40221356823680365,False,train
-0.1599166938196049,1,0.0432927417884181,0.7681660899653979,3.4479865548428415e-05,1.0,2022-11-01,Lagos,8.130926256823303,-10.275135011583913,-3.139770284158055,-0.8605996962501181,0.5092820071573356,False,train
-0.3513058138316032,1,0.0454991785510378,1.0,3.777658218673163e-05,1.0,2022-11-08,Lagos,14.518859213692782,-10.183821166189375,-3.0900610070115495,-0.7931896839451843,0.6089746507720486,False,train
-0.2152932057431785,1,0.0455034861905256,0.9377162629757786,3.592794095700197e-05,1.0,2022-11-15,Lagos,8.078303300086196,-10.233995265550206,-3.0899663363883705,-0.7142921172691032,0.699847677146407,False,train
0.0851355413386655,1,0.0472551350014517,0.986159169550173,3.761161809147927e-05,1.0,2022-11-22,Lagos,11.214902611877186,-10.188197563501896,-3.052193953667932,-0.6250496486104377,0.7805849965070866,False,train
-0.060995631338878,1,0.0541315776902265,0.7335640138408305,4.727958361183366e-05,1.0,2022-11-29,Lagos,19.332336251143616,-9.959431991761521,-2.9163375722793834,-0.5267547528105542,0.8500173118187018,False,train
0.5988650354709609,1,0.0538628714240168,0.8858131487889274,4.937168261215552e-05,1.0,2022-12-06,Lagos,3.2942760496723795,-9.91613352460209,-2.921313880282721,-0.42083100859565564,0.9071390534005044,False,train
0.3893999722107065,1,0.0544863824260295,0.7335640138408305,5.3272716140344814e-05,1.0,2022-12-13,Lagos,4.599732055077885,-9.84008625015529,-2.9098044722766625,-0.30881248126625377,0.9511229423235357,False,train
0.4081726651502419,1,0.0563743425726299,0.916955017301038,5.0300115883073106e-05,1.0,2022-12-20,Lagos,0.2148878672178826,-9.897503177022802,-2.8757411429101323,-0.19232150523909483,0.9813319716704275,False,train
1.0961084053443015,1,0.0616539251394621,0.8408304498269896,5.645144580288424e-05,1.0,2022-12-27,Lagos,0.0045965230819711,-9.782129655599435,-2.786218383280717,-0.07304518821104743,0.9973286321364752,False,train
1.5385091728114866,1,0.0708742788392795,0.8235294117647058,6.644777061341415e-05,1.0,2023-01-03,Lagos,0.2287017546672043,-9.619094323203582,-2.646847692093155,0.051584366869408364,0.9986686402879997,False,train
1.354928227873747,1,0.0710057428719781,0.9480968858131488,6.270404911002207e-05,1.0,2023-01-10,Lagos,0.3819601577347838,-9.67708453330333,-2.644994519691061,0.17117705961019986,0.985240282501282,False,train
0.8194100518084053,1,0.0681277324948748,0.9307958477508652,5.062246136110529e-05,1.0,2023-01-17,Lagos,6.583341419410509,-9.891115179748397,-2.6863709167866032,0.2882906407095177,0.9575429528116719,False,train
0.4527793190175289,1,0.0607622107291944,0.9273356401384084,4.935066119715697e-05,1.0,2023-01-24,Lagos,14.33375116055185,-9.916559394055856,-2.800787217301683,0.4012289854475009,0.9159777842484877,False,train
0.8269033597182888,1,0.0603318285036563,0.9965397923875432,4.778327242629485e-05,1.0,2023-01-31,Lagos,7.486172183346024,-9.948834928954081,-2.807895478623825,0.5083564379375122,0.8611467540480452,False,train
0.972178557387418,1,0.061205647151268,0.9896193771626296,4.948082091219247e-05,1.0,2023-02-07,Lagos,5.150958859292019,-9.913925419789567,-2.7935158200072845,0.6081214998935418,0.7938439653781019,False,train
2.6418943311165037,1,0.0808195690810602,0.9307958477508652,5.9931287492555626e-05,1.0,2023-02-14,Lagos,0.3290567204286151,-9.722311860451864,-2.515536151181458,0.6990793005655562,0.7150441465537444,False,train
1.714966508445718,1,0.0780372187905758,1.0,4.2638870631502175e-05,1.0,2023-02-21,Lagos,6.226653254846507,-10.062744264585447,-2.5505694021173353,0.7799125224167177,0.6258885343075018,False,train
0.2369411075003613,1,0.0657995303137072,1.0,3.784544397842397e-05,1.0,2023-02-28,Lagos,10.950521912878116,-10.181999955777071,-2.7211425787658983,0.8494504794814806,0.527668345562516,False,train
0.1460419036323686,1,0.052746118879678,0.9688581314878892,3.220955920672593e-05,1.0,2023-03-07,Lagos,9.229012840617766,-10.343247279696927,-2.9422650850734904,0.9066860720977985,0.4218060770826634,False,train
0.0022910240613797,1,0.0481409904018626,1.0,2.7618016890465513e-05,1.0,2023-03-14,Lagos,16.352463280524592,-10.497042212326766,-3.0336212734723547,0.9507903724625832,0.3098349038318025,False,train
-0.3178246108097189,1,0.0473245998174114,0.8512110726643599,3.152973443400583e-05,1.0,2023-03-21,Lagos,29.443341358083295,-10.36457950708769,-3.0507250379729753,0.981124629771712,0.19337647441020586,False,train
0.6632415363344556,1,0.0485349692964424,0.972318339100346,2.9306267815440943e-05,0.9688581314878892,2023-03-28,Lagos,17.714952990529238,-10.437709146202845,-3.025470724424671,0.9972495210773451,0.07411742515094437,False,train
0.3042037361549874,1,0.0496659341330574,1.0,2.89118961454246e-05,0.9480968858131488,2023-04-04,Lagos,24.287194725273903,-10.45125741621325,-3.0024360108123993,0.9989315138848577,-0.046215046983708354,False,train
0.7448460620383545,1,0.0461734579038781,1.0,3.325390126050884e-05,0.9965397923875432,2023-04-11,Lagos,22.13202422422922,-10.311338466602049,-3.0753501502303036,0.986146248341595,-0.16587819893463143,False,train
-0.3396388921985003,1,0.0434858217927792,0.944636678200692,2.8190871053263904e-05,0.9965397923875432,2023-04-18,Lagos,21.335047144583488,-10.476512353944791,-3.135320329814295,0.9590788900341131,-0.28313898122818354,False,train
-0.0526044423185626,1,0.0433220283370835,0.7854671280276817,3.110851610921135e-05,0.944636678200692,2023-04-25,Lagos,44.1125965963001,-10.378028946385465,-3.139094035759795,0.9181214482844365,-0.39629913726891813,False,train
-0.2068726810269675,1,0.041742192035395,1.0,2.8347661318141563e-05,1.0,2023-05-02,Lagos,23.69191937548143,-10.470966024380509,-3.1762428622914416,0.8638670987837349,-0.503719798736334,False,train
-0.2333088652983965,1,0.0422885149701384,0.9965397923875432,2.640241975517216e-05,1.0,2023-05-09,Lagos,31.75284471675257,-10.542054894619401,-3.1632397435047372,0.7971015927871943,-0.6038452208771035,False,train
-0.1684432002250767,1,0.0429588101540252,1.0,3.357428237999042e-05,1.0,2023-05-16,Lagos,26.070423719956544,-10.30175018942478,-3.147513525765989,0.7187918772884232,-0.6952253139408723,False,train
-0.2160073070903096,1,0.0405967265824429,1.0,3.065807887323327e-05,0.9653979238754326,2023-05-23,Lagos,26.030741218670975,-10.392614345543347,-3.204067841673109,0.6300720909843687,-0.7765366444428655,False,train
-0.2837360170619397,1,0.037818761293634,0.9930795847750864,2.7619103436209672e-05,0.7993079584775087,2023-05-30,Lagos,41.010719141410426,-10.497002871183062,-3.2749499689684285,0.5322271388474397,-0.8466016020976267,False,train
-0.6204478815736423,1,0.0377982547151325,0.7231833910034602,2.1343277758021738e-05,0.9307958477508652,2023-06-06,Lagos,62.3742612786913,-10.754773726977229,-3.2754923489798755,0.42667408318992467,-0.9044054548343001,False,train
-0.3775053286951019,1,0.0372984798874099,1.0,2.3146991259442017e-05,1.0,2023-06-13,Lagos,58.879544922198015,-10.673645753073227,-3.288802706851564,0.31494162072895193,-0.9491110448902284,False,train
-0.5492144857326633,1,0.0381286344463186,0.972318339100346,2.029715360705461e-05,0.9584775086505192,2023-06-20,Lagos,53.143435119752915,-10.805029898149021,-3.266789718858648,0.19864794288017112,-0.9800709131432666,False,train
-0.5564567122865022,1,0.0394276225141349,0.986159169550173,2.3277376018595683e-05,0.8096885813148789,2023-06-27,Lagos,68.93497049699354,-10.668028655431584,-3.2332886292803993,0.07947729992362097,-0.9968366760893436,False,train
-0.6439039412847868,1,0.0421851530233015,0.9965397923875432,2.4351900718109792e-05,0.8719723183391004,2023-07-04,Lagos,113.01054192280851,-10.622900653243466,-3.1656869439371684,-0.04084439154329611,-0.9991655196610109,False,train
-0.6189060927325157,1,0.0426767010843645,1.0,3.253133488523881e-05,0.9688581314878892,2023-07-11,Lagos,112.147638598212,-10.33330678280792,-3.154102149716709,-0.16057454459499376,-0.9870237158387383,False,train
-0.6131744899158476,1,0.0413516677000002,0.972318339100346,2.5251095040589344e-05,0.7370242214532872,2023-07-18,Lagos,112.88976735435962,-10.586641035239134,-3.1856425270077007,-0.2779791393987801,-0.9605871111248129,False,train
-0.2733268085420852,1,0.0438984128871252,1.0,1.9709852503509755e-05,0.6678200692041523,2023-07-25,Lagos,34.47869461485802,-10.834391920160485,-3.125877112467409,-0.3913578365610259,-0.9202385798054075,False,train
0.3815953257734116,1,0.0548144814243507,1.0,2.335500258034391e-05,0.8304498269896193,2023-08-01,Lagos,25.03192120227036,-10.664699353526633,-2.9038008603701333,-0.4990686026885319,-0.8665624788845385,False,train
0.145510697333308,1,0.0592039689060094,1.0,2.0035628411164523e-05,0.643598615916955,2023-08-08,Lagos,40.43202403203704,-10.817998448699752,-2.826766697008174,-0.5995514915196489,-0.8003361849976323,False,train
-0.3269652199703549,1,0.0518081549766237,1.0,2.4216923132010615e-05,0.8442906574394463,2023-08-15,Lagos,40.10535067410251,-10.628458866224381,-2.960207710126661,-0.6913512362094071,-0.722518835873311,False,train
-0.5147913304094723,1,0.0408383971004358,0.9965397923875432,1.990323833641744e-05,0.8166089965397924,2023-08-22,Lagos,32.895624264383216,-10.824628108999756,-3.1981325347312293,-0.7731383255706027,-0.6342374393978054,False,train
-0.7277676441728036,1,0.034804288085746,1.0,2.2466403272618568e-05,0.8131487889273357,2023-08-29,Lagos,59.161917801984565,-10.703489552553533,-3.3580146789380043,-0.8437282590292712,-0.5367705514607103,False,train
-0.0989884890486694,1,0.03700733502219,1.0,2.427084664192573e-05,0.8477508650519031,2023-09-05,Lagos,45.02412638988488,-10.62623465453566,-3.2966391421426535,-0.9020987014301837,-0.4315297589714715,False,train
-0.5115396775310854,1,0.0406246772088059,1.0,1.759394547641149e-05,0.5121107266435986,2023-09-12,Lagos,47.604071313313014,-10.947955722126231,-3.2033795839931956,-0.9474042892438845,-0.32003923622313857,False,train
-0.625567429219931,1,0.0400418637530567,1.0,2.49638274771598e-05,0.8788927335640139,2023-09-19,Lagos,49.68837195452329,-10.598082681781612,-3.21782977833927,-0.9789888737409319,-0.20391367068311472,False,train
-0.3834644002371372,1,0.0375545438293139,1.0,2.407520586255287e-05,0.9965397923875432,2023-09-26,Lagos,20.599799605324534,-10.634328049431788,-3.28196090065435,-0.9963950238187231,-0.08483487790576538,False,train
-0.3927829807188802,1,0.0371779325166698,0.7993079584775087,2.8416753479290913e-05,0.9584775086505192,2023-10-03,Lagos,55.73353885176216,-10.468531675483714,-3.292039905640319,-0.9993706508539969,0.03547255575312556,False,train
-0.4046485861527515,1,0.0363785521788242,1.0,2.5872000451116563e-05,1.0,2023-10-10,Lagos,50.96387781289117,-10.562349237693045,-3.313775903857696,-0.9878726596350429,0.15526624985999563,False,train
-0.4566387005055486,1,0.0385646483890286,0.986159169550173,3.714457274439107e-05,0.9930795847750864,2023-10-17,Lagos,31.01273183556871,-10.200692887798684,-3.255419266997297,-0.9620675724981452,0.27281126433401914,False,train
-0.1156483607875477,1,0.0416241232101791,0.9238754325259516,3.221984929601889e-05,1.0,2023-10-24,Lagos,30.14639400253913,-10.342927857569062,-3.1790753949231,-0.9223291176290545,0.3864052261209853,False,train
-0.3960763624035616,1,0.0408566063800501,0.9377162629757786,3.169160032122958e-05,0.9826989619377162,2023-10-31,Lagos,33.56785861432044,-10.35945888628658,-3.1976867478620186,-0.8692328164574792,0.4944029842076182,False,train
-0.2649160911783571,1,0.0442141101321186,1.0,3.0464520829165964e-05,0.9792387543252596,2023-11-07,Lagos,23.591755278885167,-10.398947802955837,-3.1187113070843995,-0.8035476485339116,0.5952404359043674,False,train
0.351768214067632,1,0.0456584071005818,0.944636678200692,4.043986191285503e-05,1.0,2023-11-14,Lagos,14.019000725836834,-10.115694578435662,-3.086567524591041,-0.7262249146041543,0.6874571793269664,False,train
-0.1163937513411073,1,0.045738494174075,0.889273356401384,3.5554199114058966e-05,1.0,2023-11-21,Lagos,34.29616934831564,-10.24445229015154,-3.0848150123532325,-0.6383844591746642,0.769717664006921,False,train
0.2325832248706328,1,0.0478851885092108,0.9307958477508652,3.763162212671661e-05,1.0,2023-11-28,Lagos,7.675690403339161,-10.187665847014127,-3.0389490393093848,-0.5412984521036173,0.8408305333122887,False,train
0.243058593251813,1,0.0519057306624878,0.8754325259515571,4.5215459532633246e-05,1.0,2023-12-05,Lagos,5.856297710437044,-10.004071504545069,-2.9583260775168703,-0.4363729641045924,0.8997658785476209,False,train
0.9225074142900967,1,0.054714914087201,0.9273356401384084,5.170848642323682e-05,1.0,2023-12-12,Lagos,0.164635915828527,-9.86988864246922,-2.9056189543002797,-0.3251276029999093,0.9456701548465688,False,train
0.7528669813410652,1,0.0613319961780479,0.6782006920415224,5.3218699094611286e-05,1.0,2023-12-19,Lagos,0.1148279546154226,-9.841100736632855,-2.7914536117237874,-0.20917350564635637,0.9778785428342386,False,train
1.2342123202407218,1,0.0639532859507688,0.9342560553633218,4.767016909478015e-05,1.0,2023-12-26,Lagos,0.248487813790141,-9.951204741558946,-2.749602369153525,-0.09019000427034513,0.9959245770286599,False,train
0.3176956429411921,1,0.0606917266338005,0.9688581314878892,4.4076934098439565e-05,1.0,2024-01-02,Lagos,8.463124968800694,-10.029573948659245,-2.8019478894846856,0.03439806061360801,0.9994082116062598,False,train
0.42008501415009,1,0.060875330010772,0.9688581314878892,4.9911987312270355e-05,1.0,2024-01-09,Lagos,6.948311143258301,-9.90524935735781,-2.798927276472566,0.1542040475626894,0.988039023376751,False,train
1.5353713591798224,1,0.076015148780119,0.8546712802768166,5.319911407297086e-05,1.0,2024-01-16,Lagos,0.2198010578668695,-9.84146881451904,-2.576822632504407,0.2717767384711357,0.9623603298276545,False,train
1.6724435410199183,1,0.073211630710906,0.9619377162629758,5.107540770998148e-05,1.0,2024-01-23,Lagos,2.2491803156123087,-9.882207434718167,-2.6144009811432185,0.38541335945432564,0.9227440286201427,False,train
2.3685488627596794,1,0.0843094153374103,0.972318339100346,5.220302085371461e-05,1.0,2024-01-30,Lagos,0.2733967478578344,-9.860370193989313,-2.4732617317482637,0.49346814167723735,0.8697638720650646,False,train
2.2738781090343467,1,0.0867923755150894,1.0,4.495023584000865e-05,1.0,2024-02-06,Lagos,0.8859485002780166,-10.00995455034164,-2.444236500861874,0.5943761565849831,0.804187157621448,False,train
0.6886871872063007,1,0.0646172285216898,0.8788927335640139,3.930660297810213e-05,1.0,2024-02-13,Lagos,8.049847913141402,-10.144118038491971,-2.7392742083682773,0.6866759803451553,0.726963615332308,False,train
0.1477551085160897,1,0.0647967954014013,0.9930795847750864,3.8512775152810625e-05,1.0,2024-02-20,Lagos,25.41063553977436,-10.164520549560404,-2.7364991305288604,0.7690308592589181,0.6392116531380588,False,train
0.692000058883896,1,0.0646927242596824,1.0,3.767745006951417e-05,1.0,2024-02-27,Lagos,6.987905772639108,-10.186448783860433,-2.738106537281147,0.8402480696078469,0.5422021592729844,False,train
0.6755447913750208,1,0.0624101541800771,0.9896193771626296,3.333553000413874e-05,1.0,2024-03-05,Lagos,2.7470516596069743,-10.308886762691449,-2.7740272896005718,0.8992961915530253,0.4373400963303323,False,train
0.2574448890517066,1,0.0552975966307158,1.0,2.974061883469832e-05,1.0,2024-03-12,Lagos,6.844399240135114,-10.422996808988081,-2.8950258319640034,0.945320046913132,0.3261441535642696,False,train
1.3969502768867073,1,0.056416253192769,1.0,3.8257899753693415e-05,1.0,2024-03-19,Lagos,15.032565359134225,-10.171160489507688,-2.8749979848164355,0.9776530844816641,0.2102247521189836,False,train
0.6376072884309323,1,0.0564995257467463,0.9930795847750864,3.904500466078422e-05,1.0,2024-03-26,Lagos,8.59180329160627,-10.15079561148009,-2.8735230347278677,0.9958270335100595,0.09126072172931188,False,train
0.1045746654345777,1,0.0497426897489978,0.9965397923875432,2.8202705829688657e-05,1.0,2024-04-02,Lagos,18.020554035661764,-10.476092633215849,-3.0008917658928707,0.9995786855478958,-0.029025013321975237,False,train
0.0653149245697507,1,0.0471214722896384,0.754325259515571,2.9719862254703433e-05,1.0,2024-04-09,Lagos,11.51104677472847,-10.423694972893173,-3.0550264945913175,0.9888537064205885,-0.1488903868564548,False,train
0.3269824170705774,1,0.0487812211305425,1.0,3.298293400068809e-05,1.0,2024-04-16,Lagos,9.73253979795793,-10.319520281761049,-3.0204098530812384,0.9638074231367307,-0.26659942067929354,False,train
0.3337766727516211,1,0.0481732572158324,0.9930795847750864,3.374887549089036e-05,1.0,2024-04-23,Lagos,17.86062996419566,-10.296563459989253,-3.0329512414474973,0.9248025743285089,-0.38044736628785164,False,train
-0.2341298586768006,1,0.0499475668276677,1.0,3.069459042525044e-05,1.0,2024-04-30,Lagos,10.90641061670757,-10.391424126544079,-2.9967814872328553,0.8724040568049612,-0.48878539428899265,False,train
-0.0057296504541241,1,0.0490326762146347,0.986159169550173,3.0934471517586835e-05,0.9826989619377162,2024-05-07,Lagos,33.761459493007784,-10.383639412767565,-3.015268341601696,0.8073707443023492,-0.5900444739548627,False,train
0.178065528620559,1,0.0454486564836248,1.0,2.7514314002794125e-05,1.0,2024-05-14,Lagos,40.56320710091541,-10.500804179517155,-3.09117201911185,0.7306444969184916,-0.6827580970759147,False,train
-0.1796799479269032,1,0.0476345531978578,1.0,2.9385185805267847e-05,1.0,2024-05-21,Lagos,38.044045120885066,-10.435019894786493,-3.04419687357017,0.6433365204044917,-0.765583517007675,False,train
-0.1823955901791384,1,0.045015115792248,0.71280276816609,2.634608095252367e-05,1.0,2024-05-28,Lagos,39.603822628595566,-10.544191024492884,-3.100756939121373,0.5467112728685939,-0.8373211953118121,False,train
-0.168929025760786,1,0.0420210273683868,1.0,2.5870572844383095e-05,1.0,2024-06-04,Lagos,56.121543914751555,-10.56240441881926,-3.169585134354724,0.44216815196707204,-0.8969321743510065,False,train
-0.747803902547885,1,0.0436656314553283,0.9204152249134948,2.329099836531284e-05,0.9584775086505192,2024-06-11,Lagos,55.8022182844738,-10.667443608292363,-3.13119395186,0.3312212278016865,-0.9435531242349544,False,train
-0.6163606199785812,1,0.0399463839290098,0.9065743944636678,2.2520174904330444e-05,0.9688581314878892,2024-06-18,Lagos,43.04540760672163,-10.701098988100812,-3.2202171257849788,0.21547731504673012,-0.976508846196619,False,train
-0.5652582187588812,1,0.0461811678686453,0.9792387543252596,2.6643135463190685e-05,0.9930795847750864,2024-06-25,Lagos,66.41843560257607,-10.532979021650682,-3.0751831858856242,0.0966127018812031,-0.9953220513156602,False,train
-0.3854818054635325,1,0.054324802264874,0.7923875432525952,2.74299003843162e-05,0.7750865051903114,2024-07-02,Lagos,83.48308340118993,-10.503876884654014,-2.9127743927013254,-0.023651127245231586,-0.9997202729664083,False,train
-0.5973814702071643,1,0.0537838681317839,0.972318339100346,1.7832688027677727e-05,0.3217993079584775,2024-07-09,Lagos,38.950610927164306,-10.934477378748994,-2.922781705629654,-0.1435724234118113,-0.9896398128792412,True,train
0.4262250098026379,1,0.0483100925797279,0.8408304498269896,1.1987490878951598e-05,0.5397923875432526,2024-07-16,Lagos,15.228854266285047,-11.331646878634958,-3.030114784049869,-0.2614143985111562,-0.965226663665613,False,train
0.1060995776606833,1,0.047565121560512,1.0,1.865342747470713e-05,0.7785467128027682,2024-07-23,Lagos,17.55202844036163,-10.889480649955033,-3.045655526655543,-0.3754703786876202,-0.9268343944460494,False,train
-0.1007292929833036,1,0.0482392579002185,1.0,1.8622191003879924e-05,0.8131487889273357,2024-07-30,Lagos,15.44022610906683,-10.891156623656546,-3.0315821101761755,-0.48408852163897587,-0.8750190302029955,False,train
0.1189928323411172,1,0.0501820994695228,0.9653979238754326,1.879340904579293e-05,0.8269896193771626,2024-08-06,Lagos,12.114029548263986,-10.882004332267432,-2.992096900148197,-0.5856957398073508,-0.8105309990194823,False,train
0.4203552922262349,1,0.0639792783740239,0.9619377162629758,1.6710340467487713e-05,0.8927335640138409,2024-08-13,Lagos,14.538447843315703,-10.99948284049047,-2.7491960234549153,-0.6788204829862357,-0.734304263829602,False,train
-0.0646084545040777,1,0.0587702581183635,1.0,1.2751427234709486e-05,0.5294117647058824,2024-08-20,Lagos,51.56142531105713,-11.269867352647436,-2.834119366358315,-0.7621140503891487,-0.6474427960827475,False,train
0.0571029602673276,1,0.0560270597869765,1.0,1.8903129574896255e-05,0.972318339100346,2024-08-27,Lagos,16.10894766445953,-10.876183063633174,-2.8819204944738543,-0.8343701235229537,-0.5512045872199277,False,train
-0.1281896014124169,1,0.0582790753127976,1.0,2.2175483522391417e-05,0.9965397923875432,2024-09-03,Lagos,5.868042688408539,-10.716523225163447,-2.842512164067936,-0.8945422369764496,-0.4469834295196742,False,train
-0.9219003865550918,1,0.0424838446916279,1.0,2.584062226584961e-05,0.5605536332179931,2024-09-10,Lagos,50.713880823552174,-10.5635627978441,-3.1586314002204237,-0.9417589340994617,-0.33628873017668287,False,train
-0.5643186891342117,1,0.0389025979758658,1.0,2.500491261689538e-05,0.8961937716262975,2024-09-17,Lagos,43.63666011908542,-10.596438247724773,-3.2466942445758487,-0.9753363880767837,-0.2207236509605022,False,train
-0.57158554422938,1,0.0384912927869338,1.0,2.2754604785888703e-05,0.5397923875432526,2024-09-24,Lagos,73.37494560189913,-10.690743024878152,-3.2573232246450825,-0.994788305609327,-0.10196189005174576,False,train
-0.7196850538854309,1,0.0410104829959665,1.0,2.3433149086989984e-05,0.8235294117647058,2024-10-01,Lagos,60.3098133169676,-10.661358910421782,-3.193927562130662,-0.999832969770105,0.018276557681691223,False,train
-0.833056584932123,1,0.0401824688148769,0.8408304498269896,2.871900753967543e-05,0.8512110726643599,2024-10-08,Lagos,51.01314657616567,-10.457951370799323,-3.214324477608459,-0.9903973200352558,0.13825031091098192,False,train
-0.5254262667958234,1,0.04084101223206,0.9896193771626296,2.5635645867209247e-05,0.8512110726643599,2024-10-15,Lagos,78.43273908749582,-10.571526758304067,-3.1980685006828327,-0.9666180104000972,0.2562218218071163,False,train
-0.714362604295056,1,0.0430861443613711,0.9965397923875432,3.571984517824873e-05,1.0,2024-10-22,Lagos,38.20853556805446,-10.239804136280913,-3.1445538100914066,-0.9288394302558068,0.3704825404820963,False,train
-0.6335610054199162,1,0.0430278025540021,0.916955017301038,3.592154320319277e-05,1.0,2024-10-29,Lagos,21.42486826035131,-10.234173353226154,-3.1459088012022574,-0.8776087166898392,0.4793776594606945,False,train
-0.0269856346860263,1,0.0473700507311909,0.9688581314878892,4.213948822695702e-05,1.0,2024-11-05,Lagos,8.31331180663013,-10.07452529425246,-3.049765091090941,-0.8136678304455991,0.5813300798152042,False,train
-0.3262765894895557,1,0.0474167292129204,0.9965397923875432,4.088417846689227e-05,1.0,2024-11-12,Lagos,5.289517853012034,-10.104767404305615,-3.048780175567269,-0.7379428103031386,0.6748632518680403,False,train
0.0471924806750708,1,0.0499011137151181,0.9342560553633218,4.448634413466855e-05,1.0,2024-11-19,Lagos,2.7318930095066207,-10.020328289265585,-2.9977119575334856,-0.6515303615068021,0.75862255966641,False,train
0.2735607332006508,1,0.0517186494181571,0.8062283737024222,4.556697502977901e-05,1.0,2024-11-26,Lagos,0.775553334553645,-9.99632733562957,-2.9619368387574694,-0.5556819724760489,0.8313949395234058,False,train
0.0624592169603365,1,0.0550330862294545,0.9515570934256056,5.582457541092387e-05,1.0,2024-12-03,Lagos,2.8651482555075183,-9.793296365982625,-2.8998207068107833,-0.451785789832884,0.8921264484954345,False,train
0.1500787515436225,1,0.0563519549706876,0.8996539792387543,5.414305395594075e-05,1.0,2024-12-10,Lagos,2.03579927254965,-9.823880866873623,-2.876138345740786,-0.34134651424503615,0.9399375283564133,False,train
1.2241944172181678,1,0.0573876213517275,0.9480968858131488,5.3624021340841e-05,1.0,2024-12-17,Lagos,0.0047483548667122,-9.833513430936874,-2.8579266548069415,-0.22596360824801906,0.974135744004672,False,train
0.8946608200434525,1,0.0680165073181546,0.7612456747404844,4.991191307564094e-05,1.0,2024-12-24,Lagos,0.3724530383596827,-9.905250844709618,-2.6880048485874357,-0.10730813165636247,0.9942258118156161,False,train
0.8424686660760919,1,0.0631305771628854,0.8650519031141869,4.6616150290977995e-05,1.0,2024-12-31,Lagos,1.334525714635193,-9.973563504107375,-2.762550044194127,0.012901459949419653,0.9999167727021953,False,train
1.4253795489842092,1,0.0701517686009221,0.7231833910034602,5.874048653419403e-05,1.0,2025-01-07,Lagos,0.5893350803447781,-9.742381349385168,-2.6570942610490946,0.1201261651823505,0.9927586335250793,False,train
0.852970938504073,1,0.0788179198764253,0.8927335640138409,5.193930762710912e-05,1.0,2025-01-14,Lagos,3.2849936160638538,-9.865434682062858,-2.5406148983726413,0.23851257519407648,0.9711394088771653,False,train
0.1133317914082591,1,0.068128631858664,0.8581314878892734,4.832833823429186e-05,1.0,2025-01-21,Lagos,6.551430914952305,-9.937492456429187,-2.6863577157329352,0.3534446712740877,0.9354554315134164,False,train
0.3820790760999546,1,0.0694850106159733,0.9653979238754326,4.5881484905261096e-05,1.0,2025-01-28,Lagos,7.969274263338192,-9.989448901247304,-2.666644224262812,0.4632579225674917,0.88622350294858,False,train
0.6920100345426047,1,0.0734284954105471,1.0,4.415466222205111e-05,1.0,2025-02-04,Lagos,6.142190634189534,-10.027812036896092,-2.611443197847744,0.5663619330814524,0.8241566360566663,False,train
0.8426951179005431,1,0.0718313728093187,1.0,4.933696687277048e-05,1.0,2025-02-11,Lagos,5.124495029121977,-9.916836922754076,-2.633433951156594,0.6612634749656386,0.7501537286959042,False,train
-0.0010558623218718,1,0.0707544743350025,1.0,4.002862940984923e-05,0.9930795847750864,2025-02-18,Lagos,19.3432750779951,-10.125915624620426,-2.648539502974314,0.746588114532413,0.6652865452111116,False,train
0.8126193610660881,1,0.0681491300148526,0.9965397923875432,4.637072169035161e-05,1.0,2025-02-25,Lagos,14.040037700262635,-9.978842295947889,-2.686056886660585,0.8211001178128892,0.5707841943569036,False,train
0.0628461589527548,1,0.0598406226391764,1.0,3.760796975476761e-05,0.8823529411764706,2025-03-04,Lagos,13.353768832273923,-10.188294568466135,-2.816070540303597,0.8837203473619977,0.4680153284438345,False,train
-0.1376673484369082,1,0.0553594123409755,1.0,3.4426725648284596e-05,0.972318339100346,2025-03-11,Lagos,12.866671168569166,-10.276677386841651,-2.8939085829571085,0.9335418911179212,0.35846832151248087,False,train
0.0142607135819272,1,0.0633290707130354,0.9896193771626296,4.47071982850348e-05,0.9653979238754326,2025-03-18,Lagos,20.95479819478224,-10.015376033850178,-2.7594108022858324,0.969843196967294,0.24372971360968387,False,train
0.0102543774374449,1,0.0578371618894113,1.0,3.6636592850753915e-05,0.9653979238754326,2025-03-25,Lagos,22.896864634074173,-10.214463012363343,-2.8501237706375337,0.992098522791769,0.12546123335273648,False,train
-0.2501936595145358,1,0.0491602880272325,1.0,3.092084397334438e-05,1.0,2025-04-01,Lagos,24.7667481091594,-10.384080039231266,-3.0126691353260293,0.9999855506507186,0.005375731557583884,False,train
0.1144887010196583,1,0.0471653975662783,0.944636678200692,3.178528845475317e-05,0.8166089965397924,2025-04-08,Lagos,22.381880628396058,-10.356507002432146,-3.0540947576509616,0.9933900548258936,-0.11478762552212701,False,train
0.326976304731294,1,0.049529211318412,0.9930795847750864,3.1803353913386086e-05,0.9896193771626296,2025-04-15,Lagos,13.814402513842603,-10.355938804765199,-3.0051926558196502,0.9724075561219968,-0.23328854407545518,False,train
-0.1686699238777517,1,0.0470374694757318,1.0,4.215274072666735e-05,0.9550173010380624,2025-04-22,Lagos,21.67613184633364,-10.074210852459094,-3.0568107719975397,0.9373419384643772,-0.3484108069446808,False,train
0.1869674225609921,1,0.0453279074705653,0.8961937716262975,3.4284156478052005e-05,0.9757785467128028,2025-04-29,Lagos,40.464207332281674,-10.280827220766662,-3.0938323772266876,0.8887010478292915,-0.45848712914008766,False,train
0.1560346898937808,1,0.0438493388652197,0.9930795847750864,2.8962760748628085e-05,1.0,2025-05-06,Lagos,33.94211221374664,-10.449499665272526,-3.1269956374675796,0.8271893372462497,-0.5619233046832195,False,train
-0.4325408104845888,1,0.0409489744504356,0.9930795847750864,2.731894296341076e-05,1.0,2025-05-13,Lagos,47.73870167200641,-10.507930214954168,-3.1954285129420703,0.753697664392914,-0.6572212950663319,False,train
-0.1145523001720288,1,0.0398681183706532,0.8512110726643599,2.456536241464075e-05,0.9515570934256056,2025-05-20,Lagos,34.1397119325906,-10.614173139159565,-3.222178312817093,0.6692903895412567,-0.7430009249440493,False,train
-0.081115454771398,1,0.0406794670130892,0.7335640138408305,2.900248626094962e-05,1.0,2025-05-27,Lagos,59.6271923668221,-10.44812899851648,-3.2020318098274023,0.5751899607119775,-0.8180198708443175,False,train
-0.5403497574004147,1,0.0416670903350476,0.9480968858131488,2.3889113279095205e-05,1.0,2025-06-03,Lagos,67.89291407020373,-10.642087714138542,-3.1780436623584976,0.47275920928627757,-0.881191653407483,False,train
-0.8306576596821277,1,0.0401378801355056,0.8304498269896193,1.7044805348136515e-05,0.9550173010380624,2025-06-10,Lagos,69.20452307461312,-10.979665072320136,-3.2154347487796966,0.36348161248290634,-0.9316013725767187,False,train
-0.5079256881071151,1,0.0402540043544589,0.8512110726643599,3.153837695664287e-05,0.9204152249134948,2025-06-17,Lagos,63.27314402109352,-10.364305437593597,-3.212545792998773,0.24893980855376657,-0.9685189578512204,False,train
-0.8171048707152222,1,0.0389658706577966,1.0,3.1987986534799636e-05,0.9238754325259516,2025-06-24,Lagos,44.81825086672021,-10.350150146440084,-3.245069127324506,0.13079267585675922,-0.9914097417023038,False,train
-0.6356811886774518,1,0.0420636658271691,1.0,1.78208410302022e-05,0.4740484429065744,2025-07-01,Lagos,70.82753153654095,-10.93514194117659,-3.168570955416405,0.01075130776352193,-0.9999422030204416,True,train
-0.3182025263861099,1,0.0413723790899521,0.8754325259515571,1.9266876093077186e-05,0.9307958477508652,2025-07-08,Lagos,48.9292015610765,-10.85712320113023,-3.185141792549261,-0.10944576864891556,-0.993992768446958,False,val
-0.0595243072425188,1,0.048636255038056,0.9619377162629758,2.123674488983624e-05,0.8546712802768166,2025-07-15,Lagos,11.020717797502954,-10.759777627109283,-3.0233860377493937,-0.2280577712215198,-0.9736476020539838,False,val
0.0369949117943544,1,0.0513980848189996,0.944636678200692,2.000721105298824e-05,0.698961937716263,2025-07-22,Lagos,11.700900150224896,-10.819417796744357,-2.968154367545948,-0.34336687399638804,-0.939201357453208,False,val
0.1145020529924177,1,0.0522625111384048,0.9100346020761244,2.8476134640139017e-05,0.4498269896193771,2025-07-29,Lagos,51.50075953861704,-10.466444202536781,-2.9514759691752515,-0.45370308603134424,-0.8911529104063088,True,val
0.135750310367887,1,0.0501898722790004,1.0,2.3135689424037117e-05,0.8512110726643599,2025-08-05,Lagos,31.278230996379513,-10.674134136004495,-2.9919420200684748,-0.5574684374327892,-0.8301981337405212,False,val
-0.1817362985733901,1,0.0450753733362949,1.0,1.8051824900841303e-05,0.629757785467128,2025-08-12,Lagos,19.08812917911222,-10.922263775756218,-3.0994192273692107,-0.65316012232693,-0.7572198192083127,False,val
0.6572375678341426,1,0.0550423183536652,0.972318339100346,1.7746028924912506e-05,0.5605536332179931,2025-08-19,Lagos,12.827985553002517,-10.93934878961261,-2.899652964992939,-0.7393922635959241,-0.673274892250183,False,val
0.0940357384884032,1,0.0510576141759299,0.8858131487889274,2.389704860683705e-05,0.7993079584775087,2025-08-26,Lagos,10.40015662773236,-10.641755595905915,-2.974800594152969,-0.8149159841660791,-0.5795791048257612,False,val
-0.2257935234764748,1,0.050369085646047,1.0,2.3251163504034732e-05,0.889273356401384,2025-09-02,Lagos,12.070144694597504,-10.669155383998737,-2.9883776721380606,-0.8786374941610001,-0.4774894280028391,False,val
-0.5395710434091234,1,0.0451769309727114,1.0,2.459745162173294e-05,0.5778546712802768,2025-09-09,Lagos,43.52142634857777,-10.612867713004524,-3.0971686991404015,-0.9296339319682695,-0.3684843993077793,False,val
-0.4681536445102281,1,0.0389421506500163,1.0,1.952194287251223e-05,0.5674740484429066,2025-09-16,Lagos,66.22205269842244,-10.84397144952906,-3.2456780507219958,-0.9671667297977312,-0.2541427094613622,False,val
-0.7241923006521929,1,0.0381054495017882,0.9896193771626296,2.077267017840207e-05,0.7024221453287197,2025-09-23,Lagos,67.91147429008805,-10.781872368955476,-3.26739797553452,-0.9906923101615609,-0.13612033862266704,False,val
-0.9556665432916996,1,0.0338337107739608,1.0,2.225364981134586e-05,0.8858131487889274,2025-09-30,Lagos,36.805105388711155,-10.713004526339553,-3.3862976133500164,-0.9998699583618592,-0.016126573270657762,False,val
-0.4480284736065235,1,0.0367671278433216,0.9965397923875432,3.017786353935177e-05,0.9238754325259516,2025-10-07,Lagos,62.76386775562458,-10.408401897741618,-3.3031510981334207,-0.9945667569706337,0.1041007489354256,False,val
-0.6788463680023099,1,0.0349602749328747,1.0,2.6251864952642326e-05,0.9550173010380624,2025-10-14,Lagos,34.392892559825874,-10.54777352563533,-3.353542864013062,-0.9748595108374125,0.22282040779479959,False,val
-0.4986871687881838,1,0.0384449197869531,1.0,3.152179406177673e-05,0.9273356401384084,2025-10-21,Lagos,18.78382100752463,-10.364831376390798,-3.2585287169365564,-0.9410336347451197,0.3383130181923075,False,val
-0.2161558019992958,1,0.039040066420311,0.9792387543252596,2.5989409772608645e-05,0.2664359861591695,2025-10-28,Lagos,25.43272419651444,-10.557821419356793,-3.2431668160987592,-0.8935790198239952,0.4489059314938798,True,val
-0.622728763733405,1,0.0422576032492834,0.9930795847750864,2.9096306241795862e-05,0.9826989619377162,2025-11-04,Lagos,40.5979187924957,-10.444899325115157,-3.1639709828066334,-0.8331829385891785,0.5529974600700271,False,val
-0.3260869386514323,1,0.0421921097790197,1.0,3.2579974602217514e-05,0.9965397923875432,2025-11-11,Lagos,8.009468438683857,-10.331812734342014,-3.1655220474827703,-0.7607200913564104,0.6490800741100398,False,val
-0.3285739831119963,1,0.0446712326910083,0.9273356401384084,3.634663088072377e-05,1.0,2025-11-18,Lagos,8.221027045998158,-10.222409043817489,-3.108425548498337,-0.6772399381909491,0.7357622347736525,False,val
0.0641162172050983,1,0.046215537099814,0.9480968858131488,3.139486598539644e-05,1.0,2025-11-25,Lagos,9.859043600058136,-10.36886618206804,-3.0744392365691287,-0.5839514998576998,0.8117885474764613,False,val
0.02128756711511,1,0.0471839838130158,0.9550173010380624,4.219236236269547e-05,1.0,2025-12-02,Lagos,15.355336341445772,-10.073271339968356,-3.0537007699701477,-0.4822058478963526,0.8760579434344281,False,val
0.5176303559444285,1,0.0550784948170039,0.9238754325259516,4.639567778040616e-05,1.0,2025-12-09,Lagos,10.898075483995347,-9.978304254355265,-2.8989959327099672,-0.37347653741307074,0.9276396261490467,False,val
0.3928506501652825,1,0.0542198201040659,0.944636678200692,4.766123719538602e-05,1.0,2025-12-16,Lagos,8.242285965765598,-9.951392127852044,-2.914708752805984,-0.2593382659754056,0.9657865518844574,False,val
0.2213517879861007,1,0.0524959991317054,0.986159169550173,3.980824024561048e-05,1.0,2025-12-23,Lagos,10.233746785167709,-10.131436625756987,-2.9470183193035964,-0.14144406768794202,0.9899462489023779,False,val
0.5598504791964352,1,0.052347304791402,0.9930795847750864,3.528630231529232e-05,1.0,2025-12-30,Lagos,7.968241971228351,-10.252015705724611,-2.949854827395887,-0.021501372740813793,0.999768818762748,False,val
0.477455883222699,1,0.0585279555712704,0.9204152249134948,4.421576836103758e-05,1.0,2026-01-06,Lagos,5.8249684317999115,-10.026429082251143,-2.8382507658761025,0.10303137904317879,0.9946781061893646,False,val
1.6707068864854555,1,0.06924141317557,1.0,4.385165728062847e-05,1.0,2026-01-13,Lagos,6.069235753013685,-10.034698045547191,-2.6701561390677035,0.22177215755648186,0.975098513039961,False,val
0.9791922020971346,1,0.0737593485609463,0.8961937716262975,5.083720602082287e-05,1.0,2026-01-20,Lagos,11.957932558277289,-9.886882069470584,-2.606947531647172,0.3373010691361842,0.9413968285264122,False,val
1.2890788716699215,1,0.0667558968928174,0.8754325259515571,3.8300943313194405e-05,1.0,2026-01-27,Lagos,14.147977194876717,-10.170036032493655,-2.7067126426402313,0.44794493940789115,0.8940611451454876,False,val
0.8778743150706986,1,0.0594888851274448,1.0,3.642789839564966e-05,1.0,2026-02-03,Lagos,11.939161524356736,-10.220175637445372,-2.8219657884614615,0.5521013427459208,0.8337770129585915,False,val
-0.0204496592164466,1,0.0556861035565973,0.916955017301038,3.347669520895831e-05,1.0,2026-02-10,Lagos,8.610040332190541,-10.304661026624942,-2.8880246504902676,0.6482618097757122,0.7614175109532997,False,val
1.830724384773205,1,0.0580044252571032,1.0,4.168910604465002e-05,1.0,2026-02-17,Lagos,6.174307800254447,-10.085270709221836,-2.8472359738099646,0.7350336741329412,0.6780306024735382,False,val
1.1571797173377505,1,0.0598824642230228,0.9965397923875432,4.2236612403073666e-05,1.0,2026-02-24,Lagos,15.387577524474326,-10.072223120573232,-2.815371567588367,0.8111602420785621,0.5848239578463322,False,val
0.4861774982064423,1,0.0656908004183722,1.0,4.242089968697911e-05,1.0,2026-03-03,Lagos,12.504448947220837,-10.067869400024378,-2.7227963873693404,0.8755389928586302,0.4831474640149687,False,val
0.3253632083075478,1,0.0582923200699665,0.9965397923875432,3.214460206191787e-05,1.0,2026-03-10,Lagos,9.194722378574152,-10.34526601991784,-2.842284925521423,0.9272375462179537,0.374473674486883,False,val
0.0841287140322533,1,0.0496466454640497,1.0,3.184180636302159e-05,1.0,2026-03-17,Lagos,15.400605676685537,-10.354730466090361,-3.0028244544381413,0.9655071658143364,0.2603764827344581,False,val
-0.0843134237644718,1,0.0483055012211622,0.9896193771626296,3.7242530603163295e-05,1.0,2026-03-24,Lagos,18.58628311609411,-10.198059153966122,-3.0302098278908995,0.9897936029670716,0.14250832791617088,False,val
-0.1717919127198691,1,0.0469648029818366,0.903114186851211,3.827649339140893e-05,0.9930795847750864,2026-03-31,Lagos,21.97457621654479,-10.17067459977061,-3.0583568305442106,0.9997451236925734,0.022576263041545485,False,val
0.7237204940140356,1,0.0427984209737701,1.0,3.9833313125704615e-05,0.9826989619377162,2026-04-07,Lagos,14.978328867611982,-10.130806982565433,-3.151254070211167,0.9952176027737294,-0.09768276782171598,False,val
-0.2296544876520837,1,0.0420337780995328,1.0,3.0618231067971496e-05,0.9965397923875432,2026-04-14,Lagos,23.266058283056104,-10.393914939881258,-3.1692817434617746,0.9762766110869321,-0.21652708524481437,False,val
-0.0019498113757102,1,0.0409310829665387,0.9826989619377162,2.773788663116664e-05,0.9965397923875432,2026-04-21,Lagos,23.908269064886827,-10.492711330869255,-3.195865529835953,0.9431964659565866,-0.33223549871590435,False,val
0.3375500635928742,1,0.0419954321000048,1.0,3.174507474856975e-05,1.0,2026-04-28,Lagos,21.460995763449596,-10.35777297068816,-3.17019442613721,0.8964562582905575,-0.44313223418263453,False,val
0.0252012286346946,1,0.0411289323230052,1.0,3.1372815739887806e-05,1.0,2026-05-05,Lagos,41.89889510729616,-10.369568780787942,-3.191043455671308,0.8367329140344921,-0.5476112038402312,False,val
-0.3442447262660055,1,0.0373140382193918,0.9238754325259516,2.888322928613111e-05,0.9896193771626296,2026-05-12,Lagos,43.95975950803235,-10.452249432803935,-3.288385663368723,0.7648913904341226,-0.6441592666722685,False,val
-0.1067275736203196,1,0.0370763460196573,0.8996539792387543,2.519477940009928e-05,0.9792387543252596,2026-05-19,Lagos,71.33144181576185,-10.588873751571601,-3.294776086299367,0.6819721490904629,-0.7313781428679254,False,val
-0.2390118636583067,1,0.0389074280521566,0.7058823529411765,2.56467195748689e-05,0.9204152249134948,2026-05-26,Lagos,22.87565775706508,-10.571094886344328,-3.246570094089245,0.5891760872322963,-0.8080046647350754,False,val
-0.5721946411455533,1,0.0406372268308207,1.0,2.0097676637976857e-05,0.9757785467128028,2026-06-02,Lagos,83.74212073985952,-10.814906339730705,-3.203070715470783,0.4878471454423119,-0.8729290708206411,False,val
-0.3857580384291502,1,0.0410752710144545,0.8546712802768166,3.749033351309064e-05,1.0,2026-06-09,Lagos,49.19592543125622,-10.191427431201324,-3.1923490170415096,0.37945284372454435,-0.925211078289358,False,val
-0.5393850066152673,1,0.0372766158473052,0.8442906574394463,3.752928660984804e-05,0.8408304498269896,2026-06-16,Lagos,114.05872644825529,-10.19038895352857,-3.2893890699132737,0.26556302780405594,-0.9640935007889755,False,val
-0.5352061614498652,1,0.0386472753936684,0.9965397923875432,2.3983160155725356e-05,0.944636678200692,2026-06-23,Lagos,104.4802975436718,-10.63815863407315,-3.253279000775893,0.14782713347053048,-0.9890132145779883,False,val
-0.4746529884632597,1,0.037695628806416,1.0,2.8125679753168364e-05,0.8512110726643599,2026-06-30,Lagos,124.94497644536482,-10.478827528730214,-3.278211138029936,0.02795029824021032,-0.999609314096404,False,val
-0.4292169392700479,1,0.0374265654039511,0.9411764705882352,2.2473264681702215e-05,0.2352941176470588,2026-07-07,Lagos,76.98499183717088,-10.703184191635248,-3.285374521790317,-0.09233133369539123,-0.9957283388645872,True,val
-0.4789572041497939,1,0.0467270298704394,0.9411764705882352,1.668776402731979e-05,0.4256055363321799,2026-07-14,Lagos,31.88216418705756,-11.00083480006711,-3.0634324836640756,-0.2112757555821793,-0.9774264960104055,True,val
-0.225145508210444,1,0.0410444841763745,0.9965397923875432,2.1063694719996772e-05,0.71280276816609,2026-07-21,Lagos,37.932723797955504,-10.767959628849237,-3.193098820531567,-0.3271603271220951,-0.9449688462364056,False,val
0.2978662653345414,1,0.0497058592244741,0.9688581314878892,1.246521464019533e-05,0.698961937716263,2026-07-28,Lagos,28.683215829460647,-11.292568621706975,-3.0016324609877256,-0.4383067230125192,-0.898825465016444,False,val
-0.3090439737100979,1,0.0435851830045104,0.9688581314878892,1.8633745472050513e-05,0.5536332179930796,2026-08-04,Lagos,25.289458049116,-10.890536348359023,-3.1330380257317167,-0.5431052396834317,-0.8396646346181327,False,val
-0.0687053411947693,1,0.043823130435088,0.9965397923875432,1.4554960971688864e-05,0.5986159169550173,2026-08-11,Lagos,15.175003408887283,-11.13757866220698,-3.127593508866014,-0.6400381082043503,-0.7683431655492202,False,val
-0.1791732732560784,1,0.0431571282491459,0.9930795847750864,2.5439053493680407e-05,0.6366782006920415,2026-08-18,Lagos,27.216631456417417,-10.579225025621582,-3.1429076781287564,-0.7277014757264236,-0.6858939875998223,False,val
-0.5738378739456543,1,0.0403559352025574,1.0,2.203625669083694e-05,0.8442906574394463,2026-08-25,Lagos,47.73139191188498,-10.72282142971785,-3.2100168020831106,-0.8048257371083452,-0.593511190196115,False,val
-0.6109081750159405,1,0.0339887071785817,1.0,4.977948344558436e-05,0.20703125,2019-01-01,London,0.6141208163928886,-9.907907637824662,-3.381726951343703,0.017201575418260506,0.9998520419557735,True,train
-0.607838516018429,1,0.033504347850201,1.0,6.266340610591147e-05,0.97265625,2019-01-08,London,1.7243921974044836,-9.67773291538087,-3.3960800619995006,0.13718540405660057,0.9905453876091833,False,train
-0.4686592131299678,1,0.0339053599843786,1.0,0.0001162098007437,1.0,2019-01-15,London,4.867664430442251,-9.060113373353628,-3.3841821654604725,0.2551824131233728,0.9668929289391521,False,train
-0.6316392677999062,1,0.0314918080376182,1.0,8.360054506512345e-05,1.0,2019-01-22,London,12.74347580420857,-9.389460517977128,-3.458027829270448,0.3694836834473831,0.9292372181882051,False,train
-0.6610953041335397,1,0.0333100862213392,1.0,0.0001045986257691,0.99609375,2019-01-29,London,23.140134363112026,-9.165380144382471,-3.4018950383278064,0.4784338202547012,0.8781236129591848,False,train
-0.5714246624052531,1,0.0336762499980269,1.0,5.2886420494531794e-05,0.91015625,2019-02-05,London,24.91139506257665,-9.847363953480091,-3.390962437908342,0.580454927809098,0.8142923779467267,False,train
-0.7515027879563969,1,0.0324472467951237,1.0,0.000131658003021,1.0,2019-02-12,London,1.7846850945949249,-8.935302883736673,-3.4281396839577725,0.6740694616546162,0.7386679638813748,False,train
-1.032365843955388,1,0.0369174359038876,1.0,0.0001148438337183,1.0,2019-02-19,London,0.1197028308752217,-9.071937320141656,-3.2990713218164682,0.7579216274973472,0.6523456189565257,False,train
-0.944473786945125,1,0.0348250531168567,1.0,0.0001951060905779,1.0,2019-02-26,London,13.334075651781976,-8.54196709309874,-3.3574182340667003,0.8307970168121247,0.5565755266413303,False,train
-0.9057388318427352,1,0.0357674250391931,1.0,4.3102516985115994e-05,1.0,2019-03-05,London,20.67178719479253,-10.051929163833123,-3.3307177149058624,0.8916401947968874,0.45274469960737107,False,train
-1.0692428427589036,1,0.0353912341288509,1.0,4.0779709005343006e-05,0.9765625,2019-03-12,London,23.29169127856811,-10.107325928563311,-3.341291112984952,0.9395699859530622,0.342356891994542,False,train
-0.9556028559412552,1,0.0383616290342966,1.0,8.19377603966822e-05,1.0,2019-03-19,London,0.982967457715552,-9.40955061845386,-3.2606975628639936,0.9738922359149924,0.22701082094141847,False,train
-1.0929287636791605,1,0.0385316833571814,1.0,9.678015162933708e-05,1.0,2019-03-26,London,0.6697818558009582,-9.24306862985785,-3.256274431779058,0.9941098647022418,0.10837701279187609,False,train
-0.754028434102176,1,0.0367209587283622,0.98828125,9.6393094778082e-05,0.19921875,2019-04-02,London,18.008494002783713,-9.24707598984615,-3.304407604410495,0.9999300657962057,-0.011826390691832589,True,train
-1.1133197281794207,1,0.0385921007213564,1.0,7.337400527705826e-05,1.0,2019-04-09,London,7.652049757799441,-9.519940836608987,-3.2547076679783453,0.9912685467787256,-0.13185851571739118,False,train
-1.3116986502064725,1,0.0393562330948198,1.0,0.000114471630823,1.0,2019-04-16,London,1.02285765763172,-9.075183531406973,-3.235100915269767,0.9682507501166718,-0.2499809690726521,False,train
-0.9582524190605468,1,0.0335206894432591,1.0,3.3446407681782774e-05,0.51171875,2019-04-23,London,13.49004756433241,-10.305566170825825,-3.395592435463454,0.9312100364121947,-0.3644830148102912,False,train
-1.1303249231381205,1,0.0350792793150222,1.0,4.3676042256896583e-05,0.640625,2019-04-30,London,9.6184930974382,-10.03871083830453,-3.350144655730743,0.8806828564301475,-0.47370635037968,False,train
-1.179063795993743,1,0.0335375358155544,1.0,8.778273805993873e-05,1.0,2019-05-07,London,29.590961160520873,-9.340645681892424,-3.395089995305377,0.8174009818249189,-0.5760691233798758,False,train
-1.1912277808560496,1,0.0340790749380278,1.0,8.571555442262516e-05,1.0,2019-05-14,London,4.409288720546739,-9.36447625031569,-3.379071721226635,0.742280907086982,-0.6700888411055113,False,train
-1.2762480082476844,1,0.0321331883018753,1.0,7.566019528852942e-05,1.0,2019-05-21,London,2.941598614562532,-9.489258357629634,-3.4378658794710497,0.6564105761979381,-0.7544038410927472,False,train
-1.2084214324362137,1,0.0321974667890136,1.0,7.283109420998178e-05,0.91015625,2019-05-28,London,5.392556432986665,-9.527367575681696,-3.435867500675158,0.5610336262283677,-0.8277930117131022,False,train
-0.9407288968243452,1,0.0304794538069302,0.99609375,2.3451828401705065e-05,0.609375,2019-06-04,London,57.85274941849213,-10.66056209588954,-3.490702468044389,0.4575313760742512,-0.8891934772070711,False,train
-1.05749164082903,1,0.0286667255248571,1.0,4.037998917523127e-05,0.92578125,2019-06-11,London,23.573182422214916,-10.117176213152147,-3.5520182182061575,0.3474028211842774,-0.9377159910299093,False,train
-1.0957712196527587,1,0.0288375956521045,0.98828125,3.9147788224410814e-05,0.375,2019-06-18,London,13.21673485046174,-10.148166632029852,-3.546075338553063,0.23224292400907015,-0.9726578145718654,True,train
-0.9649517381867508,1,0.0283569383910982,1.0,5.8273579491804595e-05,1.0,2019-06-25,London,18.349308056556907,-9.750361749284561,-3.5628835383256843,0.11371951458594969,-0.9935128947338007,False,train
-1.4607774332252736,1,0.0268342887763724,1.0,9.290294469011406e-05,1.0,2019-07-02,London,5.637192198385982,-9.28395521522903,-3.6180747772867434,-0.00645086419810515,-0.9999791929590823,False,train
-1.2570175104141432,1,0.0290780773692775,1.0,7.849896264135083e-05,0.8046875,2019-07-09,London,3.832344963860527,-9.452425148023089,-3.537770743726821,-0.12652781683868314,-0.9919630595773397,False,train
-1.3206616083934613,1,0.03135429131596,1.0,8.191847555741589e-05,0.8828125,2019-07-16,London,20.027876072736262,-9.409786005764488,-3.4624041371893197,-0.24477230089725957,-0.9695805901076308,False,train
-1.214645372248764,1,0.0308940963623259,1.0,6.677895478848303e-05,1.0,2019-07-23,London,21.20896896723287,-9.614122575136346,-3.4771901695674123,-0.3594718130884232,-0.9331559438780432,False,train
-1.2347119128146162,1,0.0312245288363841,1.0,4.7045320739080946e-05,0.6953125,2019-07-30,London,10.879685436959724,-9.964399149820613,-3.466551312391495,-0.46896519100763184,-0.8832166493127127,False,train
-1.2087001918776992,1,0.0318435832769005,1.0,3.824188301682778e-05,0.87890625,2019-08-06,London,26.017027650246792,-10.17157922892157,-3.4469193842344583,-0.5716666713027052,-0.8204859638785327,False,train
-1.212179732560006,1,0.034337337561912,1.0,3.132920874255086e-05,0.9921875,2019-08-13,London,17.714198968306075,-10.370959708903179,-3.371521958204275,-0.666088855860977,-0.7458723993404063,False,train
-1.575035638943415,1,0.0350756037542412,1.0,7.717837892561792e-05,1.0,2019-08-20,London,0.2295251286791031,-9.469391205889613,-3.3502494399060865,-0.7508642533989489,-0.6604565640279754,False,train
-1.4439267903631436,1,0.0317809421828233,1.0,7.168575208920591e-05,1.0,2019-08-27,London,3.3940247808400072,-9.543218545736984,-3.448888471276427,-0.8247650844733614,-0.5654755126737576,False,train
-1.1351485273957207,1,0.0326765120200968,1.0,5.264647782617087e-05,1.0,2019-09-03,London,9.245281503719957,-9.851911219510546,-3.4210987460177162,-0.886721063082993,-0.46230483047981086,False,train
-1.2544151196176956,1,0.0304669079519791,1.0,8.296453531243488e-05,1.0,2019-09-10,London,1.9587215447199415,-9.397097326872442,-3.491114169572298,-0.9358348973349941,-0.35243871088460327,False,train
-1.2061549865823449,1,0.0303420117840684,1.0,9.710187985309649e-05,1.0,2019-09-17,London,6.288139255174679,-9.2397498228843,-3.495221999281504,-0.97139528468375,-0.23746831555846842,False,train
-1.1335559411240754,1,0.0289573058758624,1.0,3.5448278654373756e-05,0.734375,2019-09-24,London,63.93290072883551,-10.247435863164396,-3.5419327449404987,-0.9928872135356962,-0.11905873003404988,False,train
-1.1118906724593485,1,0.0284738480963058,1.0,5.046326650999526e-05,0.984375,2019-10-01,London,22.03222730685643,-9.894264882205352,-3.55876922362585,-0.9999994220246925,0.001075151282798226,False,train
-0.9490296969205032,1,0.0291851621250474,1.0,3.834600890565867e-05,0.81640625,2019-10-08,London,45.61153408693123,-10.168860105823313,-3.534094845260524,-0.9926289059345095,0.12119346147073601,False,train
-0.9503883294591352,1,0.0288215339052702,1.0,5.361556557367603e-05,0.91015625,2019-10-15,London,18.081919127317505,-9.833671129552204,-3.546632466188289,-0.9708824104813836,0.2395565591209271,False,train
-0.9878134748581952,1,0.0287680677372143,1.0,9.458685266975883e-05,1.0,2019-10-22,London,16.715241039867497,-9.265992069685739,-3.5484892660928664,-0.9350748843515574,0.3544502230989869,False,train
-0.8408467364372805,1,0.0298873038806805,1.0,8.818153254608594e-05,0.95703125,2019-10-29,London,17.2559411876652,-9.33611299843856,-3.510321508137065,-0.8857249183835637,0.4642104791518923,False,train
-0.742477066280245,1,0.0296682757770319,1.0,7.821867193134764e-05,1.0,2019-11-05,London,27.941054402859088,-9.456002167413777,-3.5176769597137922,-0.8235472349556007,0.5672476988027229,False,train
-0.7200427501856308,1,0.0307883305113412,1.0,8.782187644387048e-05,1.0,2019-11-12,London,17.37819594820168,-9.340199926128086,-3.48061954029749,-0.7494423368521953,0.6620696215153815,False,train
-0.6476556837316283,1,0.0297914793031176,1.0,7.118671606182602e-05,0.3828125,2019-11-19,London,11.347238941762129,-9.550204329118461,-3.5135328557819743,-0.6644834655228552,0.7473029667054297,True,train
-0.8461291093764397,1,0.0311126888639331,1.0,0.0001128097989999,1.0,2019-11-26,London,16.64420536587966,-9.089807352106856,-3.470139540951428,-0.5699010576127624,0.821713322596059,False,train
-0.673433753190937,1,0.0311923662105027,1.0,7.17827842865161e-05,1.0,2019-12-03,London,8.392840793593923,-9.541865883828576,-3.4675818868442567,-0.46706492487743034,0.8842230238742036,False,train
-0.6782202251576631,1,0.0306812152383424,1.0,3.004241101748871e-05,1.0,2019-12-10,London,36.5596896340869,-10.412900474053044,-3.4841046931520787,-0.3574644155648614,0.9339267592294762,False,train
-0.6929426364930197,1,0.0306241068212315,1.0,6.521082197558855e-05,1.0,2019-12-17,London,45.67004143532604,-9.637885121584342,-3.485967775563566,-0.2426868445825954,0.9701046827361175,False,train
-0.7585609191566756,1,0.0316017652055953,1.0,8.38086904042822e-05,1.0,2019-12-24,London,9.674944220541615,-9.386973851744756,-3.4545422990128745,-0.12439450483979998,0.9922328391893008,False,train
-0.7922535654982551,1,0.0322424234420722,1.0,6.0390590766672706e-05,1.0,2019-12-31,London,6.322515399152148,-9.714677247167513,-3.4344721953699766,-0.004300592702981974,0.9999907524084426,False,train
-0.7114189194173712,1,0.0338974832845894,1.0,6.786544983067881e-05,0.97265625,2020-01-07,London,14.257549210635224,-9.597983491920115,-3.3844145067442555,0.1201261651823505,0.9927586335250793,False,train
-1.0061402452978794,1,0.0356057745095678,1.0,8.264473497985727e-05,1.0,2020-01-14,London,24.599615317671013,-9.400959438329396,-3.3352474489530755,0.23851257519407648,0.9711394088771653,False,train
-0.7750803512254492,1,0.0342424244128987,1.0,0.0001401460844034,1.0,2020-01-21,London,13.736950494606026,-8.872825219356683,-3.3742899237637736,0.3534446712740877,0.9354554315134164,False,train
-0.8944421749484963,1,0.033888273277823,1.0,2.072835934633604e-05,1.0,2020-01-28,London,9.462901922621452,-10.784007778578394,-3.384686245448377,0.4632579225674917,0.88622350294858,False,train
-0.8314385609734702,1,0.0364167151509411,1.0,0.0001129831736707,1.0,2020-02-04,London,10.363148216510185,-9.088271655908494,-3.3127274022994766,0.5663619330814524,0.8241566360566663,False,train
-1.1238032229723622,1,0.033385729208045,1.0,5.353560686483778e-05,1.0,2020-02-11,London,30.527433204277585,-9.835163576566273,-3.399626739525194,0.6612634749656386,0.7501537286959042,False,train
-0.9475699609799486,1,0.034063987443728,1.0,3.995433899071888e-05,0.5703125,2020-02-18,London,15.2393552291116,-10.127773281118552,-3.379514539439348,0.746588114532413,0.6652865452111116,False,train
-1.0777932990873926,1,0.0334921887191506,1.0,3.158530155405948e-05,0.99609375,2020-02-25,London,28.988696581272915,-10.362818686277217,-3.3964430399027337,0.8211001178128892,0.5707841943569036,False,train
-1.2558322782991305,1,0.0352999584479959,1.0,7.375426734822853e-05,1.0,2020-03-03,London,21.126367943140757,-9.514771702069444,-3.3438734921541764,0.8837203473619977,0.4680153284438345,False,train
-1.2356997063092467,1,0.035420259982291,1.0,5.437836700307917e-05,1.0,2020-03-10,London,9.015414136258276,-9.8195441485768,-3.3404713066687575,0.9335418911179212,0.35846832151248087,False,train
-1.1512631455003914,1,0.0387676563403228,1.0,6.552440635277072e-05,1.0,2020-03-17,London,2.2235149591444,-9.63308786865436,-3.250168979466376,0.969843196967294,0.24372971360968387,False,train
-1.4059541207065327,1,0.0396107390678309,1.0,6.98315386358559e-05,1.0,2020-03-24,London,1.3136994343509358,-9.56942480732565,-3.2286550089050907,0.992098522791769,0.12546123335273648,False,train
-1.3218261893672314,1,0.037526000319248,1.0,3.548968443648882e-05,1.0,2020-03-31,London,2.061038189617466,-10.246268482963071,-3.2827212444095726,0.9999855506507186,0.005375731557583884,False,train
-1.5849429349766997,1,0.0394092075857061,1.0,5.3311987764087285e-05,1.0,2020-04-07,London,0.5733594890391343,-9.839349340935092,-3.233755794912005,0.9933900548258936,-0.11478762552212701,False,train
-1.4773778394355,1,0.0380725654722802,1.0,6.503693601125724e-05,1.0,2020-04-14,London,7.780208042985761,-9.64055520313241,-3.2682613225661212,0.9724075561219968,-0.23328854407545518,False,train
-1.5511465395614674,1,0.0379745204269257,1.0,6.968082386365316e-05,1.0,2020-04-21,London,0.1086639396521588,-9.571585401958737,-3.270839859232427,0.9373419384643772,-0.3484108069446808,False,train
-1.127552694982028,1,0.0352117380068733,1.0,3.6324598662438334e-05,0.8515625,2020-04-28,London,29.64819252520478,-10.223015397090963,-3.3463757858611944,0.8887010478292915,-0.45848712914008766,False,train
-1.5984477722459596,1,0.0358735702026447,1.0,6.176044306223e-05,1.0,2020-05-05,London,0.6005671831996118,-9.692247478338414,-3.3277544606751275,0.8271893372462497,-0.5619233046832195,False,train
-1.4588230179746555,1,0.0358949784666169,1.0,5.544484799083527e-05,0.9921875,2020-05-12,London,0.2024713031297435,-9.800121761183643,-3.3271578688531074,0.753697664392914,-0.6572212950663319,False,train
-1.6529218674668482,1,0.0350989528062741,1.0,4.305635985848941e-05,1.0,2020-05-19,London,1.4850532282997224,-10.053000606097301,-3.3495839835344623,0.6692903895412567,-0.7430009249440493,False,train
-1.626469369420982,1,0.0328268713234446,1.0,5.38200564837982e-05,1.0,2020-05-26,London,0.033536860322484,-9.829864363171486,-3.416507851326243,0.5751899607119775,-0.8180198708443175,False,train
-1.4135760326258833,1,0.0295714402046139,1.0,6.197337215735114e-05,0.95703125,2020-06-02,London,6.354114150298665,-9.688805746505752,-3.520946241379418,0.47275920928627757,-0.881191653407483,False,train
-1.2656649571156775,1,0.0282313103619167,1.0,2.172561345485679e-05,0.74609375,2020-06-09,London,15.786152210396947,-10.73701864993384,-3.5673236204395207,0.36348161248290634,-0.9316013725767187,False,train
-1.4949502305465805,1,0.0289155909318526,1.0,4.226641267740443e-05,1.0,2020-06-16,London,32.296825617251926,-10.071517813856987,-3.543374350719205,0.24893980855376657,-0.9685189578512204,False,train
-1.6037107820584018,1,0.0301564241231557,1.0,5.567056846886818e-05,1.0,2020-06-23,London,8.72534109779374,-9.79605894441686,-3.5013573064274413,0.13079267585675922,-0.9914097417023038,False,train
-1.3383680266688975,1,0.0263635622291167,1.0,3.441998261441114e-05,0.94921875,2020-06-30,London,10.068923622164103,-10.27687327228237,-3.6357724408029632,0.01075130776352193,-0.9999422030204416,False,train
-1.388012690307328,1,0.0272196979809642,1.0,5.0209742337536446e-05,0.8515625,2020-07-07,London,18.363356885200098,-9.899301479626974,-3.6038143773029514,-0.10944576864891556,-0.993992768446958,False,train
-1.437262803538948,1,0.0266672714766269,1.0,4.244461845043363e-05,1.0,2020-07-14,London,6.158499193616198,-10.067310427084776,-3.624318252860052,-0.2280577712215198,-0.9736476020539838,False,train
-1.5479151061137146,1,0.0266810572191072,1.0,5.156840995478776e-05,0.84375,2020-07-21,London,18.370572796766208,-9.872601283132461,-3.623801432816231,-0.34336687399638804,-0.939201357453208,False,train
-1.4653664644223572,1,0.0291305461329711,1.0,5.6738592135774e-05,1.0,2020-07-28,London,1.1935895783133808,-9.777055941443855,-3.5359679600584535,-0.45370308603134424,-0.8911529104063088,False,train
-1.7215885115681189,1,0.0288951048344838,1.0,6.86426968083201e-05,1.0,2020-08-04,London,1.6379496181850677,-9.586595814390863,-3.5440830811004864,-0.5574684374327892,-0.8301981337405212,False,train
-1.3363692075206095,1,0.0299374142784364,1.0,7.093913689863742e-05,1.0,2020-08-11,London,37.16280670150692,-9.553688275331698,-3.50864626716587,-0.65316012232693,-0.7572198192083127,False,train
-1.3593306553248956,1,0.0282897439464609,1.0,3.50057097086821e-05,1.0,2020-08-18,London,14.232020764074788,-10.259999375246077,-3.5652559447361014,-0.7393922635959241,-0.673274892250183,False,train
-1.179693532265168,1,0.0289129191558796,1.0,2.9126512374309876e-05,0.1953125,2020-08-25,London,35.795444507369055,-10.44386172041164,-3.5434667541365106,-0.8149159841660791,-0.5795791048257612,True,train
-1.4405816941985825,1,0.0297880195038194,1.0,6.58662089494283e-05,0.6484375,2020-09-01,London,5.376984875533735,-9.627885010491118,-3.513648996379709,-0.8786374941610001,-0.4774894280028391,False,train
-1.2568913228309244,1,0.0325188064171777,1.0,5.2054774312023327e-05,1.0,2020-09-08,London,0.2668602235891951,-9.863214041614658,-3.425936698014916,-0.9296339319682695,-0.3684843993077793,False,train
-1.169066106184829,1,0.0332747576013497,1.0,8.182491723463397e-05,1.0,2020-09-15,London,0.1836768429185619,-9.410928749069946,-3.4029561994352426,-0.9671667297977312,-0.2541427094613622,False,train
-1.1894293712158284,1,0.0313359269116148,1.0,7.74097350361393e-05,1.0,2020-09-22,London,12.21480426273152,-9.466398009616974,-3.4629900150308623,-0.9906923101615609,-0.13612033862266704,False,train
-1.2545091305707006,1,0.0331888740755861,1.0,5.439309427228074e-05,0.9296875,2020-09-29,London,82.1161245302628,-9.81927335568464,-3.405540577429586,-0.9998699583618592,-0.016126573270657762,False,train
-1.1446090076273685,1,0.0325065844049206,1.0,4.059680569622436e-05,0.98046875,2020-10-06,London,17.284175611322706,-10.111821171884717,-3.426312613091981,-0.9945667569706337,0.1041007489354256,False,train
-1.3639789785179413,1,0.0340887298313075,1.0,6.27533600440701e-05,0.9296875,2020-10-13,London,5.766935279285812,-9.676298434866899,-3.3787884528016967,-0.9748595108374125,0.22282040779479959,False,train
-0.6491645323279882,1,0.0328561860182625,1.0,4.058708299857489e-05,1.0,2020-10-20,London,36.25341875445699,-10.11206069472237,-3.4156152407216003,-0.9410336347451197,0.3383130181923075,False,train
-0.8888415358862972,1,0.0301134975996651,1.0,4.5123635339677497e-05,0.7734375,2020-10-27,London,13.817886020613075,-10.006104383548521,-3.5027817825018137,-0.8935790198239952,0.4489059314938798,False,train
-1.1223796514999798,1,0.0324658761064805,1.0,9.71379851218783e-05,1.0,2020-11-03,London,5.538587199905262,-9.239378063264281,-3.4275657072012855,-0.8331829385891785,0.5529974600700271,False,train
-1.0663121099846244,1,0.031101453125752,1.0,5.678776884369125e-05,1.0,2020-11-10,London,26.34476897815032,-9.776189592684522,-3.470500736587787,-0.7607200913564104,0.6490800741100398,False,train
-0.8807740401611617,1,0.0323710655401218,1.0,6.0633994083636805e-05,0.94140625,2020-11-17,London,2.451294492351641,-9.710654863691541,-3.4304902940657724,-0.6772399381909491,0.7357622347736525,False,train
-0.9025244689446172,1,0.0328635856313964,1.0,7.55497349033129e-05,0.81640625,2020-11-24,London,2.5413408181010135,-9.490719378142312,-3.4153900539024913,-0.5839514998576998,0.8117885474764613,False,train
-0.9744542127150848,1,0.0341865669120335,1.0,7.025483067765464e-05,1.0,2020-12-01,London,24.37443177557803,-9.563381488019832,-3.3759224924218816,-0.4822058478963526,0.8760579434344281,False,train
-0.8597283589484651,1,0.0333007351091846,1.0,9.69322436253338e-05,0.97265625,2020-12-08,London,22.652834400934054,-9.24149834286564,-3.4021758068885073,-0.37347653741307074,0.9276396261490467,False,train
-1.0915388265081456,1,0.0341439977287868,1.0,5.1899666733508666e-05,1.0,2020-12-15,London,16.075367821280427,-9.866198189132726,-3.377168470381459,-0.2593382659754056,0.9657865518844574,False,train
-0.8413479125373386,1,0.0348062842635522,1.0,3.4508516036618285e-05,1.0,2020-12-22,London,29.57812222881388,-10.274304422746235,-3.357957326218744,-0.14144406768794202,0.9899462489023779,False,train
-0.9362511622165096,1,0.0374915755957613,1.0,3.790751694877632e-05,0.89453125,2020-12-29,London,4.388958390374123,-10.18036112916263,-3.283639022023237,-0.021501372740813793,0.999768818762748,False,train
-0.8512174636071942,1,0.0367321260164754,1.0,9.454478387916868e-05,0.9921875,2021-01-05,London,4.668903407007769,-9.266436932238102,-3.3041035385366646,0.08590610426133272,0.9963032375991965,False,train
-1.2596023589606884,1,0.0359415668487977,1.0,4.518980873558946e-05,0.58984375,2021-01-12,London,41.396772499699416,-10.004638966999932,-3.3258608023389016,0.20496611396949532,0.9787690698649216,False,train
-1.028204167887132,1,0.036134910224559,1.0,4.500262868822061e-05,1.0,2021-01-19,London,21.864676400364363,-10.00878965460627,-3.320495838695858,0.321057654185271,0.9470596510722283,False,train
-0.9230838486249984,1,0.0329537602853295,1.0,2.195065557733797e-05,0.73046875,2021-01-26,London,37.2524894261491,-10.726713552039989,-3.412649903594102,0.4324994021339788,0.901634220265486,False,train
-1.242108161624223,1,0.0351296552659255,1.0,7.859706508441594e-05,0.94921875,2021-02-02,London,30.606604929605925,-9.45117619911919,-3.348709625848892,0.5376773767406141,0.8431506618282,False,train
-1.302705623529638,1,0.0369266637105969,1.0,0.0001209272763889,0.85546875,2021-02-09,London,7.974942063469061,-9.020321214632743,-3.298821395097732,0.6350683134867438,0.7724559775191742,False,train
-0.8595076301527829,1,0.0350992446022998,0.9921875,8.310207103578802e-05,0.66015625,2021-02-16,London,10.070779396457986,-9.395440934201776,-3.349575670043903,0.7232617254437388,0.6905740195722293,False,train
-1.6923567486704103,1,0.0367227715243237,1.0,0.0001054040548453,1.0,2021-02-23,London,0.8763869638154459,-9.157709451578976,-3.3043582388361803,0.8009803309782905,0.5986906625177214,False,train
-1.1851496969064246,1,0.0372853358497243,0.99609375,8.65020437454685e-05,0.671875,2021-03-02,London,2.594929272771441,-9.355342517190314,-3.2891551703905173,0.8670985522812081,0.4981366284784055,False,train
-1.3454941303769636,1,0.0376362446602118,1.0,6.776400036265077e-05,1.0,2021-03-09,London,14.05290099713137,-9.5994794721339,-3.2797877391622916,0.9206588168102428,0.3903682146763026,False,train
-1.470305314789469,1,0.0375469220752012,1.0,8.32089701803372e-05,0.921875,2021-03-16,London,5.272295575897384,-9.39415540128118,-3.2821638728346416,0.9608854255574977,0.27694620226893646,False,train
-1.3648650388623222,1,0.0387771006248309,1.0,5.222303442959167e-05,1.0,2021-03-23,London,5.036448695222292,-9.85998688781026,-3.2499253966653097,0.9871957872910085,0.15951325197263655,False,train
-0.9120032260135316,1,0.0378227496798427,1.0,8.218358937577156e-05,1.0,2021-03-30,London,0.5806919890238552,-9.406554918463899,-3.2748445140096085,0.9992088560679753,0.03977011384605572,False,train
-1.4232949717231829,1,0.0364098932376734,1.0,7.730964096313851e-05,0.90234375,2021-04-06,London,6.633566141401436,-9.467691888761953,-3.312914749024488,0.9967506498213929,-0.08054900421874167,False,train
-1.6440018123140074,1,0.0390794464164408,1.0,8.09430748667232e-05,1.0,2021-04-13,London,2.9873286023789674,-9.421764429780227,-3.2421586173009045,0.9798567700958665,-0.1997015525660636,False,train
-1.7236014521721157,1,0.0380302654868164,1.0,6.816393371150456e-05,1.0,2021-04-20,London,0.2442166892346804,-9.59359496420501,-3.26937297608247,0.9487718864399473,-0.31596187665790293,False,train
-1.5239159014251424,1,0.0350129129828223,1.0,0.0001653054672731,0.62890625,2021-04-27,London,14.88150799795479,-8.707715478831867,-3.3520383431688714,0.9039461929224011,-0.42764620926777464,False,train
-1.5738198140311084,1,0.0340530509669305,1.0,4.681493262336876e-05,0.7578125,2021-05-04,London,20.94210130757316,-9.96930833278478,-3.3798356478476594,0.8460288880917339,-0.533137056031809,False,train
-1.5034096753508412,1,0.031741379853647,1.0,3.722302263702033e-05,0.92578125,2021-05-11,London,31.11488137787539,-10.198583100025484,-3.4501340911789518,0.7758587728069828,-0.6309066211876704,False,train
-1.6022918312541317,1,0.0300758114523203,1.0,3.252123940440455e-05,0.57421875,2021-05-18,London,36.54055427728798,-10.33361716194435,-3.504034036527093,0.6944521021088763,-0.719538934232584,False,train
-1.8592757800987232,1,0.032076342544104,1.0,8.239233124863989e-05,1.0,2021-05-25,London,2.7434297246537054,-9.40401819275076,-3.4396365129540847,0.6029878670694714,-0.7977503570459932,False,train
-1.8919266865151168,1,0.0312825431083057,1.0,7.664227133672276e-05,1.0,2021-06-01,London,12.966828208209336,-9.476361788301327,-3.464695065193385,0.5027907197793043,-0.8644081744776648,False,train
-2.0442449459868404,1,0.0305766141590613,1.0,6.423638816804834e-05,1.0,2021-06-08,London,0.4912017478496254,-9.652940713940515,-3.4875198053744185,0.3953117887649151,-0.9185469991587165,False,train
-1.178524860376774,1,0.0283126917622198,1.0,7.131368925792698e-05,0.87890625,2021-06-15,London,79.78245865524072,-9.548422253770402,-3.5644451027032855,0.2821076626819194,-0.9593827529490743,False,train
-1.6226955444965436,1,0.0267011097984254,1.0,5.969166549574469e-05,0.625,2021-06-22,London,27.274965487979404,-9.726318153748041,-3.623050148955657,0.16481784665719793,-0.9863240225317866,False,train
-1.085544214797454,1,0.0260503380581535,1.0,6.385890801921818e-05,0.796875,2021-06-29,London,26.455897314137214,-9.65883447042894,-3.647724533586601,0.04514101777397193,-0.9989806246941579,False,train
-0.9198447118866128,1,0.0262127925995674,0.9921875,2.856479288218362e-05,0.49609375,2021-07-06,London,34.2421102703969,-10.463335616569129,-3.6415077202196464,-0.07518957641475855,-0.9971692572470178,True,train
-0.4667725078488908,1,0.0290265065623058,1.0,6.099892836064031e-05,1.0,2021-07-13,London,2.4918350718294686,-9.704654261803634,-3.539545847067171,-0.19443122004766195,-0.9809161537413774,False,train
-0.4507389973841303,1,0.0362453845539474,1.0,7.387971697233366e-05,1.0,2021-07-20,London,25.48875486536584,-9.513072233551053,-3.317443228437397,-0.3108569682435036,-0.9504567035349151,False,train
-0.8582349407079981,1,0.0324166841106811,1.0,3.484315644671487e-05,0.58984375,2021-07-27,London,27.118602691570477,-10.26465381172799,-3.429082047033139,-0.4227806579826773,-0.9062320427107697,False,train
-0.7756992375228924,1,0.0362750316227117,1.0,4.1264698550291386e-05,0.98046875,2021-08-03,London,29.023973722356647,-10.095503180161591,-3.3166256084628043,-0.5285813283559292,-0.8488826652214553,False,train
-0.6379835332409256,1,0.0409059780232131,1.0,5.774650172698519e-05,1.0,2021-08-10,London,2.829001854355487,-9.759447786553281,-3.1964790646772454,-0.6267266965083301,-0.7792391467859886,False,train
-0.5965192331706598,1,0.0382826179522874,1.0,6.598088224329458e-05,0.8125,2021-08-17,London,23.88191676943851,-9.626145520878659,-3.262759325177656,-0.7157953492826642,-0.6983101158835584,False,train
-0.7221232488799094,1,0.0400336019175325,1.0,4.9475449725262655e-05,0.9375,2021-08-24,London,1.5806172850406923,-9.914033976567232,-3.2180361295726803,-0.7944973291665992,-0.6072676460566135,False,train
-0.4931476920341868,1,0.0386871322939355,1.0,9.290020802065738e-05,1.0,2021-08-31,London,1.8246764237932884,-9.283984672957995,-3.2522482331011204,-0.8616928164028521,-0.5074302810827518,False,train
-0.3924609750521636,1,0.0355874239939068,1.0,7.810734368531085e-05,1.0,2021-09-07,London,8.83333840722832,-9.457426476277766,-3.335762962132793,-0.9164086366943458,-0.4002439388573056,False,train
-0.6846815673921826,1,0.0384148463761988,1.0,7.491797428107724e-05,1.0,2021-09-14,London,21.28566130493401,-9.499116719180556,-3.2593112697282263,-0.9578523554276669,-0.28726097055059635,False,train
-0.3054786794236002,1,0.0350282072911198,1.0,8.618988491798372e-05,1.0,2021-09-21,London,8.03163030848656,-9.358957731518949,-3.351601619470542,-0.9854237542919524,-0.17011767832049052,False,train
-0.423126547455641,1,0.0344248986786622,1.0,4.029699086054868e-05,0.99609375,2021-09-28,London,40.0449474034292,-10.119233760272204,-3.368975177620488,-0.9987235240803972,-0.050510617185222886,False,train
-0.4000120447157346,1,0.0335821866989742,1.0,8.380742161596392e-05,1.0,2021-10-05,London,13.805012512770093,-9.386988990961422,-3.393759510364923,-0.9975590477788613,0.06982797572987089,False,train
-0.4167055423738346,1,0.0325281236635763,1.0,8.280055152723578e-05,0.98046875,2021-10-12,London,10.33429429474538,-9.39907583563829,-3.4256502203456165,-0.981947190186646,0.18915526872004093,False,train
-0.0855742043648934,1,0.0317796237393395,1.0,6.491666266464592e-05,1.0,2021-10-19,London,47.51640710399892,-9.642406223530115,-3.4489299574861505,-0.9521140536681102,0.3057430764672831,False,train
-0.080460350103862,1,0.0308124784815076,1.0,5.037113312078848e-05,1.0,2021-10-26,London,17.055782998934742,-9.896092302513974,-3.4798355255483937,-0.9084917035725082,0.41790288888678667,False,train
-0.1119062593303745,1,0.0325812891442697,1.0,9.831696158143022e-05,1.0,2021-11-02,London,2.02588275666076,-9.227313996546195,-3.4240171080131008,-0.8517119107469189,0.5240103253675756,False,train
-0.1361706401290481,1,0.0309902606969333,1.0,9.169870751547782e-05,0.90234375,2021-11-09,London,2.09965893420588,-9.29700227350699,-3.474082294925727,-0.7825970017677834,0.6225286602431057,False,train
-0.0005196211076237,1,0.0325720076443981,1.0,8.020611390299223e-05,1.0,2021-11-16,London,0.7267889569857129,-9.430910812793016,-3.4243020206849644,-0.7021479494046978,0.712031078778713,False,train
0.0603230238706996,1,0.0325289619605265,1.0,8.228038287853956e-05,1.0,2021-11-23,London,8.73656071993354,-9.405377839829388,-3.425624449226538,-0.6115298757991053,0.7912213413483807,False,train
0.0217245290537055,1,0.0328645583021677,1.0,5.555666185851584e-05,1.0,2021-11-30,London,16.862076363358078,-9.798107123623288,-3.4153604571205602,-0.5120551783114646,0.8589525565270845,False,train
0.0601329309974528,1,0.0303346971674129,1.0,6.547797418919155e-05,1.0,2021-12-07,London,18.38967223115749,-9.633796743795887,-3.495463100581075,-0.4051645224207563,0.9142437912130223,False,train
-0.4832089175346454,1,0.0302650031416322,1.0,8.22962472957052e-05,0.19921875,2021-12-14,London,1.274190213539421,-9.40518504918593,-3.497763245834355,-0.29240597695107734,0.9562942772197719,True,train
-0.0916343056468729,1,0.0318872343542309,1.0,0.0001147746948688,0.0546875,2021-12-21,London,29.645535771265887,-9.07253952634875,-3.4455495262668725,-0.17541259380427843,0.9844950085880858,True,train
0.0162170931061898,1,0.0296167344147338,1.0,4.7524027405983815e-05,0.5234375,2021-12-28,London,13.584215758442202,-9.954275134691693,-3.5194157255541567,-0.05587875690537313,0.9984375616565666,False,train
-0.3230507556860727,1,0.0330401319928038,1.0,6.823105526454594e-05,1.0,2022-01-04,London,13.099875261619776,-9.59261074097271,-3.4100323353977573,0.06875540848113941,0.9976335468520451,False,train
0.0545525898948641,1,0.0333959636446647,1.0,0.0001343033607836,1.0,2022-01-11,London,2.9736932134576195,-8.91540943029845,-3.399320235264441,0.18809941761179758,0.9821499931752291,False,train
-0.1383553296540241,1,0.0343695835255617,1.0,0.0001137310133544,0.98828125,2022-01-18,London,0.5668000494696549,-9.081674429630882,-3.3705833055763623,0.3047192331091634,0.9524422234305676,False,train
-0.128213128998075,1,0.034943017843078,1.0,8.469205170273798e-05,1.0,2022-01-25,London,0.9564316703291786,-9.376488801291174,-3.3540366058515927,0.4169258813287287,0.908940487313808,False,train
-0.0565239321207768,1,0.0334536516656084,1.0,5.96335445651052e-05,1.0,2022-02-01,London,10.190506656158046,-9.727292313947821,-3.3975943304856093,0.5230943033491326,0.8522748088519838,False,train
-0.0826602928011746,1,0.0350720823733378,1.0,8.990050305094773e-05,1.0,2022-02-08,London,16.864031727418986,-9.316807020829966,-3.3503498389670034,0.6216868902665479,0.7832658619336791,False,train
-0.6606140226186599,1,0.0319589300418177,1.0,4.577110200458969e-05,1.0,2022-02-15,London,19.1937859800684,-9.991857626582021,-3.443303636685213,0.7112757519738152,0.7029130847082615,False,train
-0.1502957521838921,1,0.0345144081243126,1.0,6.136684198676057e-05,1.0,2022-02-22,London,8.432812571642362,-9.698640901470318,-3.36637841533495,0.7905633969115482,0.612380204990065,False,train
-0.4193318226470426,1,0.0339320244294367,1.0,8.608416410944252e-05,1.0,2022-03-01,London,19.149490165953644,-9.360185087843474,-3.3833960370841583,0.8584015232918917,0.512978386299228,False,train
-0.4029279899323453,1,0.0356736693773578,1.0,7.41348591691837e-05,1.0,2022-03-08,London,12.631775337659304,-9.509624702149644,-3.333342414777132,0.9138076496466615,0.4061472386305789,False,train
-0.0292305408950654,1,0.036911350497103,1.0,9.180323690299971e-05,1.0,2022-03-15,London,13.325173255059616,-9.295863000578201,-3.2992361736878055,0.9559793438440766,0.2934339689665273,False,train
0.085341469836623,1,0.0365838287938569,1.0,0.0001405676712051,1.0,2022-03-22,London,0.2244606843907348,-8.869821539556579,-3.308148972446624,0.984305844499033,0.17647097349152166,False,train
-0.4739436573089435,1,0.0346709236229601,1.0,3.5270214647383946e-05,0.9921875,2022-03-29,London,14.354429128264702,-10.2524717279003,-3.3618538792316293,0.998376906467142,0.056952196034039754,False,train
-0.6229891058047494,1,0.0330782416042173,1.0,5.5614004331997895e-05,0.99609375,2022-04-05,London,11.917852468725318,-9.79707551194851,-3.408879566097471,0.9979887423155984,-0.06339140486951038,False,train
-0.3484409700960942,1,0.0340894083199746,1.0,9.343789535976092e-05,1.0,2022-04-12,London,4.451594339307533,-9.278213563113187,-3.378768549393199,0.9831469737221499,-0.1828169249850199,False,train
-0.4885158956762392,1,0.0342600573452393,1.0,7.526859611684942e-05,1.0,2022-04-19,London,3.547409791898741,-9.494447560389109,-3.3737751122627158,0.9540665500578387,-0.2995947563972602,False,train
-0.6362854158151038,1,0.032228995362138,1.0,8.560403468478982e-05,1.0,2022-04-26,London,3.2350719587175956,-9.365778141759252,-3.4348887545330116,0.9111686353326631,-0.41203363695942635,False,train
-0.5014781279283064,1,0.0326496598461091,1.0,6.775854365311033e-05,1.0,2022-05-03,London,7.8283205681050765,-9.59956000057414,-3.4219208415035807,0.8550745085896932,-0.518505144391157,False,train
-0.611266192971267,1,0.0313034791938939,1.0,7.073816333310153e-05,1.0,2022-05-10,London,14.653874397479576,-9.556525338149934,-3.4640260312590017,0.7865965660866021,-0.6174672802835514,False,train
-0.4612451785105464,1,0.0306354620045951,1.0,6.40839020769248e-05,1.0,2022-05-17,London,11.255446768773645,-9.655317363223467,-3.485597051978294,0.7067265555776159,-0.7074868024503348,False,train
-0.6193543687645022,1,0.0287427947149879,1.0,5.595964201223563e-05,1.0,2022-05-24,London,11.983256387762026,-9.790879805395539,-3.549368161757986,0.6166212130956382,-0.7872599821916922,False,train
-0.7841180925141656,1,0.0280552729846846,1.0,6.065284397491583e-05,0.94921875,2022-05-31,London,30.185298758802173,-9.710344032083883,-3.5735786794866873,0.5175855102531889,-0.8556314858488706,False,train
-0.6996856702168365,1,0.0273391791480407,1.0,4.9789101567119583e-05,0.984375,2022-06-07,London,5.067571562660775,-9.90771444191726,-3.5994344719834115,0.4110537546870351,-0.9116111071930239,False,train
-0.1931712265447716,1,0.0288258294870606,1.0,7.990668222008133e-05,1.0,2022-06-14,London,21.66345192909966,-9.43465107639765,-3.5464834365867404,0.2985688173637202,-0.9543881083175908,False,train
-0.5364043176432579,1,0.0256777951679088,1.0,6.572957410164671e-05,1.0,2022-06-21,London,9.240765350769694,-9.62996159522223,-3.662128661793858,0.18175978759137534,-0.9833429613388902,False,train
-0.780359290324334,1,0.0258912736903005,1.0,4.591932365738392e-05,0.96875,2022-06-28,London,6.481492818588579,-9.988624534776939,-3.653849290202424,0.062318379354325076,-0.998056320853012,False,train
-0.4957915557780595,1,0.0263074354886539,1.0,6.875524337391882e-05,1.0,2022-07-05,London,0.3916621958606037,-9.584957557068792,-3.6379036615559093,-0.05802556932878035,-0.9983150972033183,False,train
-0.1023483556952593,1,0.0296820178711769,1.0,6.561414609485513e-05,1.0,2022-07-12,London,0.5763534361254374,-9.631719243571693,-3.517213875420662,-0.17752914918703497,-0.984115542601034,False,train
-0.3042468334568711,1,0.0296459337300997,1.0,5.050865300464242e-05,1.0,2022-07-19,London,10.96633330802751,-9.893365889734534,-3.5184303052670587,-0.2944616217868012,-0.9556633054034704,False,train
-0.8432913858474467,1,0.0272453004528786,1.0,6.848891822230089e-05,1.0,2022-07-26,London,5.359623216788689,-9.58883860356016,-3.6028742331907186,-0.4071294853542516,-0.9133704517637858,False,train
-0.4219357691770212,1,0.0280485678274817,1.0,6.103556358646297e-05,1.0,2022-08-02,London,0.90244545327332,-9.704053854060895,-3.5738177061607175,-0.5139010013093103,-0.8578494977869301,False,train
-0.3040203489218941,1,0.0293266436368597,1.0,7.316587200919255e-05,1.0,2022-08-09,London,1.4462698436396109,-9.522781475098336,-3.529258837015511,-0.6132298262997502,-0.7899045386224707,False,train
-0.7116852223344254,1,0.0269995188478663,1.0,5.4586739169632887e-05,0.9609375,2022-08-16,London,22.986952283053384,-9.815719577062726,-3.61193623358599,-0.7036774074790128,-0.7105196029692745,False,train
-0.6118753658709948,1,0.0257566528941379,1.0,6.965697323133378e-05,0.98046875,2022-08-23,London,15.384734805314933,-9.57192774456856,-3.659062320421945,-0.7839338166829201,-0.620844401650647,False,train
-0.5832805875773515,1,0.027013088871326,1.0,6.028538918495003e-05,0.55859375,2022-08-30,London,19.48151699741952,-9.716420785664821,-3.6114337574302096,-0.8528367217694595,-0.522177676659508,False,train
-0.5632577760039117,1,0.0268788537126313,1.0,6.207730386138642e-05,0.98828125,2022-09-06,London,27.08406311950994,-9.687130113100297,-3.6164154088558673,-0.9093882203647925,-0.4159483918249421,False,train
-0.5044900586567125,1,0.028229489487346,1.0,6.208296611832435e-05,1.0,2022-09-13,London,15.00091931505216,-9.687038904262836,-3.5673881209275122,-0.9527692922168511,-0.30369503751065885,False,train
-0.4836151447754594,1,0.0286585350542706,1.0,6.257036686276745e-05,0.859375,2022-09-20,London,12.2364298362155,-9.679218764733738,-3.5523039725336383,-0.9823516608469237,-0.18704334906991657,False,train
-0.4954868194111417,1,0.0267815024076818,1.0,7.002322807638624e-05,0.99609375,2022-09-27,London,14.62671237481432,-9.566683541295541,-3.620043838437578,-0.9977068927101168,-0.06768276175455162,False,train
-0.3025281095199508,1,0.0282553436262642,1.0,6.096006242814223e-05,1.0,2022-10-04,London,4.4710847293874485,-9.70529162250271,-3.566472684365215,-0.9986126020839734,0.052658056924614005,False,train
-0.1518493899870474,1,0.0280293265050303,1.0,0.0001078078775518,1.0,2022-10-11,London,10.856362714087286,-9.135159826539605,-3.5745039417419755,-0.9850556718215013,0.172236243027682,False,train
-0.1144109873524164,1,0.026955938848497,1.0,9.554905514663456e-05,1.0,2022-10-18,London,52.17727667833619,-9.255870775902137,-3.613551640468146,-0.957232443323312,0.2893199776186952,False,train
-0.0394736353642756,1,0.0272060676138698,1.0,8.129355940866277e-05,1.0,2022-10-25,London,17.50768953897875,-9.417443764614234,-3.6043152565181686,-0.9155458729775467,0.40221356823680365,False,train
-0.1130036015169814,1,0.0279721346204269,0.9921875,8.649528620525915e-05,1.0,2022-11-01,London,48.561162158262064,-9.355420640248221,-3.5765464564670233,-0.8605996962501181,0.5092820071573356,False,train
0.104348382243901,1,0.0266422786826567,1.0,7.647684715383142e-05,1.0,2022-11-08,London,8.76976451484187,-9.47852251452392,-3.6252559008321934,-0.7931896839451843,0.6089746507720486,False,train
-0.1280919438161167,1,0.0280942652948746,1.0,6.118888565594368e-05,1.0,2022-11-15,London,41.06428485273522,-9.701544991867554,-3.572189805502941,-0.7142921172691032,0.699847677146407,False,train
0.1517691350680239,1,0.0295728649785436,1.0,6.336372663875979e-05,1.0,2022-11-22,London,20.120755176219244,-9.666618995288133,-3.520898061798119,-0.6250496486104377,0.7805849965070866,False,train
0.0229053154221944,1,0.031447100582133,1.0,0.0001369821156031,0.95703125,2022-11-29,London,2.0630112534994898,-8.8956601837007,-3.4594484914326933,-0.5267547528105542,0.8500173118187018,False,train
0.0073918484336893,1,0.0315367500763411,1.0,9.947448016373994e-05,1.0,2022-12-06,London,3.911954975104042,-9.215609427462976,-3.4566017440898773,-0.42083100859565564,0.9071390534005044,False,train
-0.2791018989147449,1,0.0308168510528283,1.0,0.0002977730315506,0.4140625,2022-12-13,London,12.053642123396475,-8.119179000745227,-3.479693626509054,-0.30881248126625377,0.9511229423235357,True,train
0.1617810654502205,1,0.0290329493172481,1.0,4.880093009143981e-05,1.0,2022-12-20,London,20.921824764461302,-9.927761186035982,-3.5393239106100984,-0.19232150523909483,0.9813319716704275,False,train
0.0094368705855366,1,0.0305206744091268,0.99609375,3.1087681221343416e-05,0.96875,2022-12-27,London,24.347168679544577,-10.378698919455895,-3.4893509755253955,-0.07304518821104743,0.9973286321364752,False,train
0.00380333732857,1,0.0304977976593462,0.98046875,4.375434469104217e-05,0.65625,2023-01-03,London,14.41270401919312,-10.036919642867465,-3.4901008058661747,0.051584366869408364,0.9986686402879997,False,train
-0.0155943831832892,1,0.0298890211338888,1.0,2.757290482825428e-05,1.0,2023-01-10,London,37.519338610286454,-10.498676976554398,-3.5102640521724053,0.17117705961019986,0.985240282501282,False,train
0.1934079522173664,1,0.0342574099344127,1.0,0.0001432287187698,1.0,2023-01-17,London,0.0655110708340964,-8.85106777347677,-3.3738523892238477,0.2882906407095177,0.9575429528116719,False,train
-0.1167373043061951,1,0.0325569282741598,1.0,8.418813698096509e-05,0.9921875,2023-01-24,London,2.5282671777223893,-9.382456537604467,-3.4247650827723475,0.4012289854475009,0.9159777842484877,False,train
-0.043016560900884,1,0.0333518801497292,1.0,8.003904108319644e-05,1.0,2023-01-31,London,0.2281865145290897,-9.432996028790317,-3.4006411319058643,0.5083564379375122,0.8611467540480452,False,train
-0.1007529122912987,1,0.0324496495798799,1.0,0.0001378727024392,1.0,2023-02-07,London,0.3128618568493881,-8.88917974461504,-3.4280656346613805,0.6081214998935418,0.7938439653781019,False,train
-0.2195374245414794,1,0.0329170735005232,1.0,8.158466443721817e-05,1.0,2023-02-14,London,2.741359624636764,-9.413869249474766,-3.413763804435828,0.6990793005655562,0.7150441465537444,False,train
-0.1461291373620921,1,0.0332338008768297,1.0,7.094185511920832e-05,0.54296875,2023-02-21,London,4.680524981564254,-9.553649958422117,-3.4041878222709925,0.7799125224167177,0.6258885343075018,False,train
-0.3403006207126584,1,0.033268517090213,1.0,9.323658301064974e-05,1.0,2023-02-28,London,4.141521877234756,-9.280370391715673,-3.4031437619254845,0.8494504794814806,0.527668345562516,False,train
-0.5733751194517023,1,0.0318082585295975,1.0,9.019767138628351e-05,0.9140625,2023-03-07,London,34.90173457316096,-9.313506947345529,-3.4480293207241814,0.9066860720977985,0.4218060770826634,False,train
-0.4432434523201819,1,0.0311706391829078,1.0,6.536128864310657e-05,0.95703125,2023-03-14,London,21.000336899246573,-9.635580391525083,-3.46827867906384,0.9507903724625832,0.3098349038318025,False,train
-0.4753752470774745,1,0.0325659053186221,1.0,8.141516389122412e-05,1.0,2023-03-21,London,23.614627954196337,-9.415949013715368,-3.4244893870133057,0.981124629771712,0.19337647441020586,False,train
-0.6044497809114099,1,0.0322627608820039,1.0,8.528335845596835e-05,1.0,2023-03-28,London,28.334736246494828,-9.369531216802843,-3.433841627739834,0.9972495210773451,0.07411742515094437,False,train
-0.4552321356387623,1,0.034431083618026,1.0,0.00011785751863,1.0,2023-04-04,London,18.516848783649984,-9.046034132314231,-3.3687955290504106,0.9989315138848577,-0.046215046983708354,False,train
-0.5233526757455278,1,0.0326529648697474,1.0,6.481552917105936e-05,0.890625,2023-04-11,London,27.136940740837268,-9.643965335615436,-3.4218196197332307,0.986146248341595,-0.16587819893463143,False,train
-0.5147291432322532,1,0.0325989828092687,1.0,5.868175236148986e-05,1.0,2023-04-18,London,21.17315369497988,-9.74338174212431,-3.4234741932659447,0.9590788900341131,-0.28313898122818354,False,train
-0.7354782337895969,1,0.0312687955788857,1.0,7.006898640933333e-05,0.96484375,2023-04-25,London,15.17580411836012,-9.566030281087722,-3.465134625079069,0.9181214482844365,-0.39629913726891813,False,train
-0.5648401234707436,1,0.0315319620626548,1.0,7.704129112410049e-05,0.9140625,2023-05-02,London,15.769834211529927,-9.471169031475423,-3.4567535789231285,0.8638670987837349,-0.503719798736334,False,train
-0.6563996082291629,1,0.0316930296042754,1.0,8.968276791176545e-05,1.0,2023-05-09,London,26.612981516349564,-9.319231915361705,-3.4516585085779,0.7971015927871943,-0.6038452208771035,False,train
-0.552399643964859,1,0.0359615854289227,1.0,6.418516756915141e-05,1.0,2023-05-16,London,1.615029942778706,-9.653738408709417,-3.3253039816708756,0.7187918772884232,-0.6952253139408723,False,train
-0.5101232308459628,1,0.0340005471307547,1.0,5.717165500540386e-05,1.0,2023-05-23,London,0.0319407142553837,-9.769452324263538,-3.381378662414431,0.6300720909843687,-0.7765366444428655,False,train
-0.5511995539834693,1,0.0350972084793368,1.0,4.807281011002522e-05,1.0,2023-05-30,London,0.1557437857735437,-9.94279381906047,-3.3496336821762602,0.5322271388474397,-0.8466016020976267,False,train
-0.5556151742415614,1,0.0331679328327217,1.0,6.960116280407754e-05,1.0,2023-06-06,London,1.8653467357656224,-9.572729283808323,-3.4061717483534233,0.42667408318992467,-0.9044054548343001,False,train
-0.6511421768941581,1,0.035084730586028,1.0,7.524254410827796e-05,1.0,2023-06-13,London,16.957230207135737,-9.494793740861766,-3.3499892692006843,0.31494162072895193,-0.9491110448902284,False,train
-0.5189341161777545,1,0.0368414749482379,1.0,5.2315705050235855e-05,1.0,2023-06-20,London,7.971430414036844,-9.858213944203328,-3.301131031799354,0.19864794288017112,-0.9800709131432666,False,train
-0.5380360017801464,1,0.0402276667447618,1.0,4.196693207312129e-05,0.4140625,2023-06-27,London,8.143366226441557,-10.078628581381556,-3.213200292595453,0.07947729992362097,-0.9968366760893436,True,train
-0.4960499235732322,1,0.03635641236538,1.0,5.472532012823355e-05,1.0,2023-07-04,London,18.624848868999088,-9.81318406481031,-3.3143846843600775,-0.04084439154329611,-0.9991655196610109,False,train
-0.5189639008915272,1,0.0316085657490146,1.0,3.910509533851288e-05,0.91796875,2023-07-11,London,17.78003065267633,-10.1492577839003,-3.454327127114774,-0.16057454459499376,-0.9870237158387383,False,train
-0.6264184508539244,1,0.0445449447981301,1.0,4.081748849866933e-05,0.69921875,2023-07-18,London,17.29507277736731,-10.106399928720633,-3.111256604048594,-0.2779791393987801,-0.9605871111248129,False,train
-0.6395561391673837,1,0.0431552856938432,1.0,5.678246688553952e-05,0.87109375,2023-07-25,London,22.636041238494297,-9.776282961481751,-3.1429503731530017,-0.3913578365610259,-0.9202385798054075,False,train
-0.6517039845265812,1,0.0363669137578539,1.0,4.604870773510144e-05,0.71875,2023-08-01,London,29.41946475770946,-9.98581085786949,-3.314095880392858,-0.4990686026885319,-0.8665624788845385,False,train
-0.536866830880443,1,0.0337859687794312,1.0,5.380591522230038e-05,1.0,2023-08-08,London,11.450108616066984,-9.830127148470519,-3.3877096875502453,-0.5995514915196489,-0.8003361849976323,False,train
-0.6239592725391301,1,0.0323262869026438,1.0,5.108082035557114e-05,1.0,2023-08-15,London,7.745893075846862,-9.882101466718032,-3.4318745437433096,-0.6913512362094071,-0.722518835873311,False,train
-0.3368260998204277,1,0.0355922207083037,1.0,6.336885323733176e-05,1.0,2023-08-22,London,7.311384648190152,-9.666538091094754,-3.335628184432673,-0.7731383255706027,-0.6342374393978054,False,train
0.4120084383931454,1,0.0407831686420595,1.0,6.68924192980549e-05,1.0,2023-08-29,London,14.480336212953324,-9.61242491118102,-3.1994858159701405,-0.8437282590292712,-0.5367705514607103,False,train
-0.0754668960571566,1,0.0381751542074595,1.0,9.298141134094752e-05,1.0,2023-09-05,London,0.37639804058698,-9.283110962843626,-3.265570388397466,-0.9020987014301837,-0.4315297589714715,False,train
-0.4399208493569992,1,0.0333169549738792,1.0,7.80439410985968e-05,1.0,2023-09-12,London,14.318156914569238,-9.458238542477362,-3.4016888531981317,-0.9474042892438845,-0.32003923622313857,False,train
-0.3883330215284319,1,0.0335057863971229,1.0,6.09732465622442e-05,1.0,2023-09-19,London,18.691217547506003,-9.705075370942533,-3.3960371267946012,-0.9789888737409319,-0.20391367068311472,False,train
-0.0171492991970991,1,0.034570274931676,1.0,5.481531722757523e-05,1.0,2023-09-26,London,9.172633271301024,-9.81154089161425,-3.3647610721824552,-0.9963950238187231,-0.08483487790576538,False,train
0.0092964352228421,1,0.0361583357046868,1.0,7.717443648544112e-05,1.0,2023-10-03,London,0.6900479181730619,-9.469442289378659,-3.319847770383346,-0.9993706508539969,0.03547255575312556,False,train
-0.1905055157885292,1,0.0348733686135012,1.0,7.337444315068164e-05,1.0,2023-10-10,London,39.29918330119829,-9.519934868932625,-3.3560318180422297,-0.9878726596350429,0.15526624985999563,False,train
-0.3305330505248827,1,0.0320692581803154,1.0,7.964759707827084e-05,1.0,2023-10-17,London,44.210472928326254,-9.437898690572135,-3.439857396810106,-0.9620675724981452,0.27281126433401914,False,train
0.0250949217205551,1,0.0322489090252011,1.0,7.761748356720979e-05,1.0,2023-10-24,London,22.939372966580574,-9.463717852451012,-3.434271064988493,-0.9223291176290545,0.3864052261209853,False,train
0.0770110546611797,1,0.0330712805455904,1.0,3.528965346453273e-05,1.0,2023-10-31,London,41.36380169015067,-10.25192073997584,-3.4090900304644496,-0.8692328164574792,0.4944029842076182,False,train
-0.1569333757476109,1,0.0340094689793399,1.0,6.868358646946194e-05,1.0,2023-11-07,London,17.60017179574222,-9.586000303300427,-3.3811162937473824,-0.8035476485339116,0.5952404359043674,False,train
-0.0420068234736011,1,0.0343795733810003,1.0,6.90497991489472e-05,1.0,2023-11-14,London,15.79103519747621,-9.580682586890218,-3.3702926880340267,-0.7262249146041543,0.6874571793269664,False,train
0.0748242637203478,1,0.0335827640884588,1.0,6.198552419982557e-05,1.0,2023-11-21,London,12.31811846100307,-9.688609680828007,-3.3937423171867,-0.6383844591746642,0.769717664006921,False,train
-0.0327354023955237,1,0.0340509883203154,1.0,0.0001106315629125,1.0,2023-11-28,London,23.7673390013362,-9.109305130633173,-3.3798962212479253,-0.5412984521036173,0.8408305333122887,False,train
-0.0575151786371704,1,0.0340963700070236,1.0,9.334317843902896e-05,1.0,2023-12-05,London,20.81254008877937,-9.279227765750793,-3.378564351765952,-0.4363729641045924,0.8997658785476209,False,train
-0.120774947579943,1,0.033534641071102,1.0,8.728811237018192e-05,0.72265625,2023-12-12,London,4.533314344781421,-9.34629627426259,-3.395176312600821,-0.3251276029999093,0.9456701548465688,False,train
-0.0664642483052808,1,0.0351866003436522,0.453125,5.946305157977427e-06,0.88671875,2023-12-19,London,16.46476828835641,-12.032740513148358,-3.347089940907421,-0.20917350564635637,0.9778785428342386,True,train
-0.0116795431675904,1,0.0353004657750864,1.0,-1.8424720031647917e-05,0.82421875,2023-12-26,London,29.96464637161164,-16.11809565095832,-3.3438591203682817,-0.09019000427034513,0.9959245770286599,False,train
0.0581677921284753,1,0.0326879898410064,1.0,2.146324125864372e-05,0.859375,2024-01-02,London,33.49234522188646,-10.749168794951236,-3.4207475516935566,0.03439806061360801,0.9994082116062598,False,train
0.0861103721389721,1,0.034983532010537,1.0,8.602855177723512e-05,1.0,2024-01-09,London,1.1809762016863483,-9.3608313194,-3.352877842203819,0.1542040475626894,0.988039023376751,False,train
0.0812226817698176,1,0.0347760788818489,1.0,7.209403817105306e-05,1.0,2024-01-16,London,6.670668527661532,-9.537539205427148,-3.358825517014089,0.2717767384711357,0.9623603298276545,False,train
0.1632204208299784,1,0.0349562900844619,1.0,7.327903034500947e-05,1.0,2024-01-23,London,4.046513533391606,-9.52123606987741,-3.353656852691314,0.38541335945432564,0.9227440286201427,False,train
-0.0950708503819611,1,0.0330175935503949,1.0,6.549405031345258e-05,1.0,2024-01-30,London,0.9154890269819892,-9.63355125435793,-3.410714721692415,0.49346814167723735,0.8697638720650646,False,train
-0.2975951367583181,1,0.0321772324750731,1.0,6.28671925184132e-05,1.0,2024-02-06,London,49.7962746687832,-9.674486111912126,-3.4364961425123446,0.5943761565849831,0.804187157621448,False,train
-0.2363639534421557,1,0.0351310498945923,1.0,6.241607227758448e-05,0.96875,2024-02-13,London,31.32073141952244,-9.681687747202943,-3.3486699271677076,0.6866759803451553,0.726963615332308,False,train
-0.2783849885656534,1,0.0356906810730061,1.0,5.382246594354656e-05,0.5703125,2024-02-20,London,24.53983621591531,-9.82981959536608,-3.3328656586415217,0.7690308592589181,0.6392116531380588,False,train
-0.5217444156541328,1,0.0321360932952692,1.0,6.5081261133821e-05,1.0,2024-02-27,London,20.763992391424384,-9.63987389759251,-3.4377754787905475,0.8402480696078469,0.5422021592729844,False,train
-0.3496299788482315,1,0.0361111451944445,1.0,8.236828657980219e-05,1.0,2024-03-05,London,15.699060286859815,-9.404310066735276,-3.321153730142909,0.8992961915530253,0.4373400963303323,False,train
-0.4660106442586813,1,0.0360900939212429,1.0,6.131570419677274e-05,0.97265625,2024-03-12,London,21.10015547918519,-9.699474561914128,-3.321736857913456,0.945320046913132,0.3261441535642696,False,train
-0.6186746072129983,1,0.0349257935325211,1.0,4.337091642224923e-05,0.96875,2024-03-19,London,5.294755175672973,-10.045721470013996,-3.3545296530515296,0.9776530844816641,0.2102247521189836,False,train
-0.4398213382325892,1,0.0331392040922867,1.0,5.32270755654668e-05,0.9921875,2024-03-26,London,31.159133822251196,-9.840943351881801,-3.4070382837993787,0.9958270335100595,0.09126072172931188,False,train
-0.4254989586012213,1,0.034980566695152,1.0,3.7995154081271774e-05,0.75,2024-04-02,London,18.4795782393486,-10.178051930546847,-3.3529626089753957,0.9995786855478958,-0.029025013321975237,False,train
-0.6745663158402299,1,0.0319804952590059,1.0,5.146149135271362e-05,1.0,2024-04-09,London,9.085999328258968,-9.874676770716123,-3.4426290851732326,0.9888537064205885,-0.1488903868564548,False,train
-0.7218604331838754,1,0.034036264500864,1.0,6.196771529644248e-05,0.97265625,2024-04-16,London,9.483322210199836,-9.68889702956658,-3.380328719816184,0.9638074231367307,-0.26659942067929354,False,train
-0.5594771656560732,1,0.0329266844997445,1.0,2.634102934454046e-05,0.8984375,2024-04-23,London,26.99783082746884,-10.54438278327298,-3.4134718709380616,0.9248025743285089,-0.38044736628785164,False,train
-0.513651575414819,1,0.0320079535034082,1.0,4.475291134619659e-05,0.84765625,2024-04-30,London,27.188252810685167,-10.014354057344024,-3.441770860083588,0.8724040568049612,-0.48878539428899265,False,train
-0.7852945992034845,1,0.0346110928588121,1.0,7.428104549791185e-05,1.0,2024-05-07,London,1.2825432712938232,-9.507654746485771,-3.363581045444731,0.8073707443023492,-0.5900444739548627,False,train
-0.5650960951251157,1,0.0335061526820738,1.0,5.3026871936991695e-05,1.0,2024-05-14,London,19.359362563066,-9.844711755223098,-3.396026194863488,0.7306444969184916,-0.6827580970759147,False,train
-0.7064400727677544,1,0.0308879452075248,1.0,3.346794969656415e-05,0.8125,2024-05-21,London,28.797869550361128,-10.304922302562883,-3.477389293929934,0.6433365204044917,-0.765583517007675,False,train
-0.758603431108466,1,0.030586170638536,1.0,5.111387013792679e-05,1.0,2024-05-28,London,14.359765938418162,-9.881454666314836,-3.4872073120965505,0.5467112728685939,-0.8373211953118121,False,train
-0.7280998838354356,1,0.0281994423353705,1.0,2.9712385236308788e-05,0.7109375,2024-06-04,London,8.470329941520282,-10.423946587757149,-3.5684530765750755,0.44216815196707204,-0.8969321743510065,False,train
-0.7536579175041862,1,0.027092619190329,1.0,2.8908786480417205e-05,0.953125,2024-06-11,London,11.297571264681716,-10.45136497858952,-3.6084939427921374,0.3312212278016865,-0.9435531242349544,False,train
-0.7804735987458293,1,0.0284697684938306,1.0,5.827611039737984e-05,0.984375,2024-06-18,London,2.4882562713108096,-9.750318318785894,-3.558912509308301,0.21547731504673012,-0.976508846196619,False,train
-0.6385937064886638,1,0.0304870121270288,1.0,5.726898771587706e-05,1.0,2024-06-25,London,0.5907909729771653,-9.767751307358568,-3.4904545179616173,0.0966127018812031,-0.9953220513156602,False,train
-0.7569067259069633,1,0.0264707150510803,1.0,2.413988388825645e-05,0.94140625,2024-07-02,London,40.848479933338425,-10.631645152237837,-3.6317162494668747,-0.023651127245231586,-0.9997202729664083,False,train
-0.712217576950842,1,0.0276497905621741,1.0,4.23787228540678e-05,0.23828125,2024-07-09,London,25.60167241140855,-10.068864141159429,-3.5881371256473957,-0.1435724234118113,-0.9896398128792412,True,train
-0.623591505567857,1,0.0357459557645972,1.0,5.007739197194186e-05,1.0,2024-07-16,London,3.720987677282201,-9.90194090976608,-3.331318141707101,-0.2614143985111562,-0.965226663665613,False,train
-0.4082696536042512,1,0.0421870365909128,1.0,5.11996502297125e-05,1.0,2024-07-23,London,5.306508626410729,-9.879777857393075,-3.1656422949214154,-0.3754703786876202,-0.9268343944460494,False,train
-0.7645725445438892,1,0.0385818516881821,1.0,5.479765819783136e-05,1.0,2024-07-30,London,6.359523656392044,-9.811863098539627,-3.2549732765914734,-0.48408852163897587,-0.8750190302029955,False,train
-0.4226265836901153,1,0.0369619816676926,1.0,5.1547309697334265e-05,1.0,2024-08-06,London,3.165439245437514,-9.873010537081697,-3.297865417095845,-0.5856957398073508,-0.8105309990194823,False,train
0.1413008290890974,1,0.0415003315250039,1.0,5.7616502522822344e-05,1.0,2024-08-13,London,3.154708481484218,-9.761701529163995,-3.1820538632230817,-0.6788204829862357,-0.734304263829602,False,train
-0.3947437089086367,1,0.0421648921228951,1.0,3.6647690808555064e-05,1.0,2024-08-20,London,20.571658504872808,-10.214160138204468,-3.1661673444102436,-0.7621140503891487,-0.6474427960827475,False,train
-0.58461744196483,1,0.0380061790340374,1.0,6.870297054842603e-05,1.0,2024-08-27,London,5.312600465729187,-9.585718120246808,-3.2700065263158207,-0.8343701235229537,-0.5512045872199277,False,train
-0.5937959038732401,1,0.0356481589354767,1.0,6.463206982519879e-05,0.59375,2024-09-03,London,25.13841848850383,-9.646799833437179,-3.3340577762189922,-0.8945422369764496,-0.4469834295196742,False,train
-0.3517422712171238,1,0.0356955440007188,1.0,7.176060494328216e-05,1.0,2024-09-10,London,7.202512498154127,-9.542174910158936,-3.3327294158939833,-0.9417589340994617,-0.33628873017668287,False,train
-0.5151799804228628,1,0.0364148024568025,1.0,6.659385083516863e-05,1.0,2024-09-17,London,47.24649062027516,-9.616898314482862,-3.3127799261024085,-0.9753363880767837,-0.2207236509605022,False,train
-0.5051247608919337,1,0.032461025455302,1.0,5.913209297963694e-05,0.84375,2024-09-24,London,50.98553605690302,-9.735736752518546,-3.4277151260421928,-0.994788305609327,-0.10196189005174576,False,train
-0.2782951426287023,1,0.0316575954463834,1.0,7.720855779780267e-05,0.98828125,2024-10-01,London,12.489101912234826,-9.469000254774063,-3.4527771766749837,-0.999832969770105,0.018276557681691223,False,train
-0.3870556993147876,1,0.0323597067152184,1.0,0.0001261235334439,1.0,2024-10-08,London,22.25213623769224,-8.978248707156716,-3.4308412500214707,-0.9903973200352558,0.13825031091098192,False,train
-0.1903253860890707,1,0.0302569364426274,1.0,9.211069556696718e-05,1.0,2024-10-15,London,15.544042167248756,-9.292519491511074,-3.498029816902896,-0.9666180104000972,0.2562218218071163,False,train
-0.173298579600684,1,0.0321328606438897,1.0,8.662794062693639e-05,1.0,2024-10-22,London,6.261220310586151,-9.35388815439908,-3.437876076394339,-0.9288394302558068,0.3704825404820963,False,train
-0.3379494517217467,1,0.0298489437593263,1.0,0.0001204043978585,0.828125,2024-10-29,London,1.1877684983326349,-9.024654498692696,-3.5116058247167805,-0.8776087166898392,0.4793776594606945,False,train
-0.3789020059783206,1,0.0303511091685444,1.0,7.948873502883095e-05,0.85546875,2024-11-05,London,1.3324157299944717,-9.439895244094616,-3.4949222162286198,-0.8136678304455991,0.5813300798152042,False,train
-0.052301794805793,1,0.0329435779444468,1.0,7.574378223131483e-05,1.0,2024-11-12,London,11.542107745456612,-9.48815419969869,-3.412958940081379,-0.7379428103031386,0.6748632518680403,False,train
-0.0914896793978644,1,0.0315417747580874,1.0,4.464300031396041e-05,1.0,2024-11-19,London,37.882961493710646,-10.01681303081556,-3.456442428957822,-0.6515303615068021,0.75862255966641,False,train
-0.2475115095405715,1,0.0328082515885204,1.0,0.0001212068828759,1.0,2024-11-26,London,19.800260940468593,-9.018011696536401,-3.417075222410431,-0.5556819724760489,0.8313949395234058,False,train
-0.1135491173000465,1,0.032343690809726,1.0,5.718128959879964e-05,0.484375,2024-12-03,London,32.123094574777255,-9.769283818005094,-3.4313363061215254,-0.451785789832884,0.8921264484954345,True,train
-0.1714725992454084,1,0.0339451893313085,1.0,8.048228681270463e-05,0.98046875,2024-12-10,London,2.4536283819388163,-9.427473437345752,-3.3830081336536115,-0.34134651424503615,0.9399375283564133,False,train
-0.1496668015886778,1,0.0314488134229745,1.0,3.340955303122509e-05,1.0,2024-12-17,London,11.51920069178599,-10.306668679978273,-3.459394025546665,-0.22596360824801906,0.974135744004672,False,train
0.0772934194187117,1,0.0323571895221905,1.0,8.801190027086431e-05,0.609375,2024-12-24,London,1.1605448459200731,-9.338038522278136,-3.4309190409284986,-0.10730813165636247,0.9942258118156161,False,train
0.0360892972515397,1,0.0327811504399958,1.0,4.71627069098617e-05,1.0,2024-12-31,London,37.21509388831358,-9.96190708551439,-3.4179016104923083,0.012901459949419653,0.9999167727021953,False,train
-0.1757815920256492,1,0.0343898336345913,1.0,0.0001256576717693,1.0,2025-01-07,London,2.4040939905841276,-8.981949239178785,-3.369994292159687,0.1201261651823505,0.9927586335250793,False,train
-0.2138124543511546,1,0.0337879077880053,1.0,9.557144194585336e-05,0.97265625,2025-01-14,London,1.2894913617235284,-9.255636506949704,-3.387652298255058,0.23851257519407648,0.9711394088771653,False,train
-0.0325771717820189,1,0.0316446320307342,0.89453125,5.431943130303621e-05,1.0,2025-01-21,London,25.4379940109579,-9.820628544153097,-3.4531867488605785,0.3534446712740877,0.9354554315134164,False,train
-0.368745298402039,1,0.0337684969431688,1.0,0.0001294647878745,1.0,2025-01-28,London,11.99782544799731,-8.952101622103466,-3.388226954216929,0.4632579225674917,0.88622350294858,False,train
-0.3324116624731943,1,0.0324780099456384,1.0,7.920681233042467e-05,0.984375,2025-02-04,London,17.495915621992026,-9.44344824856987,-3.427192035712353,0.5663619330814524,0.8241566360566663,False,train
-0.3157607389747822,1,0.0341112852029439,0.98828125,0.0001242959361878,1.0,2025-02-11,London,2.805540272260519,-8.992845253563713,-3.3781270050748176,0.6612634749656386,0.7501537286959042,False,train
-0.4045340499243486,1,0.0325247630217199,0.99609375,0.0001134559023734,1.0,2025-02-18,London,20.534604676643884,-9.084096321882837,-3.4257535406448567,0.746588114532413,0.6652865452111116,False,train
-0.3864308997276789,1,0.0358584959426448,1.0,0.0001312741438306,1.0,2025-02-25,London,9.678093023284369,-8.938222720414771,-3.3281747541653854,0.8211001178128892,0.5707841943569036,False,train
-0.2184876917985229,1,0.0369195388848161,1.0,0.0001180982530136,1.0,2025-03-04,London,1.6376024689845636,-9.043993627303898,-3.29901435900251,0.8837203473619977,0.4680153284438345,False,train
-0.6396368267911628,1,0.0370405589862838,1.0,5.321683136080675e-05,0.98828125,2025-03-11,London,5.295036357518223,-9.841135832691412,-3.295741777895684,0.9335418911179212,0.35846832151248087,False,train
-0.4664710735582717,1,0.0388691691946372,1.0,0.0001272927174781,1.0,2025-03-18,London,7.923189462496704,-8.969021261593495,-3.2475539082945355,0.969843196967294,0.24372971360968387,False,train
-0.301908141352798,1,0.036372888450746,1.0,7.273705572405865e-05,1.0,2025-03-25,London,1.2411745913658434,-9.528659595935405,-3.313931604639443,0.992098522791769,0.12546123335273648,False,train
-0.2480270656519828,1,0.0352277414362551,1.0,8.643744124290353e-05,1.0,2025-04-01,London,0.0383758834547167,-9.35608962830348,-3.345921397788379,0.9999855506507186,0.005375731557583884,False,train
-0.5658407125932307,1,0.0348822157510441,1.0,0.0001060059582525,1.0,2025-04-08,London,1.2395525714995563,-9.15201525550268,-3.355778156986389,0.9933900548258936,-0.11478762552212701,False,train
-0.560753087240719,1,0.0317149669086434,1.0,7.01962064333468e-05,1.0,2025-04-15,London,16.714903810111704,-9.564216287803704,-3.450966567294475,0.9724075561219968,-0.23328854407545518,False,train
-0.6887826430853524,1,0.0348849928279077,1.0,8.584003657370372e-05,1.0,2025-04-22,London,10.700068381245536,-9.363025033573612,-3.3556985471833993,0.9373419384643772,-0.3484108069446808,False,train
-0.6120760482321745,1,0.0334386513697631,1.0,9.951938439454344e-05,1.0,2025-04-29,London,1.9723058907745632,-9.215158114738683,-3.3980428214304883,0.8887010478292915,-0.45848712914008766,False,train
-0.5482086439870067,1,0.0321154607391602,1.0,6.860869018932489e-05,1.0,2025-05-06,London,2.206661000666197,-9.587091352110882,-3.438417721834417,0.8271893372462497,-0.5619233046832195,False,train
-0.4895001878381966,1,0.0313036121605307,1.0,7.27609206441922e-05,1.0,2025-05-13,London,1.525759540052038,-9.528331551230684,-3.4640217836048164,0.753697664392914,-0.6572212950663319,False,train
-0.8310272633550758,1,0.0299632286867124,1.0,5.363292795201969e-05,0.79296875,2025-05-20,London,12.431042316457251,-9.833347351046333,-3.5077843595603335,0.6692903895412567,-0.7430009249440493,False,train
-0.5667780095697608,1,0.030267364169346,1.0,4.096022171972163e-05,0.98828125,2025-05-27,London,8.274616949055371,-10.102909164168532,-3.4976852370658276,0.5751899607119775,-0.8180198708443175,False,train
0.9767254545510036,1,0.0484035271235295,1.0,2.691107499485416e-05,0.42578125,2025-06-03,London,17.788207234195813,-10.522972646239845,-3.028182593461676,0.47275920928627757,-0.881191653407483,True,train
-0.4598102411969097,1,0.0377575060144567,1.0,4.1503614226479e-05,1.0,2025-06-10,London,14.097506525306708,-10.089730044725043,-3.276570988232081,0.36348161248290634,-0.9316013725767187,False,train
-0.6988668859215742,1,0.033111322356258,1.0,5.900687955436855e-05,1.0,2025-06-17,London,0.6378062220992902,-9.737856518239695,-3.407879989946317,0.24893980855376657,-0.9685189578512204,False,train
-0.4876270264997407,1,0.0279279054576174,1.0,5.598675242946742e-05,1.0,2025-06-24,London,3.78596370867072,-9.790395458974254,-3.578128894403644,0.13079267585675922,-0.9914097417023038,False,train
-0.6722739752114841,1,0.0308000913921712,1.0,6.115128063840699e-05,1.0,2025-07-01,London,20.737743490987256,-9.702159753476273,-3.4802376217287248,0.01075130776352193,-0.9999422030204416,False,train
-0.3029434455568683,1,0.0329359030864669,1.0,6.368807767966262e-05,1.0,2025-07-08,London,1.623096307646298,-9.66151317648802,-3.4131919369992216,-0.10944576864891556,-0.993992768446958,False,val
-0.6363655505197945,1,0.0325325033395046,1.0,6.212322571793597e-05,0.9609375,2025-07-15,London,32.068245683810396,-9.68639063382758,-3.4255155866620304,-0.2280577712215198,-0.9736476020539838,False,val
-0.67570251171227,1,0.0304701551339596,0.98046875,4.927738986804364e-05,0.13671875,2025-07-22,London,7.485780716146466,-9.918045205481747,-3.491007594630247,-0.34336687399638804,-0.939201357453208,True,val
-0.7240589623152658,1,0.0324607632832917,1.0,6.278396177378255e-05,0.0625,2025-07-29,London,15.992736376953966,-9.675810902874414,-3.4277232025913884,-0.45370308603134424,-0.8911529104063088,True,val
-0.3822693691716085,1,0.0364071965421858,1.0,5.956142494363851e-05,1.0,2025-08-05,London,0.2342640638272462,-9.728502425927626,-3.312988816678029,-0.5574684374327892,-0.8301981337405212,False,val
-0.3522582950284997,1,0.0351917426125793,1.0,6.003601158818076e-05,1.0,2025-08-12,London,0.7258306394583862,-9.72056598264969,-3.3469438087673264,-0.65316012232693,-0.7572198192083127,False,val
-0.5845640125197891,1,0.0339487281900188,1.0,6.055339211434078e-05,1.0,2025-08-19,London,0.620847424152497,-9.711985067827628,-3.3829038869451376,-0.7393922635959241,-0.673274892250183,False,val
-0.6505398490521695,1,0.0289827388150231,1.0,4.444437886092524e-05,0.890625,2025-08-26,London,22.040058092946033,-10.021272063822781,-3.5410548394804717,-0.8149159841660791,-0.5795791048257612,False,val
-0.3605034208159609,1,0.0292623462495002,1.0,5.268805809911129e-05,1.0,2025-09-02,London,19.125260224025208,-9.851121729629854,-3.5314537003608777,-0.8786374941610001,-0.4774894280028391,False,val
-0.6814041225288177,1,0.030341027911028,1.0,3.299492260352591e-05,0.9765625,2025-09-09,London,18.983847335079997,-10.31915686883475,-3.4952544259050033,-0.9296339319682695,-0.3684843993077793,False,val
-0.390317512638735,1,0.029265301193051,1.0,5.739026697737602e-05,1.0,2025-09-16,London,4.294638296753082,-9.765635833870574,-3.5313527243714975,-0.9671667297977312,-0.2541427094613622,False,val
-0.3947733481153415,1,0.0320635854604348,1.0,8.115454466050726e-05,1.0,2025-09-23,London,1.971367530846636,-9.4191552623616,-3.440034302107715,-0.9906923101615609,-0.13612033862266704,False,val
-0.4163150730337792,1,0.0274506715941046,1.0,9.770850091242094e-05,0.99609375,2025-09-30,London,15.256434958586688,-9.23352199233817,-3.595364645238288,-0.9998699583618592,-0.016126573270657762,False,val
-0.5588159434232461,1,0.0286095176610435,1.0,7.011084165470058e-05,0.87890625,2025-10-07,London,0.7369577028605391,-9.56543311604352,-3.554015831165922,-0.9945667569706337,0.1041007489354256,False,val
-0.4487000486370024,1,0.0274894409904208,1.0,6.363032456509126e-05,0.0546875,2025-10-14,London,10.741249427030755,-9.662420399913923,-3.593953312027355,-0.9748595108374125,0.22282040779479959,True,val
-0.2042243756158489,1,0.0273478133632373,1.0,5.849900131120058e-05,0.359375,2025-10-21,London,22.834969042642665,-9.746500875475594,-3.5991187034661882,-0.9410336347451197,0.3383130181923075,True,val
-0.1643913570624757,1,0.0273312913197075,1.0,5.7727654310489875e-05,0.375,2025-10-28,London,14.590223150074472,-9.759774221788826,-3.5997230309923407,-0.8935790198239952,0.4489059314938798,True,val
-0.0946117505931584,1,0.0286540743096907,1.0,7.618389728427596e-05,0.9765625,2025-11-04,London,23.489503664263292,-9.482360439331918,-3.5524596361699103,-0.8331829385891785,0.5529974600700271,False,val
-0.0871733867910206,1,0.0291848828476984,1.0,9.314272044549472e-05,1.0,2025-11-11,London,37.85479995122699,-9.28137761270373,-3.534104414461614,-0.7607200913564104,0.6490800741100398,False,val
-0.0137538954503937,1,0.0297556873536815,1.0,5.926683399871888e-05,1.0,2025-11-18,London,22.750694772372363,-9.733460700181107,-3.5147349937091317,-0.6772399381909491,0.7357622347736525,False,val
0.1076174217554049,1,0.0296406849522912,1.0,5.663393336848202e-05,1.0,2025-11-25,London,13.520126644594036,-9.778902222922655,-3.518607369769601,-0.5839514998576998,0.8117885474764613,False,val
0.1867764252605413,1,0.0290622182478233,0.99609375,8.381573303454486e-05,1.0,2025-12-02,London,18.899690965338433,-9.38688982305583,-3.538316290380109,-0.4822058478963526,0.8760579434344281,False,val
-0.0066904609951776,1,0.0287689222621211,1.0,7.707443301078278e-05,1.0,2025-12-09,London,7.2424019467107215,-9.470738940550188,-3.5484595625957986,-0.37347653741307074,0.9276396261490467,False,val
0.225991380472682,1,0.0303375058443354,0.98828125,6.778167833504358e-05,1.0,2025-12-16,London,19.06800191713687,-9.599218630583467,-3.4953705152855,-0.2593382659754056,0.9657865518844574,False,val
0.238696215105505,1,0.0310123004279571,1.0,5.051391353737636e-05,1.0,2025-12-23,London,0.5665639084407117,-9.8932617440388,-3.4733713651979152,-0.14144406768794202,0.9899462489023779,False,val
0.139586927873688,1,0.0314459327734057,1.0,6.516033435628449e-05,1.0,2025-12-30,London,0.6833606367851333,-9.638659642931678,-3.4594856277788075,-0.021501372740813793,0.999768818762748,False,val
0.0476613070378309,1,0.030884366758967,1.0,7.118649103267293e-05,0.94140625,2026-01-06,London,24.317976178948793,-9.550207490235046,-3.477505153234787,0.10303137904317879,0.9946781061893646,False,val
0.0654319374928352,1,0.0320957755890968,1.0,8.989271397247309e-05,1.0,2026-01-13,London,27.494074848552987,-9.316893665683521,-3.4390308590921848,0.22177215755648186,0.975098513039961,False,val
-0.0395834842297708,1,0.0294862508713873,1.0,3.3366155639230696e-05,0.9765625,2026-01-20,London,28.438408497692336,-10.307968475936065,-3.523831196438112,0.3373010691361842,0.9413968285264122,False,val
-0.0171853981504721,1,0.0299172581499065,1.0,8.091247400420599e-05,0.99609375,2026-01-27,London,34.85289708822096,-9.42214255537549,-3.5093197694497875,0.44794493940789115,0.8940611451454876,False,val
-0.0421475158359051,1,0.0310701904000646,1.0,3.7799856283651585e-05,0.98046875,2026-02-03,London,29.558983936811217,-10.18320525736576,-3.4715064274960348,0.5521013427459208,0.8337770129585915,False,val
-0.2956324114323163,1,0.0310730435281332,1.0,7.634112892652404e-05,1.0,2026-02-10,London,28.4960510878375,-9.48029872261763,-3.471414603241317,0.6482618097757122,0.7614175109532997,False,val
-0.4477156407543186,1,0.0347215641404484,1.0,-6.981590136811671e-08,0.0234375,2026-02-17,London,15.63485447105264,-16.11809565095832,-3.360394340076592,0.7350336741329412,0.6780306024735382,True,val
-0.0791186586743343,1,0.0306996472979306,1.0,7.569081882939714e-05,1.0,2026-02-24,London,9.671540750192372,-9.48885368850384,-3.4835041131217364,0.8111602420785621,0.5848239578463322,False,val
0.4868726779303682,1,0.033412686687363,1.0,8.435789797678136e-05,1.0,2026-03-03,London,6.667153689245724,-9.380442119961659,-3.3988196101817776,0.8755389928586302,0.4831474640149687,False,val
-0.3275306405114043,1,0.0306601535304262,1.0,5.530813713550319e-05,1.0,2026-03-10,London,9.232246126350416,-9.802590514953321,-3.4847913980354748,0.9272375462179537,0.374473674486883,False,val
-0.1303531060898823,1,0.0322222504266099,1.0,9.967283234813772e-05,1.0,2026-03-17,London,0.0245013837842315,-9.213617412130342,-3.4350980580296366,0.9655071658143364,0.2603764827344581,False,val
-0.3957587962815556,1,0.0297714177871482,1.0,5.1326722200551826e-05,1.0,2026-03-24,London,5.07741469710789,-9.877299040813618,-3.514206480394209,0.9897936029670716,0.14250832791617088,False,val
-0.454171246690334,1,0.0329440179070315,1.0,5.2859494722217806e-05,1.0,2026-03-31,London,2.1103583165376936,-9.847873207626519,-3.4129455851371286,0.9997451236925734,0.022576263041545485,False,val
-0.2127055617083023,1,0.0320060246178883,1.0,8.357710456393045e-05,1.0,2026-04-07,London,4.2060693570896595,-9.389740944235047,-3.4418311245938433,0.9952176027737294,-0.09768276782171598,False,val
-0.5149229158702425,1,0.0324564231822717,1.0,5.385877900566668e-05,0.9765625,2026-04-14,London,3.137843970251648,-9.82914514061746,-3.4278569145176983,0.9762766110869321,-0.21652708524481437,False,val
-0.1123688128904624,1,0.0321699008197289,1.0,8.930471715054472e-05,1.0,2026-04-21,London,1.436084809779786,-9.323456247842621,-3.4367240207409626,0.9431964659565866,-0.33223549871590435,False,val
-0.1503626646090934,1,0.0312383875308509,1.0,7.483553239422297e-05,1.0,2026-04-28,London,5.068265871472741,-9.5002177537675,-3.46610757087252,0.8964562582905575,-0.44313223418263453,False,val
-0.6219124218634136,1,0.0300335359697655,1.0,6.879390006059148e-05,0.9921875,2026-05-05,London,3.3040867591690817,-9.584395478865684,-3.5054406560077003,0.8367329140344921,-0.5476112038402312,False,val
-0.6254302184396296,1,0.0278069057913719,1.0,4.2496814186209746e-05,0.76171875,2026-05-12,London,15.971656104808067,-10.066081445168045,-3.5824708793725626,0.7648913904341226,-0.6441592666722685,False,val
-0.3632439553272826,1,0.0299683648475761,1.0,6.142384143644119e-05,1.0,2026-05-19,London,8.512520166245901,-9.697712501168509,-3.507612958782434,0.6819721490904629,-0.7313781428679254,False,val
-0.4121269385412364,1,0.0296896145758927,1.0,8.489843647083486e-05,1.0,2026-05-26,London,7.132162434972638,-9.37405488094335,-3.516957971904314,0.5891760872322963,-0.8080046647350754,False,val
-0.5895095520782527,1,0.0260360153170243,1.0,1.933453832686823e-05,0.55078125,2026-06-02,London,40.95297491523909,-10.853617510776422,-3.6482744949704218,0.4878471454423119,-0.8729290708206411,False,val
-0.5490934511831895,1,0.0240751949442302,1.0,4.7566676047107054e-05,1.0,2026-06-09,London,16.823051177349576,-9.953378124943438,-3.7265732239587606,0.37945284372454435,-0.925211078289358,False,val
-0.5250870401743228,1,0.0269461660283071,1.0,5.88361496523733e-05,1.0,2026-06-16,London,5.559971232906178,-9.740754101959299,-3.613914254147865,0.26556302780405594,-0.9640935007889755,False,val
-0.2751963043895143,1,0.0281159283582902,1.0,6.155086215294759e-05,1.0,2026-06-23,London,8.156883988803212,-9.695646698072895,-3.5714190177479015,0.14782713347053048,-0.9890132145779883,False,val
-0.2776839438265253,1,0.0259804506844385,1.0,4.7620765019091303e-05,1.0,2026-06-30,London,1.336209347865634,-9.952241651954983,-3.650410920529158,0.02795029824021032,-0.999609314096404,False,val
-0.1321136482231602,1,0.0285631927772255,1.0,5.672095231216276e-05,1.0,2026-07-07,London,0.0211430028638462,-9.77736688617467,-3.555636355839344,-0.09233133369539123,-0.9957283388645872,False,val
-0.2300706717047461,1,0.0319233037121931,1.0,4.959283169145269e-05,1.0,2026-07-14,London,0.1945378612668918,-9.911664257027498,-3.4444190120008362,-0.2112757555821793,-0.9774264960104055,False,val
-0.2952329410363958,1,0.033931359235332,1.0,6.246667264604904e-05,1.0,2026-07-21,London,1.53247874032655,-9.680877381106898,-3.383415641002171,-0.3271603271220951,-0.9449688462364056,False,val
-0.1702012281224567,1,0.0337332194038504,1.0,5.969333823358216e-05,1.0,2026-07-28,London,1.8443147175018109,-9.726290131169236,-3.3892721881587984,-0.4383067230125192,-0.898825465016444,False,val
-0.2042647714546971,1,0.0322948311661416,1.0,6.191818046413134e-05,1.0,2026-08-04,London,0.7487523457375265,-9.689696714383755,-3.432848087375073,-0.5431052396834317,-0.8396646346181327,False,val
-0.1566630535540303,1,0.0348896385948086,1.0,7.66996441130322e-05,1.0,2026-08-11,London,2.784421649096153,-9.47561348958837,-3.3555653822547415,-0.6400381082043503,-0.7683431655492202,False,val
-0.3562426008586188,1,0.033175313281903,1.0,4.710989209674317e-05,1.0,2026-08-18,London,7.228511524234968,-9.963027555708287,-3.405949255495628,-0.7277014757264236,-0.6858939875998223,False,val
-0.3361097213287243,1,0.0321871056959992,1.0,6.526695437573851e-05,1.0,2026-08-25,London,30.758794045182604,-9.637024708337234,-3.4361893508546006,-0.8048257371083452,-0.593511190196115,False,val
-0.7665607911523231,1,0.0317636695546697,1.0,0.0001422328415125,1.0,2019-01-01,Los Angeles,21.27659290243519,-8.858045114289498,-3.449432109143013,0.017201575418260506,0.9998520419557735,False,train
-1.0479325762176608,1,0.0313219702068846,1.0,0.0001403395311644,0.9965397923875432,2019-01-08,Los Angeles,35.08125591537954,-8.871445848858267,-3.463435504126503,0.13718540405660057,0.9905453876091833,False,train
-0.7158588319598296,1,0.0308562936560852,0.8961937716262975,7.117936367935196e-05,1.0,2019-01-15,Los Angeles,64.68411546068565,-9.550307617521062,-3.4784145411366247,0.2551824131233728,0.9668929289391521,False,train
-0.8670001738970395,1,0.0334053884643026,0.8408304498269896,0.0001757596692276,1.0,2019-01-22,Los Angeles,0.0082548928566802,-8.646393011844628,-3.399038060745427,0.3694836834473831,0.9292372181882051,False,train
-0.9223739372809892,1,0.0320040453798705,1.0,0.0002218029845439,0.9930795847750864,2019-01-29,Los Angeles,88.59661413844802,-8.413721027124563,-3.441892966051555,0.4784338202547012,0.8781236129591848,False,train
-0.9707435180750622,1,0.0355359638777696,1.0,0.000124533178974,1.0,2019-02-05,Los Angeles,17.353514888842458,-8.990938379780605,-3.3372100283273856,0.580454927809098,0.8142923779467267,False,train
-0.8765543120260331,1,0.0325738838883787,1.0,7.13358065251202e-05,0.9930795847750864,2019-02-12,Los Angeles,59.18023984763554,-9.548112161298654,-3.424244419386188,0.6740694616546162,0.7386679638813748,False,train
-1.0733103308606649,1,0.0347912432919593,0.9480968858131488,0.0001214248643325,1.0,2019-02-19,Los Angeles,7.744287478941363,-9.016214887027717,-3.3583895534071324,0.7579216274973472,0.6523456189565257,False,train
-1.1605203813058114,1,0.0344895070027508,1.0,0.0001006100479001,0.8961937716262975,2019-02-26,Los Angeles,21.61346256141811,-9.20425842556362,-3.3671001460540504,0.8307970168121247,0.5565755266413303,False,train
-0.9527731811791844,1,0.0359440920144699,1.0,4.8286787557027505e-05,0.9757785467128028,2019-03-05,Los Angeles,48.13570676783398,-9.938352584271192,-3.325790547277929,0.8916401947968874,0.45274469960737107,False,train
-0.819154450950843,1,0.0368284721734397,0.9100346020761244,9.908532041622487e-05,1.0,2019-03-12,Los Angeles,1.698288041818942,-9.219529256599255,-3.3014840325938772,0.9395699859530622,0.342356891994542,False,train
-1.0968461915914374,1,0.0406111689829188,0.9307958477508652,7.809145202553826e-05,1.0,2019-03-19,Los Angeles,11.32700026372097,-9.457629956205444,-3.2037121521055463,0.9738922359149924,0.22701082094141847,False,train
-0.8242131498047566,1,0.0396253317291551,0.9515570934256056,0.0001035610657805,1.0,2019-03-26,Los Angeles,0.3609869166853666,-9.175349111703804,-3.2282866751060415,0.9941098647022418,0.10837701279187609,False,train
-1.1383125208063154,1,0.0372952425906411,0.9307958477508652,6.951606969835965e-05,1.0,2019-04-02,Los Angeles,2.375710813153983,-9.573952613439014,-3.2888895049536906,0.9999300657962057,-0.011826390691832589,False,train
-0.895760292709219,1,0.0404220047145287,1.0,7.315463726725065e-05,1.0,2019-04-09,Los Angeles,0.0255014378886886,-9.522935038560075,-3.208380971142824,0.9912685467787256,-0.13185851571739118,False,train
-0.9334816793661742,1,0.0360260075602443,1.0,8.402571827503884e-05,1.0,2019-04-16,Los Angeles,2.2954873967882525,-9.384387636040474,-3.3235141691255685,0.9682507501166718,-0.2499809690726521,False,train
-0.7921659573603367,1,0.0337257041385004,1.0,8.155823065973301e-05,1.0,2019-04-23,Los Angeles,2.9765757707966167,-9.414193306219019,-3.3894949982775033,0.9312100364121947,-0.3644830148102912,False,train
-0.9679457279700572,1,0.03477594734322,1.0,6.453550807495258e-05,1.0,2019-04-30,Los Angeles,2.8728432447376444,-9.64829497284916,-3.3588292994669096,0.8806828564301475,-0.47370635037968,False,train
-0.8357112298334088,1,0.0329678093652429,0.9965397923875432,5.2014962367007665e-05,1.0,2019-05-07,Los Angeles,8.615678790098642,-9.863979142944366,-3.4122236673803537,0.8174009818249189,-0.5760691233798758,False,train
-1.00724899944376,1,0.0355728468661936,1.0,5.131480688163829e-05,1.0,2019-05-14,Los Angeles,21.10108831355384,-9.877531214263753,-3.3361726606272173,0.742280907086982,-0.6700888411055113,False,train
-0.9144280158856336,1,0.0318440300701294,1.0,5.589148150646688e-05,1.0,2019-05-21,Los Angeles,10.779399336384444,-9.792098577492979,-3.4469053534612693,0.6564105761979381,-0.7544038410927472,False,train
-0.9616446522708968,1,0.0333663338608675,1.0,8.552052811716806e-05,1.0,2019-05-28,Los Angeles,1.911122114623981,-9.366754115902099,-3.4002078555785897,0.5610336262283677,-0.8277930117131022,False,train
-0.8538364086930573,1,0.0320418719086431,1.0,6.096889611602877e-05,1.0,2019-06-04,Los Angeles,0.2021137095310966,-9.705146723571275,-3.4407117343736475,0.4575313760742512,-0.8891934772070711,False,train
-0.9239949421408316,1,0.0308290702852089,1.0,6.038943974985779e-05,0.9965397923875432,2019-06-11,Los Angeles,0.3504536697396065,-9.714696306888063,-3.479297193711055,0.3474028211842774,-0.9377159910299093,False,train
-0.9388163761991216,1,0.0301370853329715,1.0,6.111305056698096e-05,1.0,2019-06-18,Los Angeles,1.2901255681899455,-9.702785121026974,-3.50199879474092,0.23224292400907015,-0.9726578145718654,False,train
-0.8993408655920017,1,0.0278647039488836,1.0,5.91140681957551e-05,1.0,2019-06-25,Los Angeles,0.1788787071392391,-9.736041621342064,-3.580394482496403,0.11371951458594969,-0.9935128947338007,False,train
-0.9633332510205954,1,0.0316553230956687,1.0,5.073416593699819e-05,1.0,2019-07-02,Los Angeles,0.157358267205371,-9.888910989966305,-3.452848958256626,-0.00645086419810515,-0.9999791929590823,False,train
-0.9168952227086188,1,0.0256244669865858,1.0,5.671537236535476e-05,1.0,2019-07-09,Los Angeles,0.0400888726609602,-9.777465266421533,-3.6642076422633796,-0.12652781683868314,-0.9919630595773397,False,train
-0.808868870898044,1,0.02567782124827,1.0,5.3493503907775374e-05,1.0,2019-07-16,Los Angeles,0.0544532248401462,-9.835950333719168,-3.6621276461167804,-0.24477230089725957,-0.9695805901076308,False,train
-1.0002264280214297,1,0.026138095969096,1.0,6.22099027845055e-05,1.0,2019-07-23,Los Angeles,2.128093403583276,-9.684996362137401,-3.644361413182845,-0.3594718130884232,-0.9331559438780432,False,train
-0.9078565941782027,1,0.0262243389748054,1.0,6.431362390463614e-05,1.0,2019-07-30,Los Angeles,0.021707752256377,-9.65173906884323,-3.641067330935262,-0.46896519100763184,-0.8832166493127127,False,train
-0.9523543672985064,1,0.0279120397607182,1.0,5.672762408749977e-05,1.0,2019-08-06,Los Angeles,0.334118717331294,-9.777249268562242,-3.57869715059602,-0.5716666713027052,-0.8204859638785327,False,train
-0.887848601183032,1,0.0260016546100803,1.0,6.381976623603538e-05,1.0,2019-08-13,Los Angeles,0.0215844560583396,-9.659447599984636,-3.6495951041362784,-0.666088855860977,-0.7458723993404063,False,train
-0.9977987041567936,1,0.0291488095561753,1.0,6.330763406618691e-05,1.0,2019-08-20,Los Angeles,0.0290116676265654,-9.66750463472434,-3.535341205572715,-0.7508642533989489,-0.6604565640279754,False,train
-1.0491501507691616,1,0.0272265705139771,1.0,5.2984773500010326e-05,1.0,2019-08-27,Los Angeles,0.5281473079041735,-9.845505978141171,-3.6035619253631075,-0.8247650844733614,-0.5654755126737576,False,train
-1.0706075712704233,1,0.0296800215589428,0.9965397923875432,6.393060622963747e-05,1.0,2019-09-03,Los Angeles,2.431576570268455,-9.6577123405208,-3.517281134303747,-0.886721063082993,-0.46230483047981086,False,train
-1.1841122184583228,1,0.0303196213416658,0.9965397923875432,7.208577790623008e-05,1.0,2019-09-10,Los Angeles,0.3331980546394404,-9.53765378824542,-3.49596020701729,-0.9358348973349941,-0.35243871088460327,False,train
-1.1115459482205574,1,0.0306905735696089,0.9688581314878892,6.722235229615669e-05,1.0,2019-09-17,Los Angeles,0.0867582781565776,-9.607504742287375,-3.4837997213883156,-0.97139528468375,-0.23746831555846842,False,train
-0.984342626515848,1,0.0295846993675704,1.0,6.175583777654572e-05,1.0,2019-09-24,Los Angeles,3.605503303358456,-9.692322048033278,-3.5204979645555947,-0.9928872135356962,-0.11905873003404988,False,train
-1.1077788506178297,1,0.0313756779648813,0.8858131487889274,0.00011433781619,1.0,2019-10-01,Los Angeles,0.0064712736490184,-9.07635319157619,-3.4617222733212163,-0.9999994220246925,0.001075151282798226,False,train
-1.0121282557827016,1,0.0311898200950755,1.0,8.608846584127875e-05,1.0,2019-10-08,Los Angeles,0.0595225058152501,-9.360135117858833,-3.467663516411266,-0.9926289059345095,0.12119346147073601,False,train
-1.1266304219633247,1,0.0304131179103222,0.889273356401384,9.792445739658322e-05,1.0,2019-10-15,Los Angeles,0.0146956103811854,-9.23131421943786,-3.49288125343575,-0.9708824104813836,0.2395565591209271,False,train
-1.0567505878186167,1,0.0300740091688883,0.8685121107266436,0.000119137789101,1.0,2019-10-22,Los Angeles,0.3325484815419837,-9.03522984308717,-3.5040939630044763,-0.9350748843515574,0.3544502230989869,False,train
-1.1024226041755545,1,0.0297238095343593,0.986159169550173,0.000121484013631,1.0,2019-10-29,Los Angeles,0.0057714975098875,-9.015727878893925,-3.5158068865139542,-0.8857249183835637,0.4642104791518923,False,train
-1.059599430468844,1,0.0301551376383322,1.0,0.0001248009857101,1.0,2019-11-05,Los Angeles,0.037381435981996,-8.98879020374203,-3.501399967727733,-0.8235472349556007,0.5672476988027229,False,train
-1.1856705229527769,1,0.0301087722761509,0.9411764705882352,0.0001294387176976,1.0,2019-11-12,Los Angeles,0.074512751928269,-8.9523030112421,-3.5029387119411606,-0.7494423368521953,0.6620696215153815,False,train
-1.2211831812569158,1,0.0297458264187369,1.0,0.0001199653251307,1.0,2019-11-19,Los Angeles,10.676757890422792,-9.028307814182583,-3.5150664452776614,-0.6644834655228552,0.7473029667054297,False,train
-0.8825753409627899,1,0.0317926632311186,1.0,0.0001404420729359,1.0,2019-11-26,Los Angeles,46.53777497788624,-8.870715446477474,-3.448519731817597,-0.5699010576127624,0.821713322596059,False,train
-0.9686615836150044,1,0.029406578676786,1.0,0.0001047184283456,1.0,2019-12-03,Los Angeles,38.74494575649945,-9.164235444634153,-3.526536865152516,-0.46706492487743034,0.8842230238742036,False,train
-1.395227848259696,1,0.0317363108511727,1.0,0.0001783148909578,1.0,2019-12-10,Los Angeles,0.5658556393937135,-8.631959520274004,-3.450293800910947,-0.3574644155648614,0.9339267592294762,False,train
-1.0746623238209383,1,0.0328843004753248,0.986159169550173,0.0001825465722505,1.0,2019-12-17,Los Angeles,40.92711905330123,-8.608505227083564,-3.414759924301664,-0.2426868445825954,0.9701046827361175,False,train
-1.301011217609714,1,0.0323798110092371,1.0,8.955301345436033e-05,0.9896193771626296,2019-12-24,Los Angeles,39.89212987651808,-9.320679778942104,-3.43022016740079,-0.12439450483979998,0.9922328391893008,False,train
-1.214625316365039,1,0.0329005737907243,0.8477508650519031,0.0001569308222849,1.0,2019-12-31,Los Angeles,0.0249441779748432,-8.759705472107708,-3.4142651809153466,-0.004300592702981974,0.9999907524084426,False,train
-1.1660461045655317,1,0.0344239763539422,1.0,0.0001357693378368,1.0,2020-01-07,Los Angeles,1.1094550060138446,-8.904553157459064,-3.369001970352239,0.1201261651823505,0.9927586335250793,False,train
-1.2643617134211036,1,0.0343629858272832,0.9930795847750864,0.0001698714971216,1.0,2020-01-14,Los Angeles,5.9546077127491985,-8.680468306034633,-3.370775287292189,0.23851257519407648,0.9711394088771653,False,train
-1.2876186781836634,1,0.0345428997852831,0.9826989619377162,0.000156514709996,1.0,2020-01-21,Los Angeles,2.2735772152219695,-8.762360558816521,-3.3655532553786878,0.3534446712740877,0.9354554315134164,False,train
-1.0992583906427047,1,0.0370574475202278,0.9688581314878892,0.0001342173442001,1.0,2020-01-28,Los Angeles,0.2100609022294141,-8.916050100346201,-3.295285934748677,0.4632579225674917,0.88622350294858,False,train
-1.1245632083441714,1,0.0335234027671718,1.0,0.0001578186087857,1.0,2020-02-04,Los Angeles,4.205987710057551,-8.754064230106666,-3.3955114939867417,0.5663619330814524,0.8241566360566663,False,train
-1.28975033631686,1,0.0355369307547495,0.9238754325259516,0.0001438893247478,1.0,2020-02-11,Los Angeles,0.0287314187361268,-8.846466132036154,-3.3371828202902014,0.6612634749656386,0.7501537286959042,False,train
-1.3836175327519826,1,0.0348787419551933,1.0,0.0001265584095316,1.0,2020-02-18,Los Angeles,3.5887746590305643,-8.97480662093603,-3.3558777483901743,0.746588114532413,0.6652865452111116,False,train
-1.272450914157291,1,0.0333304958696338,1.0,0.0001159837018671,1.0,2020-02-25,Los Angeles,2.4249139763949668,-9.06206087787481,-3.401282509196387,0.8211001178128892,0.5707841943569036,False,train
-1.2039193502583834,1,0.0373904172525573,1.0,0.0001074809985352,1.0,2020-03-03,Los Angeles,1.1429601949012318,-9.138196483832154,-3.2863408305860764,0.8837203473619977,0.4680153284438345,False,train
-1.1847811185398611,1,0.0364831868551624,1.0,4.4639148547910725e-05,0.6643598615916955,2020-03-10,Los Angeles,81.22925908117296,-10.016899313820645,-3.3109037586233114,0.9335418911179212,0.35846832151248087,False,train
-1.2723985405199214,1,0.0355932902480948,1.0,5.826403369615045e-05,0.9965397923875432,2020-03-17,Los Angeles,37.69556004514005,-9.75052557271314,-3.335598135065131,0.969843196967294,0.24372971360968387,False,train
-1.257803014040879,1,0.0380002977007772,1.0,4.801522345782238e-05,1.0,2020-03-24,Los Angeles,6.3030929963506965,-9.943992441968216,-3.2701612850554596,0.992098522791769,0.12546123335273648,False,train
-1.3144076143224384,1,0.039958647152515,1.0,5.5730550696726545e-05,1.0,2020-03-31,Los Angeles,33.29425107623683,-9.794982074918524,-3.2199101808170463,0.9999855506507186,0.005375731557583884,False,train
-1.183918959528541,1,0.0348434277871889,1.0,4.675141887146124e-05,0.9826989619377162,2020-04-07,Los Angeles,53.27247709958518,-9.970665952498452,-3.35689074529359,0.9933900548258936,-0.11478762552212701,False,train
-1.2435542049755888,1,0.0364907429036165,1.0,5.935637874337157e-05,1.0,2020-04-14,Los Angeles,2.2274801716863437,-9.73195096596314,-3.310696669639449,0.9724075561219968,-0.23328854407545518,False,train
-1.1574810886731035,1,0.0395370622300512,1.0,6.496464405920317e-05,1.0,2020-04-21,Los Angeles,0.1937311855438305,-9.641667373607053,-3.230516762683531,0.9373419384643772,-0.3484108069446808,False,train
-1.146244706588903,1,0.0387196609219075,1.0,6.144834862611941e-05,1.0,2020-04-28,Los Angeles,0.0200226144710927,-9.697313595769481,-3.2514077737942464,0.8887010478292915,-0.45848712914008766,False,train
-1.1866297436599076,1,0.036420499062372,1.0,5.5926817793723995e-05,1.0,2020-05-05,Los Angeles,0.0591189841202021,-9.791466546981791,-3.3126235018009424,0.8271893372462497,-0.5619233046832195,False,train
-1.2037968723702004,1,0.0361377759728251,1.0,4.0583735849797546e-05,1.0,2020-05-12,Los Angeles,3.26464101788676,-10.112143166448705,-3.320416534925142,0.753697664392914,-0.6572212950663319,False,train
-1.126544563984174,1,0.0347865489797813,1.0,4.53857057617684e-05,1.0,2020-05-19,Los Angeles,0.5532032382978731,-10.000313353555343,-3.3585244904907006,0.6692903895412567,-0.7430009249440493,False,train
-1.2333887819523732,1,0.0334657358859674,1.0,4.612552229604249e-05,1.0,2020-05-26,Los Angeles,0.2212582446981449,-9.984144132176256,-3.3972331729516725,0.5751899607119775,-0.8180198708443175,False,train
-1.1108973361714536,1,0.0314975376161086,1.0,4.3130970299453606e-05,1.0,2020-06-02,Los Angeles,1.158261463929051,-10.051269250468462,-3.457845907123242,0.47275920928627757,-0.881191653407483,False,train
-0.9666013799274682,1,0.0318153971400701,1.0,5.769589121584713e-05,1.0,2020-06-09,Los Angeles,0.0051169226422633,-9.760324596416458,-3.4478049195819516,0.36348161248290634,-0.9316013725767187,False,train
-1.273323498513203,1,0.0314302356702997,1.0,3.954561528102795e-05,1.0,2020-06-16,Los Angeles,0.3960419406718093,-10.138055735104503,-3.459984929941158,0.24893980855376657,-0.9685189578512204,False,train
-1.268250835678873,1,0.0288686363871454,1.0,4.660913729924975e-05,1.0,2020-06-23,Los Angeles,1.520450549251504,-9.973713956670682,-3.5449995192892567,0.13079267585675922,-0.9914097417023038,False,train
-2.3891271441586035,1,0.0280206083800269,1.0,4.232629713607138e-05,1.0,2020-06-30,Los Angeles,0.1469987410687496,-10.070101983372243,-3.574815025959703,0.01075130776352193,-0.9999422030204416,False,train
-1.145411767507928,1,0.0268929293672564,1.0,4.426431681920438e-05,1.0,2020-07-07,Los Angeles,0.0147922245488815,-10.025331694902567,-3.6158918757260214,-0.10944576864891556,-0.993992768446958,False,train
-1.112159578864041,1,0.0250880243108278,1.0,3.9739525562315415e-05,1.0,2020-07-14,Los Angeles,0.0377921799329787,-10.13316425945451,-3.6853646657924553,-0.2280577712215198,-0.9736476020539838,False,train
-1.2314721024395794,1,0.0261358576813904,1.0,4.780772604516376e-05,1.0,2020-07-21,Los Angeles,0.1000813837271682,-9.948323298784016,-3.644447050007713,-0.34336687399638804,-0.939201357453208,False,train
-1.1168614401212198,1,0.0257703020169344,1.0,5.3924774063359695e-05,1.0,2020-07-28,Los Angeles,0.0397813256978211,-9.827920555528898,-3.65853253467624,-0.45370308603134424,-0.8911529104063088,False,train
-1.133083497907855,1,0.027752487195991,1.0,4.7334736018028206e-05,1.0,2020-08-04,Los Angeles,0.0838704381058591,-9.958266155286513,-3.584429814121744,-0.5574684374327892,-0.8301981337405212,False,train
-1.2675409313105648,1,0.0287247665778812,1.0,6.241663708342732e-05,1.0,2020-08-11,Los Angeles,2.011440491732929,-9.681678698198949,-3.5499955813767246,-0.65316012232693,-0.7572198192083127,False,train
-1.2227894232347702,1,0.0364997318950893,1.0,5.267080291840642e-05,1.0,2020-08-18,Los Angeles,1.7766474474793164,-9.851449280263802,-3.3104503637606877,-0.7393922635959241,-0.673274892250183,False,train
-1.16280437996363,1,0.0298741566350646,1.0,4.846843440201541e-05,1.0,2020-08-25,Los Angeles,0.0446136850370151,-9.934597808979072,-3.510761498917563,-0.8149159841660791,-0.5795791048257612,False,train
-0.6015045409916754,1,0.0436195955709324,1.0,6.353223717807861e-05,1.0,2020-09-01,Los Angeles,0.0275831922316302,-9.663963108791783,-3.1322487898946347,-0.8786374941610001,-0.4774894280028391,False,train
4.476812345821857,1,0.0792915531809481,1.0,6.766961518450603e-05,1.0,2020-09-08,Los Angeles,0.1719750655992907,-9.60087329438466,-2.534623673278912,-0.9296339319682695,-0.3684843993077793,False,train
-0.1363674770725538,1,0.0473879695929501,0.9377162629757786,8.38134786627652e-05,1.0,2020-09-15,Los Angeles,0.0084906144009155,-9.386916720179034,-3.049386888551219,-0.9671667297977312,-0.2541427094613622,False,train
-1.189762982006629,1,0.0346402469136498,0.9757785467128028,6.991510324687471e-05,1.0,2020-09-22,Los Angeles,0.0055042551983383,-9.568228862724004,-3.362739067321107,-0.9906923101615609,-0.13612033862266704,False,train
-1.19834780706901,1,0.0363623899637613,0.9065743944636678,8.069625895757309e-05,1.0,2020-09-29,Los Angeles,0.0106508094773936,-9.424818341165969,-3.3142202812565253,-0.9998699583618592,-0.016126573270657762,False,train
-1.4221821485413364,1,0.0333061071876336,0.9930795847750864,6.919980688365044e-05,1.0,2020-10-06,Los Angeles,0.2967098028919726,-9.578512486043238,-3.402014499783249,-0.9945667569706337,0.1041007489354256,False,train
-1.0707440862776774,1,0.0322968753898167,1.0,8.421519633856407e-05,1.0,2020-10-13,Los Angeles,0.026399184648685,-9.38213517392005,-3.432784790590244,-0.9748595108374125,0.22282040779479959,False,train
-1.0140789103234946,1,0.030513104881089,1.0,7.32072933590988e-05,1.0,2020-10-20,Los Angeles,0.9741523823553508,-9.522215505907088,-3.4895990194173074,-0.9410336347451197,0.3383130181923075,False,train
-1.2648940684463268,1,0.0325925705573878,0.9930795847750864,0.0001210033580681,1.0,2020-10-27,Los Angeles,0.0140716278470641,-9.019692260123705,-3.4236709135945897,-0.8935790198239952,0.4489059314938798,False,train
-1.2792597602171447,1,0.0302858679099398,0.9896193771626296,9.593573952159844e-05,1.0,2020-11-03,Los Angeles,6.6647027878901515,-9.251831970614594,-3.4970740808802905,-0.8331829385891785,0.5529974600700271,False,train
-1.4448456851856448,1,0.0325204699708747,0.8546712802768166,0.0001503495033685,1.0,2020-11-10,Los Angeles,0.0069342991834141,-8.802547951704463,-3.425885542658038,-0.7607200913564104,0.6490800741100398,False,train
-1.3932172450871934,1,0.0328031237603108,1.0,0.0001393852057087,1.0,2020-11-17,Los Angeles,0.0605754242599069,-8.878269193614912,-3.417231531531914,-0.6772399381909491,0.7357622347736525,False,train
-1.443245947539184,1,0.0340040658016216,0.9204152249134948,0.0001104333676263,1.0,2020-11-24,Los Angeles,0.0646953304555918,-9.111098226795644,-3.3812751791147457,-0.5839514998576998,0.8117885474764613,False,train
-1.4048831413383112,1,0.0344320381885709,0.9100346020761244,0.0001632777794425,1.0,2020-12-01,Los Angeles,0.0043123957311763,-8.720057639245876,-3.36876780534228,-0.4822058478963526,0.8760579434344281,False,train
-1.4800544470911978,1,0.0317426391340961,1.0,0.0001276482989138,1.0,2020-12-08,Los Angeles,0.2769972348526172,-8.966231740540271,-3.4500944188182743,-0.37347653741307074,0.9276396261490467,False,train
-1.4550455605325243,1,0.0352940496477851,0.986159169550173,0.0001328054785288,1.0,2020-12-15,Los Angeles,0.0544350466472318,-8.926625067790935,-3.344040894470152,-0.2593382659754056,0.9657865518844574,False,train
-1.5040516508162838,1,0.0324458115747065,0.9619377162629758,0.0001156783754774,1.0,2020-12-22,Los Angeles,17.602064150063995,-9.064696842897586,-3.428183917361267,-0.14144406768794202,0.9899462489023779,False,train
-1.5566306360368196,1,0.033290042669093,1.0,0.0001411968752362,1.0,2020-12-29,Los Angeles,2.825126154207504,-8.865355363205246,-3.4024969456569742,-0.021501372740813793,0.999768818762748,False,train
-1.3409180727298566,1,0.0364323238709716,0.9930795847750864,0.0002057912479662,1.0,2021-01-05,Los Angeles,0.0570910990805866,-8.488648262357831,-3.312298879961257,0.08590610426133272,0.9963032375991965,False,train
-1.5524062005542898,1,0.0324631458180775,0.9065743944636678,0.0001541614238372,1.0,2021-01-12,Los Angeles,0.004723357983503,-8.77751029780066,-3.4276498079107585,0.20496611396949532,0.9787690698649216,False,train
-1.5515406943564654,1,0.0314976045173715,0.9965397923875432,0.0001026450041777,1.0,2021-01-19,Los Angeles,15.944518527893536,-9.184234084191232,-3.457843783109846,0.321057654185271,0.9470596510722283,False,train
-1.4108711066609216,1,0.0338453016872849,1.0,0.0001205260258039,0.9930795847750864,2021-01-26,Los Angeles,33.30909837597796,-9.023644846579167,-3.3859550872694517,0.4324994021339788,0.901634220265486,False,train
-1.517583672600827,1,0.0326149237614061,0.9896193771626296,0.0001710119344632,1.0,2021-02-02,Los Angeles,0.0294946365921238,-8.673777211714519,-3.422985311268433,0.5376773767406141,0.8431506618282,False,train
-1.708228803570898,1,0.0331691626144017,0.972318339100346,0.0001660804736351,1.0,2021-02-09,Los Angeles,1.6940055542791217,-8.703038106141708,-3.406134671611614,0.6350683134867438,0.7724559775191742,False,train
-1.4059063477688662,1,0.0347174344431544,0.8685121107266436,0.0001178797472,1.0,2021-02-16,Los Angeles,0.1003114319729465,-9.045845544650863,-3.360513284686483,0.7232617254437388,0.6905740195722293,False,train
-1.3430404187737228,1,0.0355783150318265,0.9100346020761244,0.0001230482672086,1.0,2021-02-23,Los Angeles,0.0059853347806893,-9.002933863236926,-3.3360189550376584,0.8009803309782905,0.5986906625177214,False,train
-1.567621099395034,1,0.0387728761090144,0.9550173010380624,0.0001274266606603,1.0,2021-03-02,Los Angeles,4.978954274480216,-8.967969569370275,-3.2500343461711276,0.8670985522812081,0.4981366284784055,False,train
-1.5671942220953383,1,0.0364928756630415,1.0,6.389000850866281e-05,1.0,2021-03-09,Los Angeles,32.61757824864071,-9.658347570173277,-3.3106382247591455,0.9206588168102428,0.3903682146763026,False,train
-1.3535275757527148,1,0.0374579822011775,0.9653979238754326,0.0001072457473771,1.0,2021-03-16,Los Angeles,3.0529798015620906,-9.14038765243786,-3.284535448842042,0.9608854255574977,0.27694620226893646,False,train
-1.384931565683747,1,0.0384864644155894,0.9896193771626296,9.722468952018536e-05,1.0,2021-03-23,Los Angeles,0.520945960898815,-9.238485871342986,-3.2574486731259475,0.9871957872910085,0.15951325197263655,False,train
-1.293695728616358,1,0.038398188453383,1.0,9.287219394319722e-05,1.0,2021-03-30,Los Angeles,0.03441986270633,-9.284286268645799,-3.259744996194415,0.9992088560679753,0.03977011384605572,False,train
-1.358732939478673,1,0.0379561364156998,1.0,8.723632601583842e-05,1.0,2021-04-06,Los Angeles,0.0069421633740343,-9.346889731045403,-3.271324090828717,0.9967506498213929,-0.08054900421874167,False,train
-1.3275194595499726,1,0.037325632025807,1.0,8.274525592785322e-05,1.0,2021-04-13,Los Angeles,1.0899643105717547,-9.39974387552754,-3.2880750026578607,0.9798567700958665,-0.1997015525660636,False,train
-1.4458121216538546,1,0.0356566092539068,1.0,4.406447044352247e-05,1.0,2021-04-20,Los Angeles,4.090807015862448,-10.029856759106048,-3.3338207564884965,0.9487718864399473,-0.31596187665790293,False,train
-1.4163274421669958,1,0.0364936499532643,1.0,8.308976845209493e-05,1.0,2021-04-27,Los Angeles,2.0499273544719063,-9.395588987003327,-3.3106170074120724,0.9039461929224011,-0.42764620926777464,False,train
-1.282486905128719,1,0.0378114496618229,1.0,6.981068520697986e-05,1.0,2021-05-04,Los Angeles,0.3916765263104129,-9.56972347671743,-3.275143321115448,0.8460288880917339,-0.533137056031809,False,train
-1.3967852613139262,1,0.03510705371322,1.0,6.60117829351224e-05,0.972318339100346,2021-05-11,Los Angeles,1.2589934604112312,-9.625677302552274,-3.349353208209573,0.7758587728069828,-0.6309066211876704,False,train
-1.3575090857116885,1,0.0344050168405657,1.0,5.564043490501488e-05,1.0,2021-05-18,Los Angeles,1.118780756956606,-9.796600374530254,-3.3695528868476305,0.6944521021088763,-0.719538934232584,False,train
-1.2894279151030934,1,0.032065942036067,1.0,6.073944949795365e-05,1.0,2021-05-25,Los Angeles,0.1549106302702812,-9.708917161641716,-3.4399608078617647,0.6029878670694714,-0.7977503570459932,False,train
-1.4307956455095678,1,0.0313279085491898,1.0,6.018292746135203e-05,1.0,2021-06-01,Los Angeles,0.1574950696642867,-9.718121842858237,-3.4632459317780513,0.5027907197793043,-0.8644081744776648,False,train
-1.242161779263303,1,0.0296580263253084,1.0,5.49850931316475e-05,1.0,2021-06-08,Los Angeles,0.2289425498695916,-9.808448443438193,-3.5180224878004003,0.3953117887649151,-0.9185469991587165,False,train
-1.4154156027342908,1,0.0317324029359292,1.0,6.0970593461638475e-05,1.0,2021-06-15,Los Angeles,0.7038719567604491,-9.705118884425552,-3.4504169455286733,0.2821076626819194,-0.9593827529490743,False,train
-1.4676323668354154,1,0.0282801540679635,1.0,5.395698575569812e-05,1.0,2021-06-22,Los Angeles,1.4763301080192857,-9.82732338890222,-3.565594990020815,0.16481784665719793,-0.9863240225317866,False,train
-0.4310404549762548,1,0.0270894824597707,1.0,4.958780979762688e-05,1.0,2021-06-29,Los Angeles,0.3492445863845382,-9.911765524648976,-3.6086097275426834,0.04514101777397193,-0.9989806246941579,False,train
-0.0349541396176163,1,0.0298726079576242,1.0,6.437795495911322e-05,1.0,2021-07-06,Los Angeles,0.6209467730627362,-9.650739297756365,-3.5108133403001482,-0.07518957641475855,-0.9971692572470178,False,train
0.6775762857747412,1,0.0309693304232429,1.0,5.406092782540997e-05,1.0,2021-07-13,Los Angeles,0.2721237350050176,-9.825398854381087,-3.474757905403722,-0.19443122004766195,-0.9809161537413774,False,train
-0.0419014584794574,1,0.0305190049506414,1.0,5.827776110030461e-05,1.0,2021-07-20,Los Angeles,3.633107933955883,-9.750289993636267,-3.4894056762873698,-0.3108569682435036,-0.9504567035349151,False,train
0.3302680731593737,1,0.0254168894999895,1.0,5.749036408795787e-05,1.0,2021-07-27,Los Angeles,0.3357175904692976,-9.76389320528324,-3.672341384988456,-0.4227806579826773,-0.9062320427107697,False,train
0.2503408093855016,1,0.026884634371099,1.0,6.409109740551892e-05,1.0,2021-08-03,Los Angeles,0.0401783058968824,-9.655205089712554,-3.616200368548922,-0.5285813283559292,-0.8488826652214553,False,train
0.1526221072163686,1,0.0337602599260676,1.0,6.600944093581633e-05,1.0,2021-08-10,Los Angeles,0.2581581779698894,-9.62571278168567,-3.3884709100521593,-0.6267266965083301,-0.7792391467859886,False,train
0.1884466001537685,1,0.0398344584403935,1.0,4.967809240056965e-05,1.0,2021-08-17,Los Angeles,2.161133380343472,-9.909946518810369,-3.2230229513120467,-0.7157953492826642,-0.6983101158835584,False,train
0.1977865708217549,1,0.0307470791919621,1.0,6.473456254686724e-05,1.0,2021-08-24,Los Angeles,0.11310128141508,-9.645215302074902,-3.481960274868279,-0.7944973291665992,-0.6072676460566135,False,train
-0.007745414485929,1,0.0289676865779045,1.0,5.871629919372716e-05,1.0,2021-08-31,Los Angeles,0.2313812395141425,-9.742793200274136,-3.541574326174661,-0.8616928164028521,-0.5074302810827518,False,train
0.427751162857499,1,0.0305343593487487,1.0,6.693841731288404e-05,1.0,2021-09-07,Los Angeles,1.607170416329032,-9.61173750582953,-3.488902693409777,-0.9164086366943458,-0.4002439388573056,False,train
0.2623941248129888,1,0.0303972177381827,0.9515570934256056,7.663578415947147e-05,1.0,2021-09-14,Los Angeles,0.030141045794461,-9.476446434172312,-3.4934041965286395,-0.9578523554276669,-0.28726097055059635,False,train
1.6890715163691288,1,0.0426980093182984,1.0,7.4745563686398e-05,1.0,2021-09-21,Los Angeles,0.2616750902923361,-9.50142069613163,-3.153602980014678,-0.9854237542919524,-0.17011767832049052,False,train
0.3528760922802844,1,0.0344973394038347,0.9757785467128028,0.0001156312894688,1.0,2021-09-28,Los Angeles,0.2018523835057704,-9.065103968205223,-3.366873076648054,-0.9987235240803972,-0.050510617185222886,False,train
-0.2180977830854563,1,0.0311301334031682,0.9965397923875432,7.94344569795335e-05,1.0,2021-10-05,Los Angeles,5.658644877200673,-9.440578316850983,-3.4695790091806487,-0.9975590477788613,0.06982797572987089,False,train
0.1520043569335866,1,0.0332031221565822,0.972318339100346,0.0001247109662627,1.0,2021-10-12,Los Angeles,2.059046795659827,-8.989511767984496,-3.405111366620349,-0.981947190186646,0.18915526872004093,False,train
-0.0412684968945973,1,0.0313023965134133,1.0,0.0001109168147622,1.0,2021-10-19,Los Angeles,15.200138598481296,-9.10673005416166,-3.4640606184433027,-0.9521140536681102,0.3057430764672831,False,train
0.070763186947309,1,0.0297545903794496,1.0,0.0001381677237062,1.0,2021-10-26,Los Angeles,0.8615562014874869,-8.88704222161923,-3.5147718604243887,-0.9084917035725082,0.41790288888678667,False,train
0.0719092727011976,1,0.0310253792114127,1.0,0.0001516196713247,0.9965397923875432,2021-11-02,Los Angeles,0.0643344281038081,-8.794135335095358,-3.472949725197019,-0.8517119107469189,0.5240103253675756,False,train
0.3315229584547015,1,0.0313244604726452,1.0,0.0001518544469907,1.0,2021-11-09,Los Angeles,0.0642745963264073,-8.79258808148348,-3.4633560018871923,-0.7825970017677834,0.6225286602431057,False,train
0.0877438312229697,1,0.0301666065164285,0.9896193771626296,0.0001550360098605,1.0,2021-11-16,Los Angeles,0.134742144488658,-8.771853146346885,-3.5010197108769012,-0.7021479494046978,0.712031078778713,False,train
0.202849088107878,1,0.0324121829097234,0.9653979238754326,0.0001431157631942,1.0,2021-11-23,Los Angeles,0.00454090846919,-8.851856722372759,-3.4292209111278487,-0.6115298757991053,0.7912213413483807,False,train
0.231562350973401,1,0.0315859834114905,1.0,0.0001955634351912,1.0,2021-11-30,Los Angeles,0.1044064499545372,-8.539625754488698,-3.4550418197199217,-0.5120551783114646,0.8589525565270845,False,train
-0.0890662718230495,1,0.0307129671892665,0.9930795847750864,0.0001724250534971,1.0,2021-12-07,Los Angeles,8.184234612442946,-8.665547888383955,-3.4830703295528074,-0.4051645224207563,0.9142437912130223,False,train
-0.1965328719123508,1,0.0319725168683054,0.9792387543252596,0.0001807869001334,1.0,2021-12-14,Los Angeles,45.452785259616775,-8.61819156764557,-3.4428785930689987,-0.29240597695107734,0.9562942772197719,False,train
-0.4735303573306572,1,0.0301523185230635,1.0,8.9404452646252e-05,0.9619377162629758,2021-12-21,Los Angeles,63.85222109889687,-9.32234007113859,-3.5014934591614693,-0.17541259380427843,0.9844950085880858,False,train
-0.1161482276202268,1,0.0303659732403225,1.0,0.000125620368041,1.0,2021-12-28,Los Angeles,66.14685748521708,-8.98224615114612,-3.494432598760674,-0.05587875690537313,0.9984375616565666,False,train
0.0222801034370344,1,0.0322651938255979,1.0,0.0001946138703894,1.0,2022-01-04,Los Angeles,0.1054233329580027,-8.544493114342341,-3.433766220310413,0.06875540848113941,0.9976335468520451,False,train
-0.4415145846084297,1,0.0292633959587436,1.0,0.0002134088550139,1.0,2022-01-11,Los Angeles,5.265775821807105,-8.452300725047014,-3.5314178286502798,0.18809941761179758,0.9821499931752291,False,train
0.2403855018841657,1,0.0318184985267365,1.0,0.000140619866224,1.0,2022-01-18,Los Angeles,5.841852237524971,-8.869450292523537,-3.447707443649153,0.3047192331091634,0.9524422234305676,False,train
-0.1702896425942948,1,0.0336432213483387,0.8408304498269896,0.0001734242708621,1.0,2022-01-25,Los Angeles,0.0284492596904209,-8.659769533043105,-3.391943688998934,0.4169258813287287,0.908940487313808,False,train
0.1248059917030405,1,0.0356436365255301,0.9307958477508652,0.000172200813094,1.0,2022-02-01,Los Angeles,0.0161849713938201,-8.66684924418156,-3.334184646637206,0.5230943033491326,0.8522748088519838,False,train
0.3600508756636447,1,0.0366819781318658,0.9757785467128028,0.0001663010649184,1.0,2022-02-08,Los Angeles,0.0098710514926381,-8.70171076818758,-3.305469703607833,0.6216868902665479,0.7832658619336791,False,train
0.1474117524954851,1,0.033188696854791,1.0,0.0001407965769068,1.0,2022-02-15,Los Angeles,8.516287348106781,-8.868194426277345,-3.4055459172090514,0.7112757519738152,0.7029130847082615,False,train
-0.1384582171283115,1,0.0327275687752635,0.9411764705882352,0.0001366143056437,1.0,2022-02-22,Los Angeles,4.630148242682602,-8.898348889783206,-3.4195374744604368,0.7905633969115482,0.612380204990065,False,train
0.1231665664103653,1,0.0349879843036354,1.0,0.0001371163777035,1.0,2022-03-01,Los Angeles,7.549563184032905,-8.894680520445215,-3.3527505820460024,0.8584015232918917,0.512978386299228,False,train
0.2691914714104767,1,0.0356941331146785,0.8788927335640139,0.0001241013922399,1.0,2022-03-08,Los Angeles,0.4552438477173242,-8.994411647122845,-3.3327689422260103,0.9138076496466615,0.4061472386305789,False,train
0.1856400106084622,1,0.0347422730621994,0.9204152249134948,0.0001067498853432,1.0,2022-03-15,Los Angeles,0.8531483244774339,-9.1450219799245,-3.3597980896188435,0.9559793438440766,0.2934339689665273,False,train
0.1220891302953652,1,0.0321562906854503,1.0,0.0001226138914433,1.0,2022-03-22,Los Angeles,20.56437169118311,-9.006470233839323,-3.437147180706234,0.984305844499033,0.17647097349152166,False,train
-0.1448604712116915,1,0.0371446198345168,1.0,8.846321007120156e-05,1.0,2022-03-29,Los Angeles,8.510380140337642,-9.33292379778999,-3.29293634106483,0.998376906467142,0.056952196034039754,False,train
0.408527899318941,1,0.035731127245998,1.0,9.798890083682984e-05,1.0,2022-04-05,Los Angeles,0.8144506837002666,-9.230656342474777,-3.331733058438097,0.9979887423155984,-0.06339140486951038,False,train
0.3241902024581039,1,0.0344184351662908,1.0,8.290894062341369e-05,1.0,2022-04-12,Los Angeles,0.4823621970856575,-9.39776765334615,-3.369162952152295,0.9831469737221499,-0.1828169249850199,False,train
0.4912207359648641,1,0.036407553236702,1.0,7.099131972030027e-05,1.0,2022-04-19,Los Angeles,6.928977989054291,-9.552952945857571,-3.3129790193631363,0.9540665500578387,-0.2995947563972602,False,train
0.3739429782472402,1,0.0365559258897431,1.0,7.488010220497686e-05,1.0,2022-04-26,Los Angeles,0.2665292458456605,-9.499622360878977,-3.3089119748818443,0.9111686353326631,-0.41203363695942635,False,train
0.218418401610217,1,0.0343192890626025,1.0,6.63175424837159e-05,1.0,2022-05-03,Los Angeles,0.4880178088056952,-9.621056103256315,-3.372047719536068,0.8550745085896932,-0.518505144391157,False,train
0.30809758270883,1,0.0334500338364384,1.0,7.613323151633561e-05,1.0,2022-05-10,Los Angeles,0.0077374989099803,-9.48302570620253,-3.3977024808556937,0.7865965660866021,-0.6174672802835514,False,train
0.0483884534890099,1,0.0320039183350022,1.0,6.338273942580854e-05,1.0,2022-05-17,Los Angeles,0.8582060857784732,-9.66631898239181,-3.441896935709732,0.7067265555776159,-0.7074868024503348,False,train
0.289364860703785,1,0.0319682485863747,1.0,5.555588024625601e-05,1.0,2022-05-24,Los Angeles,0.1945073776944195,-9.798121192462773,-3.4430121004459178,0.6166212130956382,-0.7872599821916922,False,train
0.5892014862887138,1,0.030060425666146,1.0,6.371555000804715e-05,1.0,2022-05-31,Los Angeles,0.235921090163231,-9.66108191202077,-3.5045457342071358,0.5175855102531889,-0.8556314858488706,False,train
0.2618646875870443,1,0.0308652137040576,1.0,5.5871258524762085e-05,0.9757785467128028,2022-06-07,Los Angeles,0.230822603645284,-9.792460468798074,-3.478125499328801,0.4110537546870351,-0.9116111071930239,False,train
0.5062293682139639,1,0.029217229126607,1.0,5.747831743618911e-05,1.0,2022-06-14,Los Angeles,0.1481624625994469,-9.764102769342829,-3.5329967051297912,0.2985688173637202,-0.9543881083175908,False,train
0.307139704462206,1,0.0266056296545875,1.0,5.750389778183788e-05,1.0,2022-06-21,Los Angeles,6.856675378723005,-9.763657824948215,-3.6266324444374063,0.18175978759137534,-0.9833429613388902,False,train
0.5516264938174517,1,0.0255209166169325,1.0,4.601757939990753e-05,1.0,2022-06-28,Los Angeles,0.0112722508117435,-9.986487073612489,-3.66825690355917,0.062318379354325076,-0.998056320853012,False,train
0.4601504387619883,1,0.024916066774116,1.0,5.937305124453443e-05,1.0,2022-07-05,Los Angeles,0.1240131089563993,-9.731670117292778,-3.692242431624492,-0.05802556932878035,-0.9983150972033183,False,train
0.4835055104858695,1,0.0269135037937996,1.0,6.324153581879232e-05,1.0,2022-07-12,Los Angeles,0.7048484937572941,-9.668549260358242,-3.6151271185645735,-0.17752914918703497,-0.984115542601034,False,train
0.2426233483620841,1,0.0270838826138929,1.0,6.52425511928982e-05,1.0,2022-07-19,Los Angeles,0.1711249993451656,-9.637398676241233,-3.608816465517706,-0.2944616217868012,-0.9556633054034704,False,train
-0.1338398577069346,1,0.0270395108247097,1.0,6.998636319770205e-05,1.0,2022-07-26,Los Angeles,1.8065778543792204,-9.567210146354531,-3.6104561187731705,-0.4071294853542516,-0.9133704517637858,False,train
-0.0119046672699253,1,0.0246730601860295,1.0,6.180556515983757e-05,1.0,2022-08-02,Los Angeles,1.5217905512798988,-9.69151714642493,-3.7020433113008204,-0.5139010013093103,-0.8578494977869301,False,train
0.3040763007715376,1,0.0243182811396799,1.0,6.727090003022123e-05,1.0,2022-08-09,Los Angeles,0.0155828147344251,-9.606782806646242,-3.7165269012042677,-0.6132298262997502,-0.7899045386224707,False,train
0.0807021177981403,1,0.0271423966251979,1.0,6.494175869960702e-05,1.0,2022-08-16,Los Angeles,0.0848009897670041,-9.64201970974056,-3.6066583224609734,-0.7036774074790128,-0.7105196029692745,False,train
0.0970191321324671,1,0.025189728882264,1.0,6.309885954280774e-05,1.0,2022-08-23,Los Angeles,0.2994821202563211,-9.670807862386974,-3.681318951586853,-0.7839338166829201,-0.620844401650647,False,train
0.1062783519968594,1,0.0276370408113208,0.9342560553633218,7.055510398297439e-05,1.0,2022-08-30,Los Angeles,2.7472706960014035,-9.559116536669592,-3.5885983476332672,-0.8528367217694595,-0.522177676659508,False,train
-0.3616277199212162,1,0.0278886309273039,0.8408304498269896,7.447711705496151e-05,1.0,2022-09-06,Los Angeles,24.64396999284799,-9.505018633384774,-3.579536166847936,-0.9093882203647925,-0.4159483918249421,False,train
0.0624673247715885,1,0.0252609955704535,0.972318339100346,5.992000145907775e-05,1.0,2022-09-13,Los Angeles,1.965108492508491,-9.72250019440488,-3.678493749912728,-0.9527692922168511,-0.30369503751065885,False,train
0.2189066615809787,1,0.0260503196328012,0.8996539792387543,7.234108551367107e-05,1.0,2022-09-20,Los Angeles,0.32401653258344,-9.534118325834479,-3.647725240884862,-0.9823516608469237,-0.18704334906991657,False,train
0.090499060249702,1,0.027551069353832,1.0,7.175374807652117e-05,1.0,2022-09-27,Los Angeles,0.090150652583771,-9.542270466688606,-3.5917139291153717,-0.9977068927101168,-0.06768276175455162,False,train
-0.1244422051375942,1,0.0289678703311359,1.0,9.24910001367876e-05,1.0,2022-10-04,Los Angeles,0.6071431188329246,-9.288399213997952,-3.5415679828082998,-0.9986126020839734,0.052658056924614005,False,train
-0.2353730650017434,1,0.0281235931333163,1.0,0.0001020357004877,1.0,2022-10-11,Los Angeles,4.394853475724391,-9.190187801136016,-3.5711464416352228,-0.9850556718215013,0.172236243027682,False,train
0.1087354419125704,1,0.0269755769577041,0.972318339100346,0.000109167403681,1.0,2022-10-18,Los Angeles,2.7495519528171752,-9.122628040303532,-3.612823379458549,-0.957232443323312,0.2893199776186952,False,train
0.0389237639949324,1,0.0291052280213934,0.8927335640138409,0.0001317225227184,1.0,2022-10-25,Los Angeles,0.0185029893968445,-8.934812948510752,-3.5368374638485363,-0.9155458729775467,0.40221356823680365,False,train
0.0352734920725106,1,0.0269493885250162,0.9826989619377162,9.521195039548412e-05,1.0,2022-11-01,Los Angeles,9.907478453819737,-9.259405094680776,-3.6137946711232667,-0.8605996962501181,0.5092820071573356,False,train
0.0217755720221332,1,0.0286095204167518,1.0,0.0001327898033047,1.0,2022-11-08,Los Angeles,42.26456996447198,-8.926743106213982,-3.554015734844544,-0.7931896839451843,0.6089746507720486,False,train
-0.0588962462328855,1,0.030330043503775,0.8615916955017301,0.0001566844172795,1.0,2022-11-15,Los Angeles,0.0039055946916465,-8.7612768565624,-3.4956165229346707,-0.7142921172691032,0.699847677146407,False,train
0.0603082145234312,1,0.030515099346311,0.9307958477508652,0.0001574020874681,1.0,2022-11-22,Los Angeles,0.273020090593393,-8.756706959882763,-3.489533657336022,-0.6250496486104377,0.7805849965070866,False,train
-0.1254157730176918,1,0.0291731523032541,1.0,0.0001217895859734,1.0,2022-11-29,Los Angeles,8.95818780094747,-9.013215707383308,-3.534506434323042,-0.5267547528105542,0.8500173118187018,False,train
-0.1454308766311596,1,0.0291212716894672,1.0,0.0001314436569863,1.0,2022-12-06,Los Angeles,33.99513879404862,-8.936932262145884,-3.536286385952407,-0.42083100859565564,0.9071390534005044,False,train
-0.0137665142261627,1,0.029649509711922,0.8235294117647058,0.0001751623088539,1.0,2022-12-13,Los Angeles,0.0888733574429444,-8.649797534718658,-3.518309689529354,-0.30881248126625377,0.9511229423235357,False,train
0.1082948289557455,1,0.0304307377321444,0.8615916955017301,0.000178584646237,1.0,2022-12-20,Los Angeles,0.0104620400188738,-8.630447860535305,-3.492302071786964,-0.19232150523909483,0.9813319716704275,False,train
-0.4375481504441154,1,0.0282280178056326,1.0,7.669175225155902e-05,0.8927335640138409,2022-12-27,Los Angeles,52.371776279507394,-9.475716387947303,-3.5674402550646462,-0.07304518821104743,0.9973286321364752,False,train
-0.5321813475816182,1,0.0296192637468943,1.0,9.777719487235036e-05,1.0,2023-01-03,Los Angeles,63.32836579583494,-9.232819189378791,-3.5193303270721343,0.051584366869408364,0.9986686402879997,False,train
-0.1718164522098485,1,0.0292307155927528,0.8823529411764706,9.317078075973124e-05,0.8788927335640139,2023-01-10,Los Angeles,119.60058624306276,-9.28107639658931,-3.5325352187096986,0.17117705961019986,0.985240282501282,False,train
0.0303034295781859,1,0.0318930258627862,0.9584775086505192,0.0001219108080461,1.0,2023-01-17,Los Angeles,2.3523040802609447,-9.012220862190828,-3.4453679180842935,0.2882906407095177,0.9575429528116719,False,train
-0.1889230259369533,1,0.0316565385938916,1.0,0.0001535635154062,1.0,2023-01-24,Los Angeles,8.698288883240371,-8.78139629537295,-3.452810561084576,0.4012289854475009,0.9159777842484877,False,train
0.0500014780813578,1,0.0313800086416153,0.889273356401384,0.0001351223501145,1.0,2023-01-31,Los Angeles,0.6016203175070297,-8.90932989282069,-3.461584256291205,0.5083564379375122,0.8611467540480452,False,train
0.0001736772909175,1,0.0317878866720231,1.0,0.0001334590034375,1.0,2023-02-07,Los Angeles,0.7935535700522663,-8.921716217641674,-3.4486699840287454,0.6081214998935418,0.7938439653781019,False,train
-0.1505021412660432,1,0.0343053943582317,0.889273356401384,0.0001202229544627,1.0,2023-02-14,Los Angeles,1.9329624971895012,-9.026162585187754,-3.3724526672565687,0.6990793005655562,0.7150441465537444,False,train
-0.4473992273591576,1,0.0312563136350832,1.0,3.131932863305918e-05,0.8477508650519031,2023-02-21,Los Angeles,115.19137606842276,-10.3712751227975,-3.4655338868836534,0.7799125224167177,0.6258885343075018,False,train
-0.2606532494635225,1,0.0307264142058945,1.0,0.0001103982561341,0.9515570934256056,2023-02-28,Los Angeles,24.9010535199555,-9.111416220132812,-3.482632596732673,0.8494504794814806,0.527668345562516,False,train
-0.3491399288034926,1,0.0323892956711727,1.0,0.0001102439550004,0.9965397923875432,2023-03-07,Los Angeles,18.64945403771821,-9.112814875068878,-3.429927291290882,0.9066860720977985,0.4218060770826634,False,train
-0.4986918843161479,1,0.0313092530662437,1.0,9.314838851980412e-05,1.0,2023-03-14,Los Angeles,61.63064307655743,-9.281316760907393,-3.463841600004918,0.9507903724625832,0.3098349038318025,False,train
-0.1399904859440153,1,0.032604040055079,1.0,5.958050616528715e-05,1.0,2023-03-21,Los Angeles,55.53002993234512,-9.728182115158207,-3.423319070218016,0.981124629771712,0.19337647441020586,False,train
-0.1555410075828111,1,0.0352760358093157,0.9896193771626296,7.389615656376227e-05,1.0,2023-03-28,Los Angeles,21.025020561200723,-9.512849739972054,-3.3445514178383458,0.9972495210773451,0.07411742515094437,False,train
0.0431954240922372,1,0.0374421769587769,1.0,0.0001030437198554,1.0,2023-04-04,Los Angeles,0.0067450339627909,-9.180357195178726,-3.284957483796639,0.9989315138848577,-0.046215046983708354,False,train
-0.1538556521481788,1,0.0357682183039684,0.9826989619377162,7.938538364699944e-05,1.0,2023-04-11,Los Angeles,3.168027763593212,-9.441196291707302,-3.3306955367373785,0.986146248341595,-0.16587819893463143,False,train
0.1407283302822728,1,0.0349035137099815,1.0,8.69255512665762e-05,1.0,2023-04-18,Los Angeles,0.3557849400902339,-9.350458538225906,-3.3551677754724856,0.9590788900341131,-0.28313898122818354,False,train
-0.0195064461722041,1,0.0376535588669952,1.0,6.897972189576032e-05,1.0,2023-04-25,Los Angeles,0.9774060448488628,-9.581697982128532,-3.2793278041836498,0.9181214482844365,-0.39629913726891813,False,train
-0.1462334826863915,1,0.0331290420199879,1.0,5.43744404777563e-05,1.0,2023-05-02,Los Angeles,14.412107306068526,-9.81961635867262,-3.407344978875064,0.8638670987837349,-0.503719798736334,False,train
0.004395233590267,1,0.0346546768874916,1.0,6.697991241359116e-05,1.0,2023-05-09,Los Angeles,0.6199728914514224,-9.611117798249248,-3.3623225873465623,0.7971015927871943,-0.6038452208771035,False,train
-0.2532829366875762,1,0.0337289213927752,1.0,6.648323141472636e-05,0.9065743944636678,2023-05-16,Los Angeles,1.7948410499802088,-9.618560801276983,-3.3893996081021993,0.7187918772884232,-0.6952253139408723,False,train
-0.2442010593881195,1,0.032630872712543,0.9965397923875432,4.7336248130891744e-05,0.8442906574394463,2023-05-23,Los Angeles,1.3742031735598537,-9.958234210697,-3.42249642302378,0.6300720909843687,-0.7765366444428655,False,train
-0.0790002855183812,1,0.0311578790761801,1.0,5.7479592200591946e-05,0.9826989619377162,2023-05-30,Los Angeles,1.991751925438881,-9.764080591409932,-3.4686881258872964,0.5322271388474397,-0.8466016020976267,False,train
-0.3874281145661589,1,0.0293052770550821,1.0,5.772046213388414e-05,0.9965397923875432,2023-06-06,Los Angeles,6.336017115615902,-9.759898817613106,-3.5299876749069283,0.42667408318992467,-0.9044054548343001,False,train
-0.3147182176847113,1,0.0296092510550276,1.0,5.413064926872082e-05,1.0,2023-06-13,Los Angeles,1.3409960250792623,-9.824110002608426,-3.5196684308383883,0.31494162072895193,-0.9491110448902284,False,train
0.2379952758403121,1,0.0327889588254413,1.0,5.15922865278349e-05,1.0,2023-06-20,Los Angeles,0.1059746364914639,-9.87213838254556,-3.417663441437235,0.19864794288017112,-0.9800709131432666,False,train
0.1422468631628976,1,0.0316537549279683,1.0,6.146391002462876e-05,1.0,2023-06-27,Los Angeles,0.073291703053192,-9.697060384271078,-3.452898498314693,0.07947729992362097,-0.9968366760893436,False,train
0.2050689450873465,1,0.0265539102751503,1.0,5.274563331592461e-05,1.0,2023-07-04,Los Angeles,0.1055944949189657,-9.850029569775378,-3.6285782624720966,-0.04084439154329611,-0.9991655196610109,False,train
0.1831162244968056,1,0.0268416487116517,1.0,5.913411169381133e-05,1.0,2023-07-11,Los Angeles,0.0175695156285822,-9.735702614039509,-3.6178005413564605,-0.16057454459499376,-0.9870237158387383,False,train
0.0853949353373417,1,0.0258859343715173,1.0,5.7751748504824145e-05,1.0,2023-07-18,Los Angeles,0.0717514018158328,-9.759356931880902,-3.654055532253782,-0.2779791393987801,-0.9605871111248129,False,train
-0.2141952433208203,1,0.0255717887218529,1.0,5.8263125561826806e-05,1.0,2023-07-25,Los Angeles,0.6697606685532331,-9.750541159368293,-3.666265538201069,-0.3913578365610259,-0.9202385798054075,False,train
0.141955839129783,1,0.0260926605835301,1.0,5.051565616933819e-05,1.0,2023-08-01,Los Angeles,0.0694793275742292,-9.893227246574996,-3.646101207894827,-0.4990686026885319,-0.8665624788845385,False,train
-0.1999784515788794,1,0.0257528667913217,1.0,4.656239859189601e-05,1.0,2023-08-08,Los Angeles,6.421475266801589,-9.974717239719034,-3.6592093263674923,-0.5995514915196489,-0.8003361849976323,False,train
-0.1667467171655438,1,0.0251393096392737,1.0,5.421230083006771e-05,1.0,2023-08-15,Los Angeles,75.1194280968373,-9.822602722684241,-3.6833225368465015,-0.6913512362094071,-0.722518835873311,False,train
0.2671159157260329,1,0.0258871147995552,0.9826989619377162,6.380250675536515e-05,1.0,2023-08-22,Los Angeles,0.0278499371778628,-9.65971807754895,-3.6540099321565496,-0.7731383255706027,-0.6342374393978054,False,train
-0.1218248286965968,1,0.0277993880152968,1.0,4.963268269189361e-05,1.0,2023-08-29,Los Angeles,13.85331945541298,-9.91086101598952,-3.5827412723660985,-0.8437282590292712,-0.5367705514607103,False,train
-0.1194494173912318,1,0.027129061662904,0.9411764705882352,7.102990963602644e-05,1.0,2023-09-05,Los Angeles,1.111614612086685,-9.55240950714984,-3.607149739606666,-0.9020987014301837,-0.4315297589714715,False,train
-0.0331244090134906,1,0.0294565743676713,1.0,6.662421690416437e-05,1.0,2023-09-12,Los Angeles,0.5137280854867924,-9.616442429330991,-3.5248381555074553,-0.9474042892438845,-0.32003923622313857,False,train
-0.2270327115143794,1,0.0308237405113132,1.0,5.6110155919766054e-05,1.0,2023-09-19,Los Angeles,1.1273317075116285,-9.78819372938212,-3.4794700900912887,-0.9789888737409319,-0.20391367068311472,False,train
-0.0593070938941317,1,0.029336815843539,1.0,9.405484360090684e-05,1.0,2023-09-26,Los Angeles,5.655070918284812,-9.27163250326787,-3.5289120382801022,-0.9963950238187231,-0.08483487790576538,False,train
0.1545852794860056,1,0.0302557479376003,0.9896193771626296,0.0001163314414868,1.0,2023-10-03,Los Angeles,0.0115851915364378,-9.059067186853307,-3.498069098089623,-0.9993706508539969,0.03547255575312556,False,train
0.0993636763375414,1,0.0315074837052564,1.0,8.99519297899823e-05,1.0,2023-10-10,Los Angeles,0.5025110989902246,-9.316235143768047,-3.457530183423073,-0.9878726596350429,0.15526624985999563,False,train
-0.0076779384402687,1,0.0309403228864906,0.9965397923875432,9.250828734203754e-05,1.0,2023-10-17,Los Angeles,1.8044709131338044,-9.288212324572205,-3.475694997999925,-0.9620675724981452,0.27281126433401914,False,train
0.0114120714471287,1,0.0319457102813358,0.9653979238754326,8.678368240876323e-05,1.0,2023-10-24,Los Angeles,1.1711290811796615,-9.352091944652884,-3.44371737066771,-0.9223291176290545,0.3864052261209853,False,train
0.0667557140960106,1,0.0328063637949253,0.9550173010380624,0.0001393317163802,1.0,2023-10-31,Los Angeles,0.0368752377294336,-8.87865301910176,-3.4171327642731573,-0.8692328164574792,0.4944029842076182,False,train
-0.0689182447100912,1,0.0336992520202891,0.8512110726643599,0.0001141113453105,1.0,2023-11-07,Los Angeles,1.4328571113028452,-9.078335872993808,-3.3902796371137858,-0.8035476485339116,0.5952404359043674,False,train
-0.1188536196457885,1,0.0318871840465826,0.986159169550173,0.0001134739894578,1.0,2023-11-14,Los Angeles,18.667701418302535,-9.08393691507845,-3.445551103941732,-0.7262249146041543,0.6874571793269664,False,train
0.1307132767429159,1,0.032175672481307,0.8996539792387543,0.0001147286387385,1.0,2023-11-21,Los Angeles,1.603379283800062,-9.072940881136885,-3.436544624978442,-0.6383844591746642,0.769717664006921,False,train
-0.1242105517058532,1,0.0322680571590349,0.9619377162629758,0.0001410460048164,1.0,2023-11-28,Los Angeles,0.7723013210809322,-8.866424445508697,-3.4336774805244827,-0.5412984521036173,0.8408305333122887,False,train
-0.0166102499592178,1,0.0333907530294755,0.9307958477508652,0.0001403363326181,1.0,2023-12-05,Los Angeles,0.1695266385226633,-8.871468640602858,-3.39947627273594,-0.4363729641045924,0.8997658785476209,False,train
0.1391054438463679,1,0.0313295754521252,1.0,0.0001643331771582,1.0,2023-12-12,Los Angeles,0.2881793177434852,-8.713614622945926,-3.4631927249516887,-0.3251276029999093,0.9456701548465688,False,train
-0.3462524786577827,1,0.0340690030106909,0.9930795847750864,7.626093195573747e-05,1.0,2023-12-19,Los Angeles,49.19097979673205,-9.481349782841926,-3.379367310705118,-0.20917350564635637,0.9778785428342386,False,train
-0.3272515701829994,1,0.0308287369823203,0.916955017301038,0.0001435610157102,1.0,2023-12-26,Los Angeles,10.84063313203223,-8.848750416548292,-3.4793080050876957,-0.09019000427034513,0.9959245770286599,False,train
0.0388421260101517,1,0.0335563532982536,0.903114186851211,0.0001047276704059,1.0,2024-01-02,Los Angeles,5.9873119844204385,-9.16414719223546,-3.394529065437064,0.03439806061360801,0.9994082116062598,False,train
0.0607651015616511,1,0.0341529997482921,0.916955017301038,0.0001601788637966,1.0,2024-01-09,Los Angeles,0.1417826443990725,-8.739219468385192,-3.376904856463132,0.1542040475626894,0.988039023376751,False,train
-0.4478688461887568,1,0.0317613963461002,0.9930795847750864,0.0001577853570488,1.0,2024-01-16,Los Angeles,38.266755669237895,-8.754274948225717,-3.4495036780123476,0.2717767384711357,0.9623603298276545,False,train
-0.1009165540885281,1,0.0321503141541485,0.8788927335640139,0.0001023963652893,1.0,2024-01-23,Los Angeles,3.899121189928376,-9.186659341210516,-3.437333056833077,0.38541335945432564,0.9227440286201427,False,train
-0.3813732810349614,1,0.0311517269323336,0.9930795847750864,0.0001288187697134,0.9896193771626296,2024-01-30,Los Angeles,129.61271692734982,-8.957104027322744,-3.4688855960451286,0.49346814167723735,0.8697638720650646,False,train
-0.3320070301919606,1,0.0360526866391254,0.9619377162629758,9.109512351162577e-05,1.0,2024-02-06,Los Angeles,56.51336227417539,-9.303606284092385,-3.3227738926709014,0.5943761565849831,0.804187157621448,False,train
-0.4291451257124573,1,0.0353656965193517,0.9930795847750864,0.0001230729308507,1.0,2024-02-13,Los Angeles,20.210196440659892,-9.002733444562086,-3.3420129535276133,0.6866759803451553,0.726963615332308,False,train
-0.2685359593088632,1,0.0340340131958885,0.9619377162629758,9.52578796945777e-05,1.0,2024-02-20,Los Angeles,28.462600211692585,-9.258922820926848,-3.380394866306326,0.7690308592589181,0.6392116531380588,False,train
-0.334674104896294,1,0.0355740058659772,1.0,9.416475586241509e-05,1.0,2024-02-27,Los Angeles,21.67766228326756,-9.270464587978333,-3.3361400801337955,0.8402480696078469,0.5422021592729844,False,train
-0.1804283618095372,1,0.0349371001829601,0.8408304498269896,8.614620204527663e-05,1.0,2024-03-05,Los Angeles,22.21770563938578,-9.359464681333261,-3.3542059719116173,0.8992961915530253,0.4373400963303323,False,train
-0.3462686552596343,1,0.0331722268281977,0.903114186851211,6.662187292234828e-05,1.0,2024-03-12,Los Angeles,8.21032398267159,-9.616477612079233,-3.4060422944749904,0.945320046913132,0.3261441535642696,False,train
-0.3760277745314541,1,0.0343613310620669,0.9377162629757786,9.065789155196356e-05,1.0,2024-03-19,Los Angeles,11.113116924370132,-9.308417569373637,-3.37082344390666,0.9776530844816641,0.2102247521189836,False,train
-0.306553068254111,1,0.0369592129569609,0.9930795847750864,6.30874911725485e-05,1.0,2024-03-26,Los Angeles,42.83167509451829,-9.670988046221842,-3.297940326889905,0.9958270335100595,0.09126072172931188,False,train
0.0723334615346773,1,0.0358464709043453,0.9965397923875432,8.066539619157111e-05,1.0,2024-04-02,Los Angeles,6.631713578419194,-9.425200870290992,-3.3285101573861384,0.9995786855478958,-0.029025013321975237,False,train
-0.1466291070582115,1,0.0367816960687108,1.0,0.000102887985926,1.0,2024-04-09,Los Angeles,16.9968417770997,-9.181869676790017,-3.3027549469836175,0.9888537064205885,-0.1488903868564548,False,train
-0.2000717112274846,1,0.037038770547334,1.0,8.634739934646439e-05,1.0,2024-04-16,Los Angeles,0.2629393804426904,-9.357131871410951,-3.2957900623216205,0.9638074231367307,-0.26659942067929354,False,train
-0.0926331834250466,1,0.0367230383904858,1.0,5.834555838096146e-05,1.0,2024-04-23,Los Angeles,1.8309464707967056,-9.749127322421012,-3.304350971814075,0.9248025743285089,-0.38044736628785164,False,train
-0.0974630664408216,1,0.0365213894486235,0.9930795847750864,5.744879393505774e-05,1.0,2024-04-30,Los Angeles,2.608228918630241,-9.764616547187387,-3.3098571777407875,0.8724040568049612,-0.48878539428899265,False,train
0.0354244760708144,1,0.0358150236033252,1.0,7.392148862114536e-05,1.0,2024-05-07,Los Angeles,0.2842840516904684,-9.512506992560548,-3.329387819881312,0.8073707443023492,-0.5900444739548627,False,train
-0.2871657586481015,1,0.0346345734875207,1.0,5.809779635983291e-05,1.0,2024-05-14,Los Angeles,1.4761930056375323,-9.753382823227897,-3.362902862076804,0.7306444969184916,-0.6827580970759147,False,train
-0.1996720676487156,1,0.0325786818386762,1.0,5.000731231452861e-05,1.0,2024-05-21,Los Angeles,0.8760462835230753,-9.903341316938501,-3.424097135844776,0.6433365204044917,-0.765583517007675,False,train
-0.1874074341689544,1,0.0348839019353916,1.0,6.561025525679461e-05,0.944636678200692,2024-05-28,Los Angeles,0.523742022581189,-9.631778544098449,-3.3557298187843005,0.5467112728685939,-0.8373211953118121,False,train
-0.0849103459504669,1,0.0320112177344927,1.0,5.918445343765076e-05,0.903114186851211,2024-06-04,Los Angeles,0.5080063969749643,-9.734851661413076,-3.4416688834092826,0.44216815196707204,-0.8969321743510065,False,train
0.2074919405260881,1,0.0307826483645864,1.0,5.581441565444403e-05,1.0,2024-06-11,Los Angeles,0.2325723979685185,-9.793478376880627,-3.4808041125383307,0.3312212278016865,-0.9435531242349544,False,train
0.2509253367551886,1,0.0318512312157793,0.9688581314878892,6.0306605548511706e-05,1.0,2024-06-18,Los Angeles,0.2159006299592481,-9.716068915479285,-3.446679241014748,0.21547731504673012,-0.976508846196619,False,train
0.1982225499213193,1,0.0286585339863215,1.0,5.302103666272741e-05,1.0,2024-06-25,Los Angeles,0.0446582898675876,-9.844821804998661,-3.552304009798248,0.0966127018812031,-0.9953220513156602,False,train
0.0626084266966715,1,0.0308942049777689,1.0,5.044554939856879e-05,1.0,2024-07-02,Los Angeles,0.1270511347007969,-9.894616033122128,-3.4771866538390097,-0.023651127245231586,-0.9997202729664083,False,train
-0.24353831600418,1,0.0314935041024448,1.0,5.714167098281402e-05,1.0,2024-07-09,Los Angeles,1.0605922336458875,-9.769976917927806,-3.4579739733866113,-0.1435724234118113,-0.9896398128792412,False,train
-0.0490167034745076,1,0.0285020571709162,1.0,5.080620191059987e-05,1.0,2024-07-16,Los Angeles,0.162918790114016,-9.887492125977259,-3.5577790128768307,-0.2614143985111562,-0.965226663665613,False,train
0.1588641927923946,1,0.030169439475636,1.0,5.4447660327085656e-05,1.0,2024-07-23,Los Angeles,0.4510425696818885,-9.818270678708036,-3.500925804848987,-0.3754703786876202,-0.9268343944460494,False,train
-0.0829630906639744,1,0.02896853497244,0.9550173010380624,5.581930876267842e-05,1.0,2024-07-30,Los Angeles,0.9834505475964708,-9.793390713259923,-3.54154503898565,-0.48408852163897587,-0.8750190302029955,False,train
0.0537521865277673,1,0.0290919358229063,1.0,5.401555301353544e-05,1.0,2024-08-06,Los Angeles,0.058302746990973,-9.826238534100268,-3.537294262697147,-0.5856957398073508,-0.8105309990194823,False,train
0.2558855892429988,1,0.0270845705743973,1.0,5.549504184277475e-05,1.0,2024-08-13,Los Angeles,0.0083242141657533,-9.799216877368819,-3.6087910647368475,-0.6788204829862357,-0.734304263829602,False,train
0.2471386171253019,1,0.0311763992358466,1.0,4.9528707260360464e-05,1.0,2024-08-20,Los Angeles,0.0179973186544633,-9.912958111838792,-3.4680939051563286,-0.7621140503891487,-0.6474427960827475,False,train
0.0203321636896092,1,0.0289076821475537,1.0,5.7713111668298456e-05,1.0,2024-08-27,Los Angeles,0.1386151203897678,-9.760026171646313,-3.5436479009327098,-0.8343701235229537,-0.5512045872199277,False,train
-0.0308442436213707,1,0.0325196275520675,0.9480968858131488,6.517943562568015e-05,1.0,2024-09-03,Los Angeles,0.1654641601761713,-9.63836654329624,-3.4259114472565653,-0.8945422369764496,-0.4469834295196742,False,train
0.0580042797917419,1,0.0318134356945929,1.0,5.775739376881736e-05,1.0,2024-09-10,Los Angeles,1.0795097280120165,-9.759259186128721,-3.44786657230731,-0.9417589340994617,-0.33628873017668287,False,train
-0.2528666041693517,1,0.0310435780635267,1.0,6.251906307672096e-05,1.0,2024-09-17,Los Angeles,1.6915414771699346,-9.680039038500242,-3.4723633176453377,-0.9753363880767837,-0.2207236509605022,False,train
0.0905934723084594,1,0.0306752321681975,1.0,8.551472038363268e-05,1.0,2024-09-24,Los Angeles,0.0744628001615207,-9.366822028611187,-3.4842997197684085,-0.994788305609327,-0.10196189005174576,False,train
-0.0709267201826575,1,0.0333143424311869,1.0,9.636655871660374e-05,1.0,2024-10-01,Los Angeles,0.0352667527926109,-9.247351317811987,-3.401767271082681,-0.999832969770105,0.018276557681691223,False,train
-0.1028530667441374,1,0.029978003155197,1.0,9.859050346039572e-05,1.0,2024-10-08,Los Angeles,0.0516857554296883,-9.224535614783246,-3.5072913944233215,-0.9903973200352558,0.13825031091098192,False,train
-0.1333301080612579,1,0.0308152636944341,0.9757785467128028,9.81245515238104e-05,1.0,2024-10-15,Los Angeles,1.175157829779201,-9.22927295233013,-3.4797451372644796,-0.9666180104000972,0.2562218218071163,False,train
-0.0110340845631411,1,0.0305189299037492,0.9826989619377162,0.0001329654836402,1.0,2024-10-22,Los Angeles,0.5162372613724047,-8.925420984926308,-3.489408135311987,-0.9288394302558068,0.3704825404820963,False,train
-0.0537072521227187,1,0.0310492204209425,1.0,0.0001137999792128,1.0,2024-10-29,Los Angeles,1.9484675096340869,-9.081068218936384,-3.4721815781338634,-0.8776087166898392,0.4793776594606945,False,train
-0.2576402872075627,1,0.0323671897348096,0.8927335640138409,0.0001474618164718,1.0,2024-11-05,Los Angeles,0.0133688696707094,-8.821941287075006,-3.430610031778825,-0.8136678304455991,0.5813300798152042,False,train
0.0734069745031239,1,0.0322982855614464,0.9342560553633218,0.0001294479020436,1.0,2024-11-12,Los Angeles,3.2494302688383083,-8.952232058590988,-3.4327411287552354,-0.7379428103031386,0.6748632518680403,False,train
-0.1024896529464751,1,0.03201019487855,1.0,0.0001590598873288,1.0,2024-11-19,Los Angeles,2.002964841957391,-8.74622977679213,-3.441700836966726,-0.6515303615068021,0.75862255966641,False,train
-0.2063699433875843,1,0.0304882130271392,0.9550173010380624,0.0001368213151,1.0,2024-11-26,Los Angeles,2.122984174786142,-8.896834752778771,-3.4904151281895412,-0.5556819724760489,0.8313949395234058,False,train
-0.1095204089271122,1,0.0322518396186944,1.0,0.0001895020594111,1.0,2024-12-03,Los Angeles,0.0645135497751619,-8.571110665896096,-3.434180194927077,-0.451785789832884,0.8921264484954345,False,train
-0.2714449892928299,1,0.0327182625517162,1.0,0.0001465999214091,1.0,2024-12-10,Los Angeles,0.1729646979910943,-8.82780330460259,-3.419821869155143,-0.34134651424503615,0.9399375283564133,False,train
-0.1973582964019572,1,0.0329680737828639,1.0,0.0001857274975833,1.0,2024-12-17,Los Angeles,0.091517431494813,-8.591230025267194,-3.4122156469335687,-0.22596360824801906,0.974135744004672,False,train
-0.0983831209963246,1,0.0322725378640543,1.0,0.0001471915782016,0.9965397923875432,2024-12-24,Los Angeles,1.7323575575946812,-8.823775566610589,-3.433538631323449,-0.10730813165636247,0.9942258118156161,False,train
-0.0890741224955399,1,0.0350407516162943,0.9896193771626296,0.0001577724036468,1.0,2024-12-31,Los Angeles,0.1328051474875026,-8.75435704667881,-3.35124356290729,0.012901459949419653,0.9999167727021953,False,train
0.4026870862383631,1,0.0391698309046651,0.8927335640138409,0.0001374671727113,1.0,2025-01-07,Los Angeles,0.0282623054622233,-8.892125413279333,-3.2398484482740137,0.1201261651823505,0.9927586335250793,False,train
-0.0479515262504018,1,0.0331557955316633,0.9896193771626296,0.0001382050422361,1.0,2025-01-14,Los Angeles,0.1194856923148787,-8.886772162230422,-3.4065377501296568,0.23851257519407648,0.9711394088771653,False,train
-0.0876429764358861,1,0.0306184380044553,1.0,0.0001376552003437,1.0,2025-01-21,Los Angeles,18.518099456066498,-8.890758547621793,-3.4861529023184556,0.3534446712740877,0.9354554315134164,False,train
-0.305254909283818,1,0.0325763530434881,1.0,0.0001410433299094,1.0,2025-01-28,Los Angeles,0.6736231251661912,-8.866443410472423,-3.4241686205794033,0.4632579225674917,0.88622350294858,False,train
-0.3329750576178406,1,0.0329730794907249,1.0,0.0001054669785402,1.0,2025-02-04,Los Angeles,23.003767847225376,-9.157112653661715,-3.412063823447866,0.5663619330814524,0.8241566360566663,False,train
-0.2620619317454389,1,0.0338464241872152,0.8685121107266436,9.992010856027976e-05,1.0,2025-02-11,Los Angeles,54.84117325033018,-9.211139605675568,-3.3859219222137256,0.6612634749656386,0.7501537286959042,False,train
-0.0687362586190988,1,0.0355274658986296,0.9515570934256056,0.0001467047520785,1.0,2025-02-18,Los Angeles,0.0172577005137634,-8.827088480166843,-3.337449194357149,0.746588114532413,0.6652865452111116,False,train
-0.1237583497849447,1,0.0331082001029937,1.0,0.000107356060578,1.0,2025-02-25,Los Angeles,3.608249815565724,-9.139359578987154,-3.4079742900303605,0.8211001178128892,0.5707841943569036,False,train
-0.1040206268745356,1,0.0345235290713128,0.9065743944636678,0.0001186787437728,1.0,2025-03-04,Los Angeles,14.127636154618552,-9.03909034759262,-3.36611418533551,0.8837203473619977,0.4680153284438345,False,train
-0.5012738167384233,1,0.0329940762632386,1.0,7.76835493222424e-05,1.0,2025-03-11,Los Angeles,38.1923223286318,-9.462867043441069,-3.4114272408035857,0.9335418911179212,0.35846832151248087,False,train
0.0527970629023011,1,0.0374390262509039,0.9965397923875432,0.0001203175806864,1.0,2025-03-18,Los Angeles,0.570604154438327,-9.025375805292027,-3.285041635966738,0.969843196967294,0.24372971360968387,False,train
-0.2592750492525013,1,0.0360957102352917,1.0,8.064014025350034e-05,1.0,2025-03-25,Los Angeles,4.292559291455276,-9.425514014388012,-3.3215812507514726,0.992098522791769,0.12546123335273648,False,train
0.1519524552561115,1,0.0365520023312858,0.9307958477508652,6.903529152600881e-05,1.0,2025-04-01,Los Angeles,3.652542272494656,-9.58089271273249,-3.3090193109411894,0.9999855506507186,0.005375731557583884,False,train
-0.0788921104502523,1,0.0346293314884743,1.0,8.767999120470341e-05,1.0,2025-04-08,Los Angeles,0.3499194438504052,-9.341816835075894,-3.363054225158577,0.9933900548258936,-0.11478762552212701,False,train
-0.3394822099160216,1,0.0368599641800269,1.0,6.292145708667908e-05,1.0,2025-04-15,Los Angeles,1.1758454556909963,-9.673623322275661,-3.3006292985253354,0.9724075561219968,-0.23328854407545518,False,train
-0.5068755529182188,1,0.0331151360261756,1.0,6.502265712136259e-05,1.0,2025-04-22,Los Angeles,8.817476095841517,-9.640774777707543,-3.4077648193629893,0.9373419384643772,-0.3484108069446808,False,train
-0.2691874073916214,1,0.033310390614974,1.0,7.173967603329605e-05,1.0,2025-04-29,Los Angeles,6.870154725663326,-9.542466601715105,-3.401885900187425,0.8887010478292915,-0.45848712914008766,False,train
-0.1637258426852487,1,0.0341663424285445,0.9965397923875432,6.376943482125288e-05,1.0,2025-05-06,Los Angeles,0.7637696070829257,-9.660236560444867,-3.3765142590130717,0.8271893372462497,-0.5619233046832195,False,train
-0.0197288779624816,1,0.0335933597787022,1.0,5.434787419558258e-05,1.0,2025-05-13,Los Angeles,1.4803435966051106,-9.820105058398749,-3.3934268571773605,0.753697664392914,-0.6572212950663319,False,train
0.128462125579797,1,0.0322644854037662,1.0,5.945399923826056e-05,1.0,2025-05-20,Los Angeles,0.3410550333834552,-9.730307666471706,-3.433788176775723,0.6692903895412567,-0.7430009249440493,False,train
-0.2210934213161703,1,0.0312175736011748,1.0,6.272937187379891e-05,1.0,2025-05-27,Los Angeles,0.4358175811529991,-9.676680769076503,-3.4667740862881624,0.5751899607119775,-0.8180198708443175,False,train
-0.0847593659523074,1,0.0305311834646307,1.0,5.5749832347798376e-05,0.9515570934256056,2025-06-03,Los Angeles,1.8866725167687155,-9.794636154842946,-3.4890067089961305,0.47275920928627757,-0.881191653407483,False,train
0.0814379345605218,1,0.0274670785462384,1.0,5.054759242669503e-05,1.0,2025-06-10,Los Angeles,0.2256445268130884,-9.892595241194929,-3.5947671352317783,0.36348161248290634,-0.9316013725767187,False,train
0.2043675302565797,1,0.0300481307550355,1.0,4.8611347965030785e-05,1.0,2025-06-17,Los Angeles,0.327971696086395,-9.931653557091204,-3.504954824427031,0.24893980855376657,-0.9685189578512204,False,train
0.2505437330798921,1,0.0292885548514965,1.0,5.3559861159651875e-05,1.0,2025-06-24,Los Angeles,0.2063325151455455,-9.83471062938417,-3.5305584586735974,0.13079267585675922,-0.9914097417023038,False,train
0.1930246214023056,1,0.0269340369359423,1.0,4.7884325017538325e-05,1.0,2025-07-01,Los Angeles,0.1365314132036735,-9.9467223509961,-3.614364478605175,0.01075130776352193,-0.9999422030204416,False,train
0.0954630055925339,1,0.0277592785998588,1.0,5.584573885395291e-05,1.0,2025-07-08,Los Angeles,0.0584842048177463,-9.79291733161845,-3.584185130717989,-0.10944576864891556,-0.993992768446958,False,val
0.026461674538349,1,0.0267640638429391,1.0,4.161533285379222e-05,1.0,2025-07-15,Los Angeles,0.8814189001503202,-10.087041880389162,-3.620695192660918,-0.2280577712215198,-0.9736476020539838,False,val
0.1788763432782525,1,0.0247723655694307,1.0,4.640234334152334e-05,1.0,2025-07-22,Los Angeles,0.3722757187349785,-9.97816059695723,-3.69802653865082,-0.34336687399638804,-0.939201357453208,False,val
0.1899170502007134,1,0.0261446589025589,1.0,5.403891276008757e-05,1.0,2025-07-29,Los Angeles,0.037495486672302,-9.825806164244034,-3.644110357800875,-0.45370308603134424,-0.8911529104063088,False,val
0.1512153652426909,1,0.0285970884790933,1.0,5.9365294346377586e-05,1.0,2025-08-05,Los Angeles,0.0317168315355387,-9.731800772611063,-3.5544503677687516,-0.5574684374327892,-0.8301981337405212,False,val
0.1366115769437061,1,0.0265083244603283,1.0,4.985923377696995e-05,1.0,2025-08-12,Los Angeles,0.2248513119164099,-9.906306847476515,-3.6302964647402143,-0.65316012232693,-0.7572198192083127,False,val
-0.0628946005985366,1,0.0261356772573261,1.0,6.218736041354922e-05,1.0,2025-08-19,Los Angeles,2.3048992890147457,-9.685358787654225,-3.644453953346768,-0.7393922635959241,-0.673274892250183,False,val
-0.1834879967298996,1,0.0262668301611546,0.9965397923875432,5.1661859279241035e-05,1.0,2025-08-26,Los Angeles,0.558475274860281,-9.870790780250442,-3.6394483463963456,-0.8149159841660791,-0.5795791048257612,False,val
0.0835560712773306,1,0.0262924627272509,0.986159169550173,5.340283151305855e-05,1.0,2025-09-02,Los Angeles,0.2154851466539915,-9.837646788814768,-3.638472969190154,-0.8786374941610001,-0.4774894280028391,False,val
-0.0120499492699205,1,0.0312374388488227,0.9757785467128028,5.456450610818595e-05,1.0,2025-09-09,Los Angeles,0.526355602270801,-9.81612695788001,-3.4661379404437045,-0.9296339319682695,-0.3684843993077793,False,val
-0.5764121383150993,1,0.0254235675748927,1.0,5.639864858064973e-05,1.0,2025-09-16,Los Angeles,22.618549534920035,-9.783065361083336,-3.6720786778718866,-0.9671667297977312,-0.2541427094613622,False,val
-0.2537774286648322,1,0.026341400396328,1.0,5.6441623880681705e-05,1.0,2025-09-23,Los Angeles,3.473735617693464,-9.782303659588429,-3.6366134179326632,-0.9906923101615609,-0.13612033862266704,False,val
-0.023163949914193,1,0.0280310007063819,1.0,6.287395091397628e-05,1.0,2025-09-30,Los Angeles,1.070511532447034,-9.674378614948361,-3.574444213180428,-0.9998699583618592,-0.016126573270657762,False,val
-0.1549681128710008,1,0.027383709535741,1.0,6.891544944761349e-05,1.0,2025-10-07,Los Angeles,1.882904172034232,-9.582630175071548,-3.5978069848897882,-0.9945667569706337,0.1041007489354256,False,val
0.0168494227001718,1,0.0277585462590154,1.0,0.0001177956886209,1.0,2025-10-14,Los Angeles,45.07235382174725,-9.046558886560016,-3.584211512905883,-0.9748595108374125,0.22282040779479959,False,val
-0.0244022248356364,1,0.028184912878219,0.972318339100346,9.245568139768842e-05,1.0,2025-10-21,Los Angeles,0.4904104756811954,-9.288781148285558,-3.56896844852242,-0.9410336347451197,0.3383130181923075,False,val
-0.0364454490334922,1,0.0280967088272834,1.0,0.0001187850522278,1.0,2025-10-28,Los Angeles,0.0750250309995699,-9.038194981950424,-3.57210283308616,-0.8935790198239952,0.4489059314938798,False,val
0.0960491115566942,1,0.0281683742908904,1.0,0.0001107936830266,1.0,2025-11-04,Los Angeles,0.1354156834931733,-9.107840797671665,-3.5695554094126973,-0.8331829385891785,0.5529974600700271,False,val
-0.4353062242824826,1,0.0262350317161153,1.0,0.0001284207983959,0.8754325259515571,2025-11-11,Los Angeles,87.3548299112788,-8.960198198549485,-3.6406596729204153,-0.7607200913564104,0.6490800741100398,False,val
-0.2470668291087963,1,0.0273348036122877,0.9930795847750864,9.89732432573194e-05,1.0,2025-11-18,Los Angeles,36.54037441612383,-9.220661014487325,-3.599594531139209,-0.6772399381909491,0.7357622347736525,False,val
0.1708992351181707,1,0.0289574630539325,0.9792387543252596,0.0001469124108695,1.0,2025-11-25,Los Angeles,0.1196559347075361,-8.825673993196544,-3.5419273170307273,-0.5839514998576998,0.8117885474764613,False,val
0.2291281210708382,1,0.0291712942055017,0.9065743944636678,0.0001713249768056,1.0,2025-12-02,Los Angeles,0.0886646437307598,-8.671948355874855,-3.5345701283972586,-0.4822058478963526,0.8760579434344281,False,val
0.2133496086790182,1,0.028768894193938,1.0,0.0001813250922612,1.0,2025-12-09,Los Angeles,0.0617387530567707,-8.615219047898162,-3.54846053823877,-0.37347653741307074,0.9276396261490467,False,val
0.130512751444698,1,0.0298523184915763,1.0,0.0001826157864637,1.0,2025-12-16,Los Angeles,0.1682684422132988,-8.608126139741307,-3.5114927707502024,-0.2593382659754056,0.9657865518844574,False,val
-0.1273372207358701,1,0.0289388176691627,0.9965397923875432,8.154469761072913e-05,1.0,2025-12-23,Los Angeles,118.9052030651518,-9.41435925111257,-3.5425714131689086,-0.14144406768794202,0.9899462489023779,False,val
-0.3782872927134751,1,0.0277235229823805,0.9896193771626296,5.9855586313749615e-05,0.629757785467128,2025-12-30,Los Angeles,68.50872629160654,-9.723575791740467,-3.5854740210194342,-0.021501372740813793,0.999768818762748,False,val
0.0154236802706301,1,0.0310475871340434,0.889273356401384,9.440548806708133e-05,1.0,2026-01-06,Los Angeles,0.4913498379324405,-9.26791135019884,-3.4722341826706757,0.10303137904317879,0.9946781061893646,False,val
0.235296590462178,1,0.0287378673714242,0.8685121107266436,0.000152216424638,1.0,2026-01-13,Los Angeles,0.0098775270343146,-8.790207203523334,-3.549539605279926,0.22177215755648186,0.975098513039961,False,val
-0.2181485522390331,1,0.0283112186968114,0.9930795847750864,0.0001156381837441,1.0,2026-01-20,Los Angeles,2.944860578163274,-9.065044347061056,-3.564497132504717,0.3373010691361842,0.9413968285264122,False,val
0.2567098092289567,1,0.0304540490590474,0.8235294117647058,0.0001250324300069,1.0,2026-01-27,Los Angeles,0.0055773155622773,-8.986937414255525,-3.491536319641948,0.44794493940789115,0.8940611451454876,False,val
0.1968284115043667,1,0.0305395333989117,1.0,0.0001085025863927,1.0,2026-02-03,Los Angeles,0.1608534052780084,-9.128736547547136,-3.488733257667511,0.5521013427459208,0.8337770129585915,False,val
-0.0661399793361502,1,0.0311040956894251,0.8858131487889274,0.0001082427583545,1.0,2026-02-10,Los Angeles,51.43904096538676,-9.13113409073742,-3.4704157742741346,0.6482618097757122,0.7614175109532997,False,val
-0.214600722118127,1,0.030708487040524,1.0,9.367097637795803e-05,1.0,2026-02-17,Los Angeles,34.36969377712515,-9.275722167204542,-3.4832162117630747,0.7350336741329412,0.6780306024735382,False,val
0.1728619961623495,1,0.0281971868264902,0.8858131487889274,0.0001230235175423,1.0,2026-02-24,Los Angeles,0.0293945513325055,-9.003135021337263,-3.5685330639401016,0.8111602420785621,0.5848239578463322,False,val
0.2316851389946271,1,0.0319053840709334,0.9688581314878892,6.977318752185849e-05,1.0,2026-03-03,Los Angeles,0.0568202523757224,-9.570260754918563,-3.4449805037799366,0.8755389928586302,0.4831474640149687,False,val
0.155784418595947,1,0.0305804432049207,0.9965397923875432,9.578247713651304e-05,1.0,2026-03-10,Los Angeles,0.1378481476778561,-9.253430800610046,-3.4873945852925687,0.9272375462179537,0.374473674486883,False,val
0.130902073514166,1,0.0288582442174537,1.0,0.0001030143250756,1.0,2026-03-17,Los Angeles,0.008828614726293,-9.180642501001259,-3.545359565413181,0.9655071658143364,0.2603764827344581,False,val
0.0426808599318557,1,0.0290388541182261,0.9688581314878892,7.535655760365592e-05,1.0,2026-03-24,Los Angeles,0.0170606771610421,-9.493279608096508,-3.539120548542829,0.9897936029670716,0.14250832791617088,False,val
-0.0199697740646131,1,0.0323587952602111,0.9826989619377162,7.161113300569138e-05,1.0,2026-03-31,Los Angeles,2.3246018165679354,-9.544260007178517,-3.4308694167737763,0.9997451236925734,0.022576263041545485,False,val
-0.1250673088617324,1,0.0329794152999144,1.0,6.205980868722349e-05,1.0,2026-04-07,Los Angeles,10.205150142187836,-9.68741198165547,-3.4118716909370614,0.9952176027737294,-0.09768276782171598,False,val
0.3326011064718773,1,0.0355851804677063,1.0,5.31951223502284e-05,1.0,2026-04-14,Los Angeles,0.887793049385096,-9.841543850966097,-3.335826006789321,0.9762766110869321,-0.21652708524481437,False,val
0.0608493559603173,1,0.0317845205985156,1.0,5.100606026460576e-05,1.0,2026-04-21,Los Angeles,3.9213369663738615,-9.883566103581762,-3.4487758813403357,0.9431964659565866,-0.33223549871590435,False,val
0.0979617688000085,1,0.0343829206258084,1.0,6.712647971928323e-05,1.0,2026-04-28,Los Angeles,0.4178432471395856,-9.608931961143083,-3.3701953313322637,0.8964562582905575,-0.44313223418263453,False,val
0.198453194903159,1,0.0337917543432256,1.0,6.340747838464822e-05,1.0,2026-05-05,Los Angeles,2.7814330295952105,-9.665928747883488,-3.3875384605973027,0.8367329140344921,-0.5476112038402312,False,val
0.1487926943446945,1,0.0318320862934337,1.0,5.676910097634749e-05,1.0,2026-05-12,Los Angeles,0.985336662443722,-9.776518377152454,-3.447280494959145,0.7648913904341226,-0.6441592666722685,False,val
0.3860772062995927,1,0.0342571944388041,1.0,6.042763947978534e-05,1.0,2026-05-19,Los Angeles,0.3453433264636162,-9.714063950412571,-3.373858679725284,0.6819721490904629,-0.7313781428679254,False,val
0.1401637960182525,1,0.028747152316569,1.0,4.766709779110126e-05,1.0,2026-05-26,Los Angeles,2.2028434872620406,-9.951269171844821,-3.5492165665030084,0.5891760872322963,-0.8080046647350754,False,val
0.2985123859637673,1,0.0301976770648478,1.0,5.216548873859882e-05,1.0,2026-06-02,Los Angeles,0.1936114679156573,-9.861089416997867,-3.499990275942207,0.4878471454423119,-0.8729290708206411,False,val
0.4571680035743438,1,0.0292201498286235,1.0,4.981552142960007e-05,1.0,2026-06-09,Los Angeles,0.0240107433261609,-9.907183947201148,-3.532896745067545,0.37945284372454435,-0.925211078289358,False,val
0.3446167020927057,1,0.0271123200349484,1.0,4.633334603599885e-05,1.0,2026-06-16,Los Angeles,0.3691791914120101,-9.97964863934348,-3.607767040566309,0.26556302780405594,-0.9640935007889755,False,val
0.2705335177035207,1,0.0273635525100654,1.0,4.176575273914086e-05,1.0,2026-06-23,Los Angeles,0.6818156619508777,-10.083433866714202,-3.598543351452542,0.14782713347053048,-0.9890132145779883,False,val
0.3707839997021543,1,0.0250068504758857,1.0,4.612311910107949e-05,1.0,2026-06-30,Los Angeles,1.6112124161528585,-9.984196234731419,-3.688605472614867,0.02795029824021032,-0.999609314096404,False,val
0.1208260949604585,1,0.024837089015227,1.0,4.7729707476419486e-05,1.0,2026-07-07,Los Angeles,0.3939591675999885,-9.949956555680533,-3.6954172181871736,-0.09233133369539123,-0.9957283388645872,False,val
0.2652158062719881,1,0.0255396393502085,1.0,4.502861786414044e-05,1.0,2026-07-14,Los Angeles,0.2173205311717426,-10.00821231778962,-3.6675235494559697,-0.2112757555821793,-0.9774264960104055,False,val
0.3794326395305128,1,0.0264569271666488,1.0,5.215560030054235e-05,1.0,2026-07-21,Los Angeles,0.1848458747729601,-9.861278993969833,-3.6322372583070823,-0.3271603271220951,-0.9449688462364056,False,val
0.5132368408569267,1,0.0267650784917411,1.0,5.223468821410277e-05,1.0,2026-07-28,Los Angeles,0.0231431448354757,-9.859763758600383,-3.6206572825148604,-0.4383067230125192,-0.898825465016444,False,val
0.4333858326275223,1,0.0283014813583833,1.0,5.654245157073176e-05,1.0,2026-08-04,Los Angeles,0.1453601956686291,-9.780518846703723,-3.5648411308836896,-0.5431052396834317,-0.8396646346181327,False,val
0.2271356442056624,1,0.0252201193949432,0.9377162629757786,3.735048268410208e-05,1.0,2026-08-11,Los Angeles,0.4323586503355175,-10.19516472319982,-3.68011321431925,-0.6400381082043503,-0.7683431655492202,False,val
0.3349547880160659,1,0.0247070352045511,1.0,5.196924567605448e-05,1.0,2026-08-18,Los Angeles,0.1904354442496778,-9.864858443652793,-3.700667249808271,-0.7277014757264236,-0.6858939875998223,False,val
0.1512226725228942,1,0.0270616332004299,0.9307958477508652,4.7991684787023874e-05,1.0,2026-08-25,Los Angeles,1.516826096206576,-9.944482795666726,-3.6096383032777006,-0.8048257371083452,-0.593511190196115,False,val
-1.2506238654074744,1,0.0267850804446676,1.0,9.768556021062074e-05,1.0,2019-01-01,Mexico City,0.0266981055256296,-9.233756807068708,-3.6199102463060435,0.017201575418260506,0.9998520419557735,False,train
-1.153841960765917,1,0.0263340708113537,1.0,0.0001216804115489,1.0,2019-01-08,Mexico City,6.159019905536278,-9.014112527795913,-3.6368917100809273,0.13718540405660057,0.9905453876091833,False,train
-1.2420711244330325,1,0.0253545745092058,1.0,0.000104728944928,1.0,2019-01-15,Mexico City,0.9686668747152836,-9.164135022439838,-3.6747961112127485,0.2551824131233728,0.9668929289391521,False,train
-0.923809876420294,1,0.0247450375961404,1.0,9.156583301862452e-05,1.0,2019-01-22,Mexico City,0.3961030533769959,-9.298452357846813,-3.6991303112365284,0.3694836834473831,0.9292372181882051,False,train
-0.9820191159051116,1,0.0261969080218055,1.0,0.0001053563972137,1.0,2019-01-29,Mexico City,0.0348843707799765,-9.15816169612435,-3.642113889614242,0.4784338202547012,0.8781236129591848,False,train
-1.1377953790931317,1,0.0264004301756041,1.0,9.278433553731028e-05,1.0,2019-02-05,Mexico City,0.7580709875816342,-9.285232730509449,-3.6343749744321627,0.580454927809098,0.8142923779467267,False,train
-1.1946271397555588,1,0.0247785115615017,1.0,7.737936104643916e-05,1.0,2019-02-12,Mexico City,3.579442379679072,-9.466790466073645,-3.6977784707069863,0.6740694616546162,0.7386679638813748,False,train
-1.0453822866915643,1,0.0223675963041751,1.0,6.171009025973867e-05,1.0,2019-02-19,Mexico City,5.742909423268483,-9.693063102988734,-3.800141961011383,0.7579216274973472,0.6523456189565257,False,train
-0.912619849527995,1,0.0263478081185288,1.0,8.987067420431082e-05,1.0,2019-02-26,Mexico City,7.942977639943683,-9.317138874326908,-3.636370190812234,0.8307970168121247,0.5565755266413303,False,train
-1.2904563669327265,1,0.0271273636123053,1.0,8.352881465884031e-05,1.0,2019-03-05,Mexico City,6.349394266163756,-9.390318899901237,-3.607212333136949,0.8916401947968874,0.45274469960737107,False,train
-1.2717648666690908,1,0.0265854700752288,1.0,7.854192186406926e-05,1.0,2019-03-12,Mexico City,6.140506260688028,-9.45187803923769,-3.62739045021004,0.9395699859530622,0.342356891994542,False,train
-1.0205262298836788,1,0.0287245829853993,1.0,7.312344748367709e-05,1.0,2019-03-19,Mexico City,3.0886224622160494,-9.523361483630085,-3.550001972832269,0.9738922359149924,0.22701082094141847,False,train
-0.7862982797071547,1,0.0302012283475118,1.0,8.506848328660374e-05,1.0,2019-03-26,Mexico City,0.4620376043557355,-9.372053940139725,-3.499872681669799,0.9941098647022418,0.10837701279187609,False,train
-1.291735604388515,1,0.0327299036701631,1.0,4.441066602544816e-05,0.875,2019-04-02,Mexico City,3.2758654424454003,-10.02203089157731,-3.4194661336397982,0.9999300657962057,-0.011826390691832589,False,train
-0.6397982176002134,1,0.0342227923174621,1.0,6.167922736887793e-05,1.0,2019-04-09,Mexico City,1.442413434092689,-9.693563355232566,-3.374863414856396,0.9912685467787256,-0.13185851571739118,False,train
-1.008468828856563,1,0.0325656750130166,1.0,5.631351495194179e-05,1.0,2019-04-16,Mexico City,2.325733322042313,-9.784575999194246,-3.424496459023668,0.9682507501166718,-0.2499809690726521,False,train
-1.2843643598628662,1,0.0350379188799425,1.0,5.460030911769422e-05,1.0,2019-04-23,Mexico City,8.051572976157185,-9.81547101373321,-3.3513244073734674,0.9312100364121947,-0.3644830148102912,False,train
-1.0212257273438845,1,0.0317763733854526,0.9963235294117648,5.7569011225572023e-05,0.7352941176470589,2019-04-30,Mexico City,15.240903800829264,-9.762526134592159,-3.449032240639174,0.8806828564301475,-0.47370635037968,False,train
-0.3971446108805005,1,0.0399182255132957,1.0,5.113549705635117e-05,1.0,2019-05-07,Mexico City,0.1099910610655727,-9.88103164328124,-3.220922279596599,0.8174009818249189,-0.5760691233798758,False,train
-0.8697791541086843,1,0.0382630731341791,1.0,6.24239776399882e-05,0.9926470588235294,2019-05-14,Mexico City,13.174445732789923,-9.681561099345632,-3.2632699958177827,0.742280907086982,-0.6700888411055113,False,train
-1.1922759581286688,1,0.0319417819194202,1.0,5.893960168402832e-05,0.9889705882352942,2019-05-21,Mexico City,7.80112861484855,-9.738997338668257,-3.4438403481640942,0.6564105761979381,-0.7544038410927472,False,train
-1.0163087550462482,1,0.0307835339640805,1.0,6.69215250932292e-05,0.7683823529411765,2019-05-28,Mexico City,26.92293920741471,-9.611989892308126,-3.480775343514147,0.5610336262283677,-0.8277930117131022,False,train
-1.1533286497273103,1,0.0273197247765802,1.0,4.577525660269265e-05,1.0,2019-06-04,Mexico City,57.84647652703051,-9.991766861680633,-3.600146318393974,0.4575313760742512,-0.8891934772070711,False,train
-1.1172648620473482,1,0.0254482129485887,1.0,6.102660953071648e-05,0.9227941176470588,2019-06-11,Mexico City,17.222025505207597,-9.704200567093014,-3.6711097565811235,0.3474028211842774,-0.9377159910299093,False,train
-1.2454225980397264,1,0.0252282948235757,0.9926470588235294,6.040293818918548e-05,0.7904411764705882,2019-06-18,Mexico City,73.20325901292979,-9.714472808690344,-3.6797891038856236,0.23224292400907015,-0.9726578145718654,False,train
-1.2774577850450344,1,0.0216610128473098,0.9926470588235294,4.8996242464837545e-05,0.6948529411764706,2019-06-25,Mexico City,51.42046837763505,-9.923766947185117,-3.8322412773155916,0.11371951458594969,-0.9935128947338007,False,train
-1.37191608968304,1,0.0220411839334573,1.0,5.45818094176982e-05,0.9816176470588236,2019-07-02,Mexico City,39.2786429521044,-9.815809891571838,-3.814842578651168,-0.00645086419810515,-0.9999791929590823,False,train
-1.2157368582596273,1,0.023252268964644,1.0,4.395337139024384e-05,0.6911764705882353,2019-07-09,Mexico City,73.1539619763376,-10.032381227099497,-3.761352561833193,-0.12652781683868314,-0.9919630595773397,False,train
-1.0911972483777366,1,0.0221164416161335,1.0,4.524664323882852e-05,0.8786764705882353,2019-07-16,Mexico City,49.45352258393864,-10.003382073137328,-3.811433982531933,-0.24477230089725957,-0.9695805901076308,False,train
-1.321009409712097,1,0.0205543523978972,0.9926470588235294,3.9453619778754255e-05,0.8970588235294118,2019-07-23,Mexico City,77.82650163206792,-10.140384758766283,-3.884682564947286,-0.3594718130884232,-0.9331559438780432,False,train
-1.2721858083292157,1,0.0227818156435157,1.0,6.500958348452701e-05,0.9448529411764706,2019-07-30,Mexico City,34.15385632896732,-9.640975860713091,-3.7817926207364523,-0.46896519100763184,-0.8832166493127127,False,train
-1.2610282244597943,1,0.0222378600843757,1.0,5.090908547735985e-05,0.9889705882352942,2019-08-06,Mexico City,65.63014055832951,-9.885469153728172,-3.805959033456834,-0.5716666713027052,-0.8204859638785327,False,train
-1.4703205959292307,1,0.0219702502024291,1.0,5.635707399628168e-05,1.0,2019-08-13,Mexico City,44.82938078522949,-9.783802788600129,-3.818066004283187,-0.666088855860977,-0.7458723993404063,False,train
-1.25624801606285,1,0.02282069784604,1.0,5.671559328002424e-05,0.7830882352941176,2019-08-20,Mexico City,42.051482346979775,-9.777461371282877,-3.7800873545582867,-0.7508642533989489,-0.6604565640279754,False,train
-1.4192637214648152,1,0.0215287628469939,1.0,5.836582916330715e-05,1.0,2019-08-27,Mexico City,20.76507764989702,-9.748779956444546,-3.838365431077858,-0.8247650844733614,-0.5654755126737576,False,train
-1.4160335783074691,1,0.022397079805255,1.0,5.090389571528768e-05,0.9007352941176472,2019-09-03,Mexico City,35.47986354429532,-9.885571100690454,-3.7988246944563375,-0.886721063082993,-0.46230483047981086,False,train
-1.1816145024309,1,0.0217488872171686,1.0,4.7603970587813745e-05,0.7389705882352942,2019-09-10,Mexico City,54.783435100117146,-9.952594384495423,-3.8281926851853156,-0.9358348973349941,-0.35243871088460327,False,train
-1.3283480996394652,1,0.0229285192265159,1.0,5.573545460167297e-05,0.9558823529411764,2019-09-17,Mexico City,48.93575828015513,-9.794894085671283,-3.7753737621951347,-0.97139528468375,-0.23746831555846842,False,train
-1.408799790326244,1,0.0228563696667125,1.0,6.91054713873692e-05,0.7683823529411765,2019-09-24,Mexico City,70.76026636271871,-9.579876649610817,-3.7785254404571003,-0.9928872135356962,-0.11905873003404988,False,train
-1.406980859964121,1,0.0230889010534245,1.0,5.4976281082016315e-05,0.8970588235294118,2019-10-01,Mexico City,20.203469032084463,-9.808608718802393,-3.7684032507966765,-0.9999994220246925,0.001075151282798226,False,train
-1.4120594243117826,1,0.0223754495338074,1.0,5.69544325827821e-05,0.8860294117647058,2019-10-08,Mexico City,22.47224673426057,-9.773259038215233,-3.7997909241266172,-0.9926289059345095,0.12119346147073601,False,train
-1.1926312733040971,1,0.0224624755283794,1.0,8.523115341541047e-05,0.9007352941176472,2019-10-15,Mexico City,71.23990966199139,-9.37014354054721,-3.7959091163163743,-0.9708824104813836,0.2395565591209271,False,train
-1.3803242507509448,1,0.0235005867383369,1.0,5.200954932743136e-05,0.2830882352941176,2019-10-22,Mexico City,42.18870664744623,-9.864083215330634,-3.7507298905549047,-0.9350748843515574,0.3544502230989869,True,train
-1.1811987574365794,1,0.0235837376442436,1.0,0.0001258268102513,0.6066176470588235,2019-10-29,Mexico City,35.533519543837045,-8.980604118349511,-3.7471978873483316,-0.8857249183835637,0.4642104791518923,False,train
-1.5269468298539417,1,0.0226639246013677,1.0,6.43555343068177e-05,1.0,2019-11-05,Mexico City,7.8099512292967725,-9.651087624406252,-3.7869808432610923,-0.8235472349556007,0.5672476988027229,False,train
-1.560137098051819,1,0.0231974737100391,1.0,7.881754924918112e-05,0.8786764705882353,2019-11-12,Mexico City,9.758763911855256,-9.448374879687904,-3.7637118980476756,-0.7494423368521953,0.6620696215153815,False,train
-1.265481611399242,1,0.0250108159023542,1.0,9.798659611057332e-05,0.9632352941176472,2019-11-19,Mexico City,4.33595992148547,-9.230679863030076,-3.688446911579779,-0.6644834655228552,0.7473029667054297,False,train
-1.488953420540411,1,0.0233826581010456,1.0,9.216226256831548e-05,1.0,2019-11-26,Mexico City,1.0896689304208238,-9.291959810880599,-3.7557606381668007,-0.5699010576127624,0.821713322596059,False,train
-1.4439248478304971,1,0.0244155404531736,1.0,0.0001195049692588,1.0,2019-12-03,Mexico City,0.3899094278599637,-9.03215260370164,-3.71253544560155,-0.46706492487743034,0.8842230238742036,False,train
-1.3694388309397612,1,0.0257768594426232,1.0,0.0001081034790581,1.0,2019-12-10,Mexico City,0.7749392165587737,-9.132421650135793,-3.658278110357286,-0.3574644155648614,0.9339267592294762,False,train
-1.3325589671933271,1,0.0266161862335645,1.0,0.0001350575066275,0.9926470588235294,2019-12-17,Mexico City,3.57186313412362,-8.909809895208928,-3.626235743237371,-0.2426868445825954,0.9701046827361175,False,train
-1.4877042536748446,1,0.0251150925671563,1.0,7.762189764993463e-05,1.0,2019-12-24,Mexico City,0.9007268186600212,-9.463660984371643,-3.684286316055036,-0.12439450483979998,0.9922328391893008,False,train
-1.3990235390051813,1,0.0243301166883849,1.0,0.0001053383226577,1.0,2019-12-31,Mexico City,0.5371707061545336,-9.158333267163771,-3.716040326128133,-0.004300592702981974,0.9999907524084426,False,train
-1.3336302526985282,1,0.0262222774156684,1.0,9.919392938378412e-05,1.0,2020-01-07,Mexico City,0.1025860146150899,-9.218433741273964,-3.6411459464601497,0.1201261651823505,0.9927586335250793,False,train
-1.292201454794609,1,0.0240683630389241,1.0,0.0001042625673313,1.0,2020-01-14,Mexico City,14.557894831632382,-9.168598154610395,-3.7268570378536268,0.23851257519407648,0.9711394088771653,False,train
-1.444916941394195,1,0.0238457043918794,1.0,9.144747940998242e-05,1.0,2020-01-21,Mexico City,4.234358732445509,-9.29974574600061,-3.736151187224586,0.3534446712740877,0.9354554315134164,False,train
-1.3712049088392717,1,0.0243182975387313,1.0,8.688615511836098e-05,1.0,2020-01-28,Mexico City,0.5952218868814326,-9.350911858082311,-3.7165262268537336,0.4632579225674917,0.88622350294858,False,train
-1.343838448494726,1,0.0254411365749902,1.0,8.024325649795632e-05,1.0,2020-02-04,Mexico City,6.55038332602478,-9.43044783066308,-3.671387864818323,0.5663619330814524,0.8241566360566663,False,train
-1.4435404220784602,1,0.0274113758124589,1.0,8.488342828178821e-05,1.0,2020-02-11,Mexico City,3.2350664596474266,-9.374231674726449,-3.5967971761124837,0.6612634749656386,0.7501537286959042,False,train
-1.2755033569925054,1,0.0268189268934524,1.0,9.77297278956779e-05,1.0,2020-02-18,Mexico City,0.6725362622518344,-9.233304767863002,-3.6186474133588966,0.746588114532413,0.6652865452111116,False,train
-1.3438840652055322,1,0.0276009751149796,1.0,8.491977503258803e-05,1.0,2020-02-25,Mexico City,1.0887103294081968,-9.373803570301497,-3.5899041766302475,0.8211001178128892,0.5707841943569036,False,train
-1.3475661069255045,1,0.0272694662543105,1.0,8.99907907564783e-05,1.0,2020-03-03,Mexico City,0.4811870202750585,-9.31580321779758,-3.6019876549487315,0.8837203473619977,0.4680153284438345,False,train
-1.2083447808155694,1,0.0285468604445828,1.0,8.500790343584826e-05,0.9963235294117648,2020-03-10,Mexico City,11.964075015632146,-9.372766324198263,-3.5562083158417104,0.9335418911179212,0.35846832151248087,False,train
-1.4370806142334165,1,0.0293144580615432,1.0,7.796825168055875e-05,1.0,2020-03-17,Mexico City,8.919726349826703,-9.459208843870197,-3.5296744354657097,0.969843196967294,0.24372971360968387,False,train
-1.0289982985631172,1,0.0301163041380491,1.0,6.731776275312094e-05,1.0,2020-03-24,Mexico City,0.5397563229626651,-9.606086422213492,-3.50268858815931,0.992098522791769,0.12546123335273648,False,train
-1.5889334663064625,1,0.0296539978930952,1.0,5.893771369375429e-05,0.9852941176470588,2020-03-31,Mexico City,14.05375210905614,-9.739029371808275,-3.5181583264359038,0.9999855506507186,0.005375731557583884,False,train
-1.2735650187038874,1,0.0309241422805011,1.0,4.146602914407625e-05,1.0,2020-04-07,Mexico City,2.239411919311189,-10.090636040784489,-3.4762180965611034,0.9933900548258936,-0.11478762552212701,False,train
-1.3904063396996886,1,0.0346562197748501,1.0,4.237025358641075e-05,0.9852941176470588,2020-04-14,Mexico City,6.555679758560973,-10.06906400829744,-3.3622780665732623,0.9724075561219968,-0.23328854407545518,False,train
-1.3794027150290276,1,0.0324945819797516,1.0,4.138641609544448e-05,0.9779411764705882,2020-04-21,Mexico City,17.775578930049267,-10.092557844610669,-3.4266819118591565,0.9373419384643772,-0.3484108069446808,False,train
-1.2388592659845563,1,0.031422015092105,1.0,4.3403647077976214e-05,0.9926470588235294,2020-04-28,Mexico City,16.769519111101854,-10.044967086333827,-3.4602465141530785,0.8887010478292915,-0.45848712914008766,False,train
-1.4932868769482972,1,0.0327903673692758,1.0,5.247258629906563e-05,0.9448529411764706,2020-05-05,Mexico City,31.677595273943457,-9.855219690474781,-3.4176204844897806,0.8271893372462497,-0.5619233046832195,False,train
-1.3984128587488307,1,0.0323682922611347,1.0,3.425549212735309e-05,0.9558823529411764,2020-05-12,Mexico City,2.9952849809548985,-10.28166365202808,-3.4305759692742694,0.753697664392914,-0.6572212950663319,False,train
-1.33236365113162,1,0.0325039356176619,1.0,3.8705568068810826e-05,1.0,2020-05-19,Mexico City,2.510994455841862,-10.159527090530899,-3.426394101049907,0.6692903895412567,-0.7430009249440493,False,train
-1.3624880711259362,1,0.0323106564573939,1.0,4.127935422364883e-05,1.0,2020-05-26,Mexico City,10.92785920633869,-10.09514808072029,-3.4323581818840396,0.5751899607119775,-0.8180198708443175,False,train
-1.387395006828358,1,0.0263249959475958,1.0,3.689059155543426e-05,0.9595588235294118,2020-06-02,Mexico City,24.01155424848191,-10.207554010825971,-3.637236374899591,0.47275920928627757,-0.881191653407483,False,train
-1.348884602622034,1,0.0258214394566706,1.0,5.621316369431038e-05,1.0,2020-06-09,Mexico City,14.233349787297325,-9.786359599055933,-3.656550145440191,0.36348161248290634,-0.9316013725767187,False,train
-1.3697333695571294,1,0.0259605855127172,1.0,6.120543381279829e-05,0.8786764705882353,2020-06-16,Mexico City,29.378326994550683,-9.701274584596575,-3.6511758329815964,0.24893980855376657,-0.9685189578512204,False,train
-1.523194669550273,1,0.0228062215686339,1.0,4.325179450357244e-05,0.9485294117647058,2020-06-23,Mexico City,45.56103357082222,-10.048471834035052,-3.7807219044283,0.13079267585675922,-0.9914097417023038,False,train
-1.363317243340139,1,0.0225644286662431,1.0,4.45518557337334e-05,0.9485294117647058,2020-06-30,Mexico City,42.63014336541384,-10.018856749836814,-3.791380565490009,0.01075130776352193,-0.9999422030204416,False,train
-1.3610544217688436,1,0.0212120687148435,1.0,6.769583676279265e-05,0.9963235294117648,2020-07-07,Mexico City,39.486754726772915,-9.600485875316688,-3.8531849802799387,-0.10944576864891556,-0.993992768446958,False,train
-1.6454145532020057,1,0.0222603344034523,1.0,5.528099098989253e-05,0.9595588235294118,2020-07-14,Mexico City,30.39132132005551,-9.803081451930872,-3.8049489106306718,-0.2280577712215198,-0.9736476020539838,False,train
-1.431668006548645,1,0.022698801489739,1.0,5.451278543549332e-05,0.9154411764705882,2020-07-21,Mexico City,63.137903458538744,-9.817075288661547,-3.785443153697488,-0.34336687399638804,-0.939201357453208,False,train
-1.3060689828342609,1,0.0202914035746288,1.0,5.210044602448894e-05,0.5992647058823529,2020-07-28,Mexico City,82.78070468590724,-9.862337048310907,-3.8975579518529195,-0.45370308603134424,-0.8911529104063088,False,train
-1.464908926027529,1,0.0211947767185132,1.0,4.089634192293025e-05,0.9522058823529412,2020-08-04,Mexico City,53.263106286968856,-10.10446993845263,-3.8540005088632125,-0.5574684374327892,-0.8301981337405212,False,train
-1.5324310791116826,1,0.0206301916780898,0.9963235294117648,4.765278440916632e-05,0.7132352941176471,2020-08-11,Mexico City,45.837039003411526,-9.951569494961301,-3.8809996607114177,-0.65316012232693,-0.7572198192083127,False,train
-1.3752039176049826,1,0.0234074816287759,1.0,4.637879066709855e-05,0.8492647058823529,2020-08-18,Mexico City,35.937786316912174,-9.978668300924902,-3.7546995799950325,-0.7393922635959241,-0.673274892250183,False,train
-1.4986676989242411,1,0.0199686269482206,1.0,3.9915960830296694e-05,0.7977941176470589,2020-08-25,Mexico City,74.21783878103504,-10.128734293246008,-3.91359288964075,-0.8149159841660791,-0.5795791048257612,False,train
-1.4271265783509277,1,0.0203088953026691,1.0,4.2141948282961495e-05,0.9485294117647058,2020-09-01,Mexico City,41.97525135229298,-10.074466917079336,-3.896696296662873,-0.8786374941610001,-0.4774894280028391,False,train
-1.512296322646667,1,0.0212531014239111,1.0,3.430304028970673e-05,0.3897058823529412,2020-09-08,Mexico City,65.63573805309797,-10.280276569536642,-3.8512524449007604,-0.9296339319682695,-0.3684843993077793,True,train
-1.3783375466055838,1,0.0229246659749596,0.9963235294117648,6.273622880379468e-05,0.3125,2020-09-15,Mexico City,75.62903372308199,-9.676571465331643,-3.775541831285578,-0.9671667297977312,-0.2541427094613622,True,train
-1.607625751650021,1,0.0243089972587483,1.0,6.22252853901347e-05,0.8198529411764706,2020-09-22,Mexico City,61.05865763771715,-9.684749123298722,-3.716908739602392,-0.9906923101615609,-0.13612033862266704,False,train
-1.4388490935807408,1,0.0245602452186073,1.0,5.925566374313961e-05,1.0,2020-09-29,Mexico City,20.061903676569063,-9.733649191916012,-3.7066261912820586,-0.9998699583618592,-0.016126573270657762,False,train
-1.5717412674719868,1,0.0258627091627597,1.0,8.706797588909187e-05,1.0,2020-10-06,Mexico City,13.132996270930118,-9.348821412332153,-3.6549531484512623,-0.9945667569706337,0.1041007489354256,False,train
-1.797917570439181,1,0.0246477369194387,1.0,6.075366100205232e-05,1.0,2020-10-13,Mexico City,8.686048164615004,-9.708683214151113,-3.703070191250141,-0.9748595108374125,0.22282040779479959,False,train
-1.4391636746089769,1,0.0244396018087083,1.0,7.325908068626927e-05,1.0,2020-10-20,Mexico City,1.8595691882599872,-9.521508349337314,-3.711550437417512,-0.9410336347451197,0.3383130181923075,False,train
-1.6634518133637366,1,0.0246400768942207,1.0,6.851899220293294e-05,1.0,2020-10-27,Mexico City,3.0841150346089083,-9.588399592688134,-3.7033810196146786,-0.8935790198239952,0.4489059314938798,False,train
-1.7527961645762016,1,0.0257581916832684,1.0,0.0001053851065632,1.0,2020-11-03,Mexico City,0.1330888510123866,-9.157889235795816,-3.6590025788409086,-0.8331829385891785,0.5529974600700271,False,train
-1.5388379023837324,1,0.0254428445879623,1.0,8.337505925751031e-05,1.0,2020-11-10,Mexico City,0.2830990244678573,-9.392161342993983,-3.671320731196554,-0.7607200913564104,0.6490800741100398,False,train
-1.4053825163837137,1,0.023900325943477,1.0,9.285095432756876e-05,1.0,2020-11-17,Mexico City,6.968641405980041,-9.284514992053934,-3.733863182335281,-0.6772399381909491,0.7357622347736525,False,train
-1.6772304463767795,1,0.0262494226062702,1.0,0.0001099059162249,1.0,2020-11-24,Mexico City,1.2334118455318348,-9.115885865201994,-3.6401112861380303,-0.5839514998576998,0.8117885474764613,False,train
-1.5261249812963154,1,0.0230831321371302,1.0,6.06796417309283e-05,0.9007352941176472,2020-12-01,Mexico City,3.753578818519177,-9.709902307737888,-3.7686531387017865,-0.4822058478963526,0.8760579434344281,False,train
-1.583839373575076,1,0.0256210625420848,1.0,8.12967855398808e-05,1.0,2020-12-08,Mexico City,3.328211044049966,-9.417404080447016,-3.6643405102242466,-0.37347653741307074,0.9276396261490467,False,train
-1.8803418448353024,1,0.0253094019953194,1.0,9.42912545874617e-05,0.9926470588235294,2020-12-15,Mexico City,2.337923641597679,-9.269122112949354,-3.6765793319140534,-0.2593382659754056,0.9657865518844574,False,train
-1.6576682967398566,1,0.0259121955761615,1.0,9.950838590538482e-05,1.0,2020-12-22,Mexico City,0.2675001924895736,-9.215268636894995,-3.6530415494354527,-0.14144406768794202,0.9899462489023779,False,train
-1.472668310207142,1,0.0247639831822709,1.0,7.715940153162919e-05,1.0,2020-12-29,Mexico City,0.0071666278022512,-9.46963712615655,-3.6983649724454395,-0.021501372740813793,0.999768818762748,False,train
-1.535811209819139,1,0.0234260380769511,1.0,6.0416598349483187e-05,0.8602941176470589,2021-01-05,Mexico City,3.0983134408680155,-9.714246683665413,-3.7539071369216583,0.08590610426133272,0.9963032375991965,False,train
-1.6724786462632255,1,0.0250070080355861,0.9926470588235294,0.0001298792737955,0.9779411764705882,2021-01-12,Mexico City,7.665251983001223,-8.948905202094968,-3.6885991719732014,0.20496611396949532,0.9787690698649216,False,train
-1.5080707383776522,1,0.025850853843836,1.0,9.435508463699612e-05,1.0,2021-01-19,Mexico City,3.5513454842136514,-9.26844539637767,-3.6554116478638776,0.321057654185271,0.9470596510722283,False,train
-1.6134716690754112,1,0.025273695302526,1.0,8.05389435971179e-05,1.0,2021-01-26,Mexico City,1.4874990670152328,-9.426769719126641,-3.677991135486065,0.4324994021339788,0.901634220265486,False,train
-1.4234231686015215,1,0.0248725212072243,1.0,9.51721810836082e-05,1.0,2021-02-02,Mexico City,0.0575852129500047,-9.259822874378543,-3.6939916508637,0.5376773767406141,0.8431506618282,False,train
-1.2487332025965976,1,0.0261728395402977,1.0,5.190795520852348e-05,1.0,2021-02-09,Mexico City,0.5802742715731474,-9.866038499990882,-3.6430330646846905,0.6350683134867438,0.7724559775191742,False,train
-1.4612476261949146,1,0.0292954877518165,1.0,9.995690479476068e-05,1.0,2021-02-16,Mexico City,0.1453214517467525,-9.2107714169151,-3.5303217764630745,0.7232617254437388,0.6905740195722293,False,train
-1.5576706209842803,1,0.0273611173630492,1.0,8.70942809370826e-05,1.0,2021-02-23,Mexico City,0.1457771858326243,-9.34851933714468,-3.598632347768955,0.8009803309782905,0.5986906625177214,False,train
-1.4951562747416465,1,0.0275880816328271,1.0,7.223703576797329e-05,1.0,2021-03-02,Mexico City,5.642027866585048,-9.535557682809644,-3.5903714244198226,0.8670985522812081,0.4981366284784055,False,train
-1.230555468608003,1,0.0282443373075157,1.0,8.183537657709585e-05,1.0,2021-03-09,Mexico City,2.0670323912391937,-9.410800931353963,-3.566862290773811,0.9206588168102428,0.3903682146763026,False,train
-1.553606349661801,1,0.0285750616959191,1.0,6.655352662449736e-05,1.0,2021-03-16,Mexico City,6.361830095894601,-9.617504022423544,-3.555220910216311,0.9608854255574977,0.27694620226893646,False,train
-1.2634983726306988,1,0.0291506358073863,1.0,8.238190670100235e-05,1.0,2021-03-23,Mexico City,0.7281541228186319,-9.404144724031148,-3.5352785548493606,0.9871957872910085,0.15951325197263655,False,train
-1.3891522515453956,1,0.0272008882054303,1.0,6.02717409210345e-05,1.0,2021-03-30,Mexico City,3.8637406019670304,-9.71664720552007,-3.6045056516019276,0.9992088560679753,0.03977011384605572,False,train
-1.5947669937887683,1,0.0327510082205092,1.0,7.477419658193275e-05,0.9595588235294118,2021-04-06,Mexico City,15.437108921813094,-9.501037697980305,-3.418821532015676,0.9967506498213929,-0.08054900421874167,False,train
-1.376237695068265,1,0.0314523946421883,1.0,6.26932405340904e-05,1.0,2021-04-13,Mexico City,5.875734870197259,-9.677256922610772,-3.459280157488234,0.9798567700958665,-0.1997015525660636,False,train
-1.3880127656012884,1,0.0388225754552082,1.0,7.216878249960841e-05,1.0,2021-04-20,Mexico City,6.162355281757652,-9.536502980918353,-3.2487533599280423,0.9487718864399473,-0.31596187665790293,False,train
-1.561699880865668,1,0.0320826606052467,1.0,5.3677917473495805e-05,0.9963235294117648,2021-04-27,Mexico City,18.170150646798525,-9.832508861256535,-3.4394395628503425,0.9039461929224011,-0.42764620926777464,False,train
-1.641634321470042,1,0.0305790048095382,1.0,5.381220521730758e-05,0.9963235294117648,2021-05-04,Mexico City,19.90224985734849,-9.83001025375077,-3.487441622845374,0.8460288880917339,-0.533137056031809,False,train
-1.368774149677333,1,0.0272555067216708,0.9963235294117648,5.7495447108779326e-05,0.5404411764705882,2021-05-11,Mexico City,53.036850884394745,-9.76380479401281,-3.602499696759402,0.7758587728069828,-0.6309066211876704,False,train
-1.6349390635559764,1,0.0283298705692644,1.0,6.98123169220815e-05,0.9705882352941176,2021-05-18,Mexico City,9.867190428506271,-9.569700103561477,-3.5638385338312495,0.6944521021088763,-0.719538934232584,False,train
-1.9771223902721908,1,0.027936805362274,1.0,6.275753084018716e-05,0.9742647058823528,2021-05-25,Mexico City,15.835550917755915,-9.676231973763974,-3.577810270907656,0.6029878670694714,-0.7977503570459932,False,train
-1.5285861731183037,1,0.0253226535959622,1.0,5.52804198612897e-05,0.8345588235294118,2021-06-01,Mexico City,67.7671116808117,-9.803091783358418,-3.676055884829371,0.5027907197793043,-0.8644081744776648,False,train
-1.5848911721459382,1,0.0250840697243823,1.0,8.364451519405268e-05,0.8235294117647058,2021-06-08,Mexico City,61.67971626635223,-9.388934701192175,-3.68552230666951,0.3953117887649151,-0.9185469991587165,False,train
-1.6126551212247764,1,0.0215193568715742,1.0,5.419836387678187e-05,0.8676470588235294,2021-06-15,Mexico City,49.356214364792734,-9.822859836749545,-3.838802429285021,0.2821076626819194,-0.9593827529490743,False,train
-1.4546505338732496,1,0.0205979921982515,0.9963235294117648,3.832536449970022e-05,0.3051470588235294,2021-06-22,Mexico City,74.11679883753176,-10.169398622496235,-3.882561674041027,0.16481784665719793,-0.9863240225317866,True,train
-1.1237368591714574,1,0.0216412907825343,0.9963235294117648,5.72876482764961e-05,0.5882352941176471,2021-06-29,Mexico City,86.85958803950581,-9.7674255198453,-3.8331521787913085,0.04514101777397193,-0.9989806246941579,False,train
-1.1879352936134115,1,0.0213964934749895,1.0,3.4778949919877605e-05,0.8566176470588235,2021-07-06,Mexico City,53.703032046780066,-10.26649824156185,-3.8445282266891447,-0.07518957641475855,-0.9971692572470178,False,train
-0.806219648352043,1,0.020447529870454,1.0,4.5142698628145144e-05,0.9632352941176472,2021-07-13,Mexico City,35.57998957650397,-10.005682004840688,-3.8898931925197284,-0.19443122004766195,-0.9809161537413774,False,train
-0.591935194626492,1,0.0212583154806384,1.0,6.116055068877634e-05,1.0,2021-07-20,Mexico City,35.962241134536775,-9.702008172876317,-3.851007143420212,-0.3108569682435036,-0.9504567035349151,False,train
-1.0481575464229576,1,0.0221792530768505,1.0,5.9929553336606944e-05,0.9669117647058824,2021-07-27,Mexico City,46.83117077719439,-9.722340796607105,-3.8085979731521746,-0.4227806579826773,-0.9062320427107697,False,train
-0.91526735393404,1,0.0215934087079585,1.0,5.4832743552661424e-05,0.9669117647058824,2021-08-03,Mexico City,68.00666582934105,-9.811223032363317,-3.835367163269817,-0.5285813283559292,-0.8488826652214553,False,train
-0.8200487926150503,1,0.0222598348819644,1.0,4.995955415087445e-05,0.9632352941176472,2021-08-10,Mexico City,39.45754895150004,-9.904296796868525,-3.804971350863759,-0.6267266965083301,-0.7792391467859886,False,train
-0.9665325289174878,1,0.0208548728873011,1.0,5.445770651308781e-05,0.7610294117647058,2021-08-17,Mexico City,74.50922702312297,-9.81808618484291,-3.8701676464224772,-0.7157953492826642,-0.6983101158835584,False,train
-1.1283472861397057,1,0.0197051811771779,0.9558823529411764,2.6265436831338595e-05,0.4485294117647059,2021-08-24,Mexico City,66.6661023625798,-10.547256672006625,-3.9268736739000016,-0.7944973291665992,-0.6072676460566135,True,train
-0.7764361584291521,1,0.0227386801163947,1.0,4.518594545257423e-05,0.7132352941176471,2021-08-31,Mexico City,101.19646127125074,-10.004724460793092,-3.7836878347191742,-0.8616928164028521,-0.5074302810827518,False,train
-0.8933036939434774,1,0.0218876753789028,1.0,4.139660085459944e-05,0.7352941176470589,2021-09-07,Mexico City,61.85967454761925,-10.092311785465169,-3.8218315686597077,-0.9164086366943458,-0.4002439388573056,False,train
-1.1633055495491225,1,0.021907776684795,1.0,6.109566849779397e-05,0.7647058823529411,2021-09-14,Mexico City,74.20902143072081,-9.703069586316147,-3.820913605430352,-0.9578523554276669,-0.28726097055059635,False,train
-0.695681788763241,1,0.0227581549231398,1.0,5.9540819216379685e-05,0.9338235294117648,2021-09-21,Mexico City,30.49874733784029,-9.728848443378594,-3.782831739655964,-0.9854237542919524,-0.17011767832049052,False,train
-1.0944588448403298,1,0.0246151593773716,1.0,5.229464045503007e-05,0.6397058823529411,2021-09-28,Mexico City,61.657275745757985,-9.85861666910379,-3.7043927909860446,-0.9987235240803972,-0.050510617185222886,False,train
-0.9148031367697124,1,0.0224374544231512,1.0,6.231575435353121e-05,0.9963235294117648,2021-10-05,Mexico City,21.326107088594387,-9.683296285270458,-3.797023644015872,-0.9975590477788613,0.06982797572987089,False,train
-0.5109365764043355,1,0.0222768840674117,1.0,6.600127933129397e-05,1.0,2021-10-12,Mexico City,6.663959695909717,-9.625836432318227,-3.8042057270512144,-0.981947190186646,0.18915526872004093,False,train
-0.8616933033986423,1,0.0220553522570744,1.0,8.152365680122824e-05,0.6985294117647058,2021-10-19,Mexico City,23.306464587904237,-9.414617312337183,-3.8141999737969705,-0.9521140536681102,0.3057430764672831,False,train
-0.774719254530206,1,0.0232488626594647,1.0,8.194585226803585e-05,0.9889705882352942,2021-10-26,Mexico City,15.03201977980196,-9.409451867013999,-3.761499066017776,-0.9084917035725082,0.41790288888678667,False,train
-0.4661759988643776,1,0.0234224679344321,1.0,0.0001396751524315,1.0,2021-11-02,Mexico City,1.3235426206245546,-8.876191171289785,-3.7540595491469295,-0.8517119107469189,0.5240103253675756,False,train
-0.2588759310625168,1,0.023608236802928,1.0,9.891104407799832e-05,1.0,2021-11-09,Mexico City,0.4621415942370087,-9.221289656429613,-3.7461596107696433,-0.7825970017677834,0.6225286602431057,False,train
-0.8693357892152274,1,0.0229515481721275,1.0,0.0001366985370836,0.9669117647058824,2021-11-16,Mexico City,3.039426161458277,-8.897732515947816,-3.774369886270303,-0.7021479494046978,0.712031078778713,False,train
-0.5235357525467158,1,0.0230720651212981,1.0,0.0001074754542651,1.0,2021-11-23,Mexico City,4.482008145651468,-9.138248068886046,-3.7691326953585254,-0.6115298757991053,0.7912213413483807,False,train
-0.2558373807105538,1,0.0230241340635077,1.0,0.0001397736456572,1.0,2021-11-30,Mexico City,0.1562938800293377,-8.87548626054798,-3.7712123060818525,-0.5120551783114646,0.8589525565270845,False,train
-0.4422067899468602,1,0.0246323719547795,1.0,0.0001335050557305,1.0,2021-12-07,Mexico City,0.0835256456629516,-8.921371210200595,-3.703693768003849,-0.4051645224207563,0.9142437912130223,False,train
-0.6307632482810606,1,0.0235638882059992,1.0,0.0001642751487341,0.9963235294117648,2021-12-14,Mexico City,3.152586592828843,-8.713967799783704,-3.748039899604906,-0.29240597695107734,0.9562942772197719,False,train
0.0420060566309583,1,0.0235161735384991,1.0,0.0001510148046165,1.0,2021-12-21,Mexico City,0.1951262433064145,-8.79813268213745,-3.750066858876778,-0.17541259380427843,0.9844950085880858,False,train
-0.1305949280742517,1,0.0241174523524132,1.0,0.0001139420142283,1.0,2021-12-28,Mexico City,0.0618119001839625,-9.079820886094783,-3.7248195365652115,-0.05587875690537313,0.9984375616565666,False,train
-0.6156992772327979,1,0.0238603323887026,1.0,0.0001116594016151,1.0,2022-01-04,Mexico City,7.856031186439804,-9.100057377087104,-3.73553793161717,0.06875540848113941,0.9976335468520451,False,train
-0.3289234799944234,1,0.022751504662299,1.0,0.0001109372875997,0.9926470588235294,2022-01-11,Mexico City,9.907568655479183,-9.106545492890625,-3.783123996770111,0.18809941761179758,0.9821499931752291,False,train
-0.8501499307290307,1,0.0237140569130699,0.9889705882352942,9.390861971014524e-05,1.0,2022-01-18,Mexico City,3.9728973461565986,-9.273188379262955,-3.741687287971492,0.3047192331091634,0.9524422234305676,False,train
-0.6594807157085837,1,0.0233874682970986,1.0,8.541894186249468e-05,1.0,2022-01-25,Mexico City,1.089536290479336,-9.367942680095547,-3.755554942931812,0.4169258813287287,0.908940487313808,False,train
-0.1669550416926267,1,0.0227043439361816,1.0,8.164131301704859e-05,1.0,2022-02-01,Mexico City,3.641154064024384,-9.413175137140586,-3.785199009974927,0.5230943033491326,0.8522748088519838,False,train
-0.5609765295618643,1,0.0224589296323375,1.0,8.031592275422412e-05,1.0,2022-02-08,Mexico City,6.092534762511671,-9.429542665831425,-3.796066987426442,0.6216868902665479,0.7832658619336791,False,train
-0.5207749646234568,1,0.0255308402445485,1.0,8.99647950181488e-05,1.0,2022-02-15,Mexico City,2.7634848795124256,-9.31609213062458,-3.667868136223781,0.7112757519738152,0.7029130847082615,False,train
-0.1220566816366525,1,0.025322008895135,1.0,0.0001035006593161,1.0,2022-02-22,Mexico City,0.4872951965030912,-9.175932575075276,-3.676081344603235,0.7905633969115482,0.612380204990065,False,train
-0.1022343129171036,1,0.0250296223302469,1.0,0.000103283904488,1.0,2022-03-01,Mexico City,1.0367297890414322,-9.178029007260536,-3.687695262335993,0.8584015232918917,0.512978386299228,False,train
-0.0048211665947847,1,0.0244891014188011,1.0,6.580655274264152e-05,1.0,2022-03-08,Mexico City,1.1455098118708356,-9.628791138836904,-3.709527100451077,0.9138076496466615,0.4061472386305789,False,train
-0.5665809031753417,1,0.0244154397270634,1.0,6.332052710694229e-05,0.9411764705882352,2022-03-15,Mexico City,8.059181970161312,-9.667300998492392,-3.7125395711017886,0.9559793438440766,0.2934339689665273,False,train
0.0437072275845606,1,0.0282777229298339,1.0,0.0001137146340159,1.0,2022-03-22,Mexico City,0.0593865498631422,-9.081818458226001,-3.5656809599426067,0.984305844499033,0.17647097349152166,False,train
-0.0021239288180932,1,0.0289233562865323,1.0,9.047738927828908e-05,1.0,2022-03-29,Mexico City,0.0733351772315399,-9.310410580703012,-3.5431058342575534,0.998376906467142,0.056952196034039754,False,train
-0.4364616998769705,1,0.0282490120665737,1.0,8.61319074094847e-05,1.0,2022-04-05,Mexico City,12.095729601300656,-9.359630629704414,-3.5666967930959266,0.9979887423155984,-0.06339140486951038,False,train
-0.3968312497130413,1,0.026852230863552,1.0,5.9423642822286934e-05,0.9852941176470588,2022-04-12,Mexico City,2.6781868511102114,-9.730818383476304,-3.6174063753129175,0.9831469737221499,-0.1828169249850199,False,train
-0.6394152326104117,1,0.0267859291442044,1.0,7.913971086574442e-05,0.9779411764705882,2022-04-19,Mexico City,17.203611175205523,-9.444295775466482,-3.619878561275525,0.9540665500578387,-0.2995947563972602,False,train
-0.9260334389220926,1,0.0276041854619276,1.0,7.397545033672204e-05,1.0,2022-04-26,Mexico City,10.629982483104351,-9.5117772720085,-3.589787870585013,0.9111686353326631,-0.41203363695942635,False,train
-0.4574811309662651,1,0.0301539346864627,1.0,6.898685506432529e-05,1.0,2022-05-03,Mexico City,6.992326571848285,-9.581594577829774,-3.5014398606268706,0.8550745085896932,-0.518505144391157,False,train
-0.0068772877874501,1,0.0257647681541996,1.0,7.068207443963203e-05,1.0,2022-05-10,Mexico City,2.5799989511834434,-9.557318561203349,-3.6587472957210077,0.7865965660866021,-0.6174672802835514,False,train
-0.5367536312597324,1,0.0297566856107929,1.0,7.475986996399823e-05,1.0,2022-05-17,Mexico City,8.345698978277323,-9.501229314757795,-3.5147014458244894,0.7067265555776159,-0.7074868024503348,False,train
-0.3526238998114371,1,0.0261553363600052,1.0,5.917596143808928e-05,1.0,2022-05-24,Mexico City,10.037409273601492,-9.734995155326729,-3.643702041985891,0.6166212130956382,-0.7872599821916922,False,train
-0.4666904827533828,1,0.0236503658145841,1.0,6.104758383903835e-05,0.9926470588235294,2022-05-31,Mexico City,17.614989184512286,-9.70385693494687,-3.744376696316713,0.5175855102531889,-0.8556314858488706,False,train
-0.8807876439436853,1,0.0245021768621474,1.0,7.598458432187064e-05,0.9411764705882352,2022-06-07,Mexico City,34.74597613970537,-9.484980076122449,-3.7089933138622975,0.4110537546870351,-0.9116111071930239,False,train
-0.8527745768497457,1,0.0203549530407219,1.0,5.7495400831718787e-05,0.5772058823529411,2022-06-14,Mexico City,46.85336697881233,-9.763805598895308,-3.8944310040442556,0.2985688173637202,-0.9543881083175908,False,train
-0.7712953796169872,1,0.02045436502119,1.0,5.260922628752368e-05,0.8676470588235294,2022-06-21,Mexico City,51.675771375606345,-9.852619048896443,-3.8895589708012612,0.18175978759137534,-0.9833429613388902,False,train
-0.7919735716038634,1,0.0233603691587554,1.0,6.38798969808066e-05,1.0,2022-06-28,Mexico City,38.674147534157726,-9.65850584731747,-3.7567143181180644,0.062318379354325076,-0.998056320853012,False,train
-0.7528735411531289,1,0.0200930859242553,1.0,5.7572789949139e-05,0.8897058823529411,2022-07-05,Mexico City,42.5359904778766,-9.762460498593246,-3.907379506961024,-0.05802556932878035,-0.9983150972033183,False,train
-0.6850808482398261,1,0.0210698812201041,1.0,6.764194797183636e-05,0.7683823529411765,2022-07-12,Mexico City,59.65234069947609,-9.601282235238049,-3.8599106885761345,-0.17752914918703497,-0.984115542601034,False,train
-0.6255936617722346,1,0.0206501458818797,1.0,7.434262834861274e-05,1.0,2022-07-19,Mexico City,25.91240168595318,-9.506826037941144,-3.8800328951022425,-0.2944616217868012,-0.9556633054034704,False,train
-0.8421194537013726,1,0.0195167163492635,1.0,4.988336197282794e-05,0.9264705882352942,2022-07-26,Mexico City,61.03061902928254,-9.905823038204312,-3.936483931960051,-0.4071294853542516,-0.9133704517637858,False,train
-0.495009423532423,1,0.020084425175179,1.0,6.622376718243946e-05,0.9926470588235294,2022-08-02,Mexico City,23.635355425831868,-9.622471138571116,-3.9078106311881577,-0.5139010013093103,-0.8578494977869301,False,train
-0.7186162982950448,1,0.0196147939743468,1.0,8.062120718478173e-05,0.8455882352941176,2022-08-09,Mexico City,62.33852105384314,-9.425748826624252,-3.9314712028503283,-0.6132298262997502,-0.7899045386224707,False,train
-1.0119619706241625,1,0.0188121061778895,0.9963235294117648,7.049337595695793e-05,0.5220588235294118,2022-08-16,Mexico City,62.16702737298919,-9.55999181061772,-3.9732546707578376,-0.7036774074790128,-0.7105196029692745,False,train
-0.6799033986897958,1,0.0189508466738298,1.0,5.282327752385573e-05,0.8713235294117647,2022-08-23,Mexico City,52.574610102501424,-9.848558602209005,-3.9659066690940215,-0.7839338166829201,-0.620844401650647,False,train
-0.7996526598210033,1,0.0182752356244413,1.0,4.6897669801062726e-05,0.8235294117647058,2022-08-30,Mexico City,48.23155940685459,-9.96754256815866,-4.002208380163131,-0.8528367217694595,-0.522177676659508,False,train
-0.9122920497017848,1,0.0209371461877437,1.0,5.784942267151711e-05,0.8455882352941176,2022-09-06,Mexico City,51.96996198146963,-9.757667084123442,-3.866230368035456,-0.9093882203647925,-0.4159483918249421,False,train
-0.6731117305158908,1,0.0198127832323076,0.9889705882352942,4.599701691043217e-05,0.5147058823529411,2022-09-13,Mexico City,58.04134274023092,-9.986934013351231,-3.9214279318098426,-0.9527692922168511,-0.30369503751065885,False,train
-0.6384682908660064,1,0.0203362563400056,1.0,5.03988159606531e-05,0.9375,2022-09-20,Mexico City,26.065095523057472,-9.895542876007097,-3.895349959382108,-0.9823516608469237,-0.18704334906991657,False,train
-0.8525821003418271,1,0.023355339489001,1.0,7.761518529911571e-05,0.9779411764705882,2022-09-27,Mexico City,14.732890112945483,-9.463747463075,-3.7569296491028417,-0.9977068927101168,-0.06768276175455162,False,train
-0.8277913768524834,1,0.022370601335621,1.0,7.7965925345738e-05,0.8308823529411765,2022-10-04,Mexico City,37.390124650136755,-9.459238681265248,-3.800007622499375,-0.9986126020839734,0.052658056924614005,False,train
-0.5848572198118621,1,0.0226866289323357,1.0,6.93593316429276e-05,1.0,2022-10-11,Mexico City,9.741102605523484,-9.576209861597706,-3.785979561861164,-0.9850556718215013,0.172236243027682,False,train
-0.943560510339468,1,0.0233485689986806,1.0,8.420829466952297e-05,0.7977941176470589,2022-10-18,Mexico City,33.639150856063054,-9.382217130053409,-3.7572195815983034,-0.957232443323312,0.2893199776186952,False,train
-0.7438319205573104,1,0.0228449981590048,1.0,8.030536323288891e-05,0.8161764705882353,2022-10-25,Mexico City,10.408335445962315,-9.429674149293104,-3.779023084553257,-0.9155458729775467,0.40221356823680365,False,train
-0.7059572227793951,1,0.0219434650757955,1.0,8.876293087397719e-05,1.0,2022-11-01,Mexico City,5.405907650144684,-9.329541440233486,-3.819285902430524,-0.8605996962501181,0.5092820071573356,False,train
-0.5275172991336691,1,0.0226150605249183,1.0,9.590553800794973e-05,1.0,2022-11-08,Mexico City,0.7266364873392065,-9.252146830005517,-3.7891391997384987,-0.7931896839451843,0.6089746507720486,False,train
-0.6643754272117675,1,0.0236831587778252,1.0,0.0001099051796267,1.0,2022-11-15,Mexico City,11.526581113454744,-9.115892567304062,-3.7429910835287306,-0.7142921172691032,0.699847677146407,False,train
-0.6051543693585947,1,0.0222301439874369,1.0,9.579515871589984e-05,0.9558823529411764,2022-11-22,Mexico City,7.336815149365945,-9.253298409589048,-3.8063060738593566,-0.6250496486104377,0.7805849965070866,False,train
-0.4699670639280163,1,0.0226955052646144,1.0,0.0001208735775304,1.0,2022-11-29,Mexico City,4.840043114204743,-9.0207653723643,-3.7855883800646724,-0.5267547528105542,0.8500173118187018,False,train
-0.5373814652330148,1,0.0232605705038923,1.0,0.0001323575198693,1.0,2022-12-06,Mexico City,0.2697684912428053,-8.930003812852359,-3.7609956049399433,-0.42083100859565564,0.9071390534005044,False,train
-0.2212636622898718,1,0.0240066575901861,1.0,0.0001378882253159,1.0,2022-12-13,Mexico City,0.0116539050887312,-8.889067162482084,-3.7294240875112568,-0.30881248126625377,0.9511229423235357,False,train
-0.6337963267670801,1,0.0237767404571106,1.0,0.0001257033989708,0.9963235294117648,2022-12-20,Mexico City,8.994365139281884,-8.981585402393163,-3.7390474678836663,-0.19232150523909483,0.9813319716704275,False,train
-0.5807256483818065,1,0.021486103970237,1.0,8.338231684118439e-05,0.9742647058823528,2022-12-27,Mexico City,2.000504217676519,-9.392074299363909,-3.8403488797735563,-0.07304518821104743,0.9973286321364752,False,train
-0.2233594763774732,1,0.0235955347825361,1.0,0.0001115892720586,1.0,2023-01-03,Mexico City,0.8060265436498991,-9.100685641144873,-3.7466977889817583,0.051584366869408364,0.9986686402879997,False,train
-0.5821017616141583,1,0.0256462315769983,1.0,0.0001348768615826,1.0,2023-01-10,Mexico City,2.1418746944501197,-8.911148332200597,-3.663358635234819,0.17117705961019986,0.985240282501282,False,train
-0.3647870421828621,1,0.024494776802475,1.0,0.0001422217099478,1.0,2023-01-17,Mexico City,0.1359575755447659,-8.85812338032285,-3.7092953758957585,0.2882906407095177,0.9575429528116719,False,train
-0.1496227048762617,1,0.0241948862288606,1.0,0.0001336625773719,1.0,2023-01-24,Mexico City,0.4863741753804673,-8.920192013021477,-3.721613981006204,0.4012289854475009,0.9159777842484877,False,train
-0.0644583099158106,1,0.02419056745191,1.0,0.0001100560128941,1.0,2023-01-31,Mexico City,0.1501966301382835,-9.11452111364614,-3.7217924965158677,0.5083564379375122,0.8611467540480452,False,train
-0.6117840724901452,1,0.0257934106629508,1.0,0.0001090711206175,1.0,2023-02-07,Mexico City,3.1721778002116587,-9.12351040578008,-3.6576362203356902,0.6081214998935418,0.7938439653781019,False,train
0.1314105348445308,1,0.0233568143105261,1.0,9.732446725360418e-05,1.0,2023-02-14,Mexico City,0.1980232148429037,-9.237460138373267,-3.7568665040150804,0.6990793005655562,0.7150441465537444,False,train
-0.1074419514480765,1,0.0238824426789273,1.0,0.0001028392150863,1.0,2023-02-21,Mexico City,0.0800900457428748,-9.182343807973192,-3.73461170595165,0.7799125224167177,0.6258885343075018,False,train
-0.2130959045508933,1,0.0250119754204765,1.0,9.473104402851644e-05,1.0,2023-02-28,Mexico City,0.6972500498096563,-9.264468797040587,-3.688400551986808,0.8494504794814806,0.527668345562516,False,train
-0.2182024438058654,1,0.0260828865026438,1.0,0.0001048475402879,1.0,2023-03-07,Mexico City,7.342059544438372,-9.16300326023439,-3.646475869265775,0.9066860720977985,0.4218060770826634,False,train
-0.5937624073753717,1,0.0251995516602775,1.0,6.42534850250947e-05,0.9963235294117648,2023-03-14,Mexico City,17.658960829414955,-9.652674594024255,-3.680929075881855,0.9507903724625832,0.3098349038318025,False,train
-0.2510702590536237,1,0.0275389280902993,1.0,8.41510853669909e-05,1.0,2023-03-21,Mexico City,2.716847341394601,-9.382896739407181,-3.5921547083599736,0.981124629771712,0.19337647441020586,False,train
-0.4425451579765773,1,0.0277549708361745,1.0,7.419812317996426e-05,1.0,2023-03-28,Mexico City,9.68343427592814,-9.508771702181402,-3.584340325599905,0.9972495210773451,0.07411742515094437,False,train
-0.3647364450224749,1,0.0257735500429757,1.0,4.073476423440526e-05,0.9779411764705882,2023-04-04,Mexico City,7.175272680890683,-10.10842867200766,-3.6584065050561865,0.9989315138848577,-0.046215046983708354,False,train
-0.6500166225478426,1,0.0258308850428006,1.0,6.452549606961824e-05,0.9963235294117648,2023-04-11,Mexico City,20.17363948394983,-9.64845012436717,-3.656184408318897,0.986146248341595,-0.16587819893463143,False,train
-0.7220504401235163,1,0.0262767477192019,1.0,6.172102500419701e-05,0.9669117647058824,2023-04-18,Mexico City,3.985457777813967,-9.692885923280626,-3.639070848001103,0.9590788900341131,-0.28313898122818354,False,train
-0.1878590979911334,1,0.0300413440580693,1.0,5.3275364944081046e-05,1.0,2023-04-25,Mexico City,0.7951663231630083,-9.840036529809137,-3.505180710807838,0.9181214482844365,-0.39629913726891813,False,train
-0.5352690419170012,1,0.0314771196070935,1.0,5.767973202816469e-05,0.9595588235294118,2023-05-02,Mexico City,20.98143474483159,-9.76060471083463,-3.458494358758579,0.8638670987837349,-0.503719798736334,False,train
-0.7198391919289644,1,0.0278205493079924,0.9816176470588236,5.622156953315496e-05,0.8161764705882353,2023-05-09,Mexico City,17.123338579726155,-9.786210075174496,-3.5819803476065597,0.7971015927871943,-0.6038452208771035,False,train
-0.7431465761283979,1,0.026899390083221,1.0,7.612346616953627e-05,0.7022058823529411,2023-05-16,Mexico City,24.399835039956624,-9.48315398097745,-3.615651666117599,0.7187918772884232,-0.6952253139408723,False,train
-0.6177314291022954,1,0.0262096451014924,1.0,7.153674150366382e-05,0.9117647058823528,2023-05-23,Mexico City,44.3392369042495,-9.545299373064731,-3.6416278023149022,0.6300720909843687,-0.7765366444428655,False,train
-0.6547857660838111,1,0.0258030312766673,1.0,5.925534518548337e-05,0.8860294117647058,2023-05-30,Mexico City,4.782004469549807,-9.733654567917096,-3.657263302612439,0.5322271388474397,-0.8466016020976267,False,train
-0.4709438314930055,1,0.0244843278036205,1.0,6.110921971109915e-05,0.9889705882352942,2023-06-06,Mexico City,15.875365764855507,-9.702847807734958,-3.7097220475998274,0.42667408318992467,-0.9044054548343001,False,train
0.0499758920367096,1,0.0250617704335043,1.0,6.229859551584244e-05,1.0,2023-06-13,Mexico City,0.3590878962963625,-9.683571676311944,-3.6864116842241654,0.31494162072895193,-0.9491110448902284,False,train
-0.153143312115294,1,0.0236550485748855,1.0,5.433700905458625e-05,1.0,2023-06-20,Mexico City,7.687921496679747,-9.820304996802465,-3.7441787164289084,0.19864794288017112,-0.9800709131432666,False,train
-0.7943989124376855,1,0.0214924138906288,1.0,6.834105163463316e-05,0.8492647058823529,2023-06-27,Mexico City,45.22090258738116,-9.590999923121702,-3.8400552484083446,0.07947729992362097,-0.9968366760893436,False,train
-0.6794089781929944,1,0.021291559292088,1.0,5.7020969790172314e-05,0.6948529411764706,2023-07-04,Mexico City,45.488030587983474,-9.77209146672939,-3.849444562172143,-0.04084439154329611,-0.9991655196610109,False,train
-0.5384160453847213,1,0.0216820032777945,1.0,7.527762996448093e-05,1.0,2023-07-11,Mexico City,23.615636279742937,-9.494327546120036,-3.8312727045672115,-0.16057454459499376,-0.9870237158387383,False,train
-0.743973096961955,1,0.0205614349159512,1.0,6.763178339548541e-05,0.9301470588235294,2023-07-18,Mexico City,39.31199752033539,-9.601432516837697,-3.8843380491986275,-0.2779791393987801,-0.9605871111248129,False,train
-0.7229164167153274,1,0.0216753131986513,0.9889705882352942,7.844024875402019e-05,0.8602941176470589,2023-07-25,Mexico City,62.20140048480781,-9.453173385376239,-3.8315813066551625,-0.3913578365610259,-0.9202385798054075,False,train
-0.8006682582613064,1,0.0211016493572053,1.0,4.926379089573606e-05,0.9742647058823528,2023-08-01,Mexico City,70.67358526528352,-9.918321211356417,-3.858404072967192,-0.4990686026885319,-0.8665624788845385,False,train
-0.7325636541748638,1,0.0226218476722644,1.0,6.589136030707389e-05,0.9963235294117648,2023-08-08,Mexico City,29.23805163596296,-9.627503228129877,-3.7888391285060687,-0.5995514915196489,-0.8003361849976323,False,train
-0.7881680541042048,1,0.0206812637967464,1.0,5.585757678897104e-05,0.75,2023-08-15,Mexico City,53.36658632408068,-9.792705378463893,-3.878527119180817,-0.6913512362094071,-0.722518835873311,False,train
-0.7631832230532326,1,0.0209442622498951,0.9705882352941176,6.309690189027883e-05,0.4889705882352941,2023-08-22,Mexico City,38.374684853240026,-9.670838888033268,-3.8658905484121275,-0.7731383255706027,-0.6342374393978054,True,train
-0.8955782322668301,1,0.0242987522989228,1.0,6.785133109028389e-05,0.9669117647058824,2023-08-29,Mexico City,50.82287755818111,-9.59819155374342,-3.7173302756772126,-0.8437282590292712,-0.5367705514607103,False,train
-0.5963234684790779,1,0.0208811680476263,1.0,4.3486366713488335e-05,1.0,2023-09-05,Mexico City,21.182901311719355,-10.04306307787779,-3.8689075765540664,-0.9020987014301837,-0.4315297589714715,False,train
-0.6798709716718517,1,0.022901128229538,1.0,6.654442700851414e-05,0.9779411764705882,2023-09-12,Mexico City,40.55028471783979,-9.617640758049435,-3.7765691019701397,-0.9474042892438845,-0.32003923622313857,False,train
-0.3556496493468946,1,0.021705485126073,1.0,6.342428671213088e-05,1.0,2023-09-19,Mexico City,9.510949114056231,-9.665663698704865,-3.8301902795901017,-0.9789888737409319,-0.20391367068311472,False,train
-0.6261014105663789,1,0.0219555976349487,1.0,6.560409467336883e-05,1.0,2023-09-26,Mexico City,7.382360320379177,-9.631872445160848,-3.8187331544348755,-0.9963950238187231,-0.08483487790576538,False,train
-0.6637843639765639,1,0.0241468324632975,1.0,7.089642005280328e-05,0.9705882352941176,2023-10-03,Mexico City,46.05483832019464,-9.554290618609278,-3.723602068425966,-0.9993706508539969,0.03547255575312556,False,train
-0.756276778678363,1,0.0217081610327714,0.9705882352941176,8.096716977237476e-05,0.8970588235294118,2023-10-10,Mexico City,37.293664628572,-9.421466796904888,-3.830067004678246,-0.9878726596350429,0.15526624985999563,False,train
-0.5540403614320886,1,0.0255524976004842,1.0,0.0001146013629157,0.9963235294117648,2023-10-17,Mexico City,1.7658830238414551,-9.074050860947198,-3.6670202136663717,-0.9620675724981452,0.27281126433401914,False,train
-0.4611997571057941,1,0.0236779231324995,1.0,8.043612625098783e-05,0.9779411764705882,2023-10-24,Mexico City,22.18958141749959,-9.428047151218566,-3.7432121783659196,-0.9223291176290545,0.3864052261209853,False,train
-0.6524371527449742,1,0.0249668827504077,1.0,0.0001091471214305,1.0,2023-10-31,Mexico City,2.83814810693599,-9.122813847918009,-3.690205022275032,-0.8692328164574792,0.4944029842076182,False,train
-0.8254497367420591,1,0.0242391512450897,1.0,8.715764994423849e-05,0.9926470588235294,2023-11-07,Mexico City,17.546191384815412,-9.347792010800244,-3.7197861330355644,-0.8035476485339116,0.5952404359043674,False,train
-0.0595948505300795,1,0.0237739205768434,1.0,0.0001201811938385,1.0,2023-11-14,Mexico City,3.5145411804156153,-9.026510005354295,-3.7391660731862713,-0.7262249146041543,0.6874571793269664,False,train
-0.733414686815751,1,0.0230054405255289,1.0,0.0001059742843464,1.0,2023-11-21,Mexico City,16.972695431578423,-9.15231409379013,-3.7720245464370343,-0.6383844591746642,0.769717664006921,False,train
-0.8729816886704712,1,0.0228328256303854,1.0,0.0001037285366261,0.6213235294117647,2023-11-28,Mexico City,14.64469517948866,-9.173733296148248,-3.779556057794875,-0.5412984521036173,0.8408305333122887,False,train
-0.4898669536579634,1,0.0235376025024965,1.0,0.0001308954905386,0.8051470588235294,2023-12-05,Mexico City,21.401795781654037,-8.941111335308745,-3.7491560301492304,-0.4363729641045924,0.8997658785476209,False,train
-0.7165669783637844,1,0.0241749392031942,0.9889705882352942,0.0001181828082669,1.0,2023-12-12,Mexico City,11.495572168780493,-9.04327790970511,-3.7224387525086424,-0.3251276029999093,0.9456701548465688,False,train
-0.521954534562074,1,0.0256651805744935,1.0,0.0001492677380345,1.0,2023-12-19,Mexico City,0.2076011170189904,-8.809768964951058,-3.662620047167873,-0.20917350564635637,0.9778785428342386,False,train
-0.4126797973114114,1,0.0260182418078043,1.0,0.0001083699966055,1.0,2023-12-26,Mexico City,4.402258220319318,-9.129959291352614,-3.648957378980007,-0.09019000427034513,0.9959245770286599,False,train
-0.0512087851567337,1,0.0230681789367613,1.0,8.57305140057747e-05,1.0,2024-01-02,Mexico City,1.5961032821869834,-9.364301739656744,-3.769301146333388,0.03439806061360801,0.9994082116062598,False,train
-0.6740789001703044,1,0.0243709902243145,0.9742647058823528,0.0001472112485517,1.0,2024-01-09,Mexico City,0.0042508401570131,-8.823641937797673,-3.7143617792482972,0.1542040475626894,0.988039023376751,False,train
-0.5926232122013121,1,0.0248046912782363,0.9926470588235294,0.0001558066464103,1.0,2024-01-16,Mexico City,6.492003600340675,-8.766894765551141,-3.696722479255526,0.2717767384711357,0.9623603298276545,False,train
-0.220485473125556,1,0.0243292600860215,1.0,9.91478256228032e-05,1.0,2024-01-23,Mexico City,0.3680858513670707,-9.218898633417425,-3.7160755342388927,0.38541335945432564,0.9227440286201427,False,train
-0.3061763142366686,1,0.0230771592505605,1.0,9.780959806462816e-05,1.0,2024-01-30,Mexico City,0.6514486261800866,-9.232487846018765,-3.7689119276488867,0.49346814167723735,0.8697638720650646,False,train
0.0618094943606388,1,0.02498440746395,1.0,0.0001182122680916,1.0,2024-02-06,Mexico City,0.0081393496667049,-9.043028667417103,-3.6895033501385925,0.5943761565849831,0.804187157621448,False,train
-0.6590080220414658,1,0.0249953106020144,0.9926470588235294,0.0001093391012071,1.0,2024-02-13,Mexico City,14.528794605203768,-9.121056484696746,-3.6890670476279235,0.6866759803451553,0.726963615332308,False,train
-0.0341025913418533,1,0.0271874766741426,1.0,0.0001356570875803,1.0,2024-02-20,Mexico City,0.0900908424626142,-8.905380271198833,-3.604998828096173,0.7690308592589181,0.6392116531380588,False,train
-0.1405617107880684,1,0.0275855780817199,1.0,0.0001037579938917,1.0,2024-02-27,Mexico City,0.0585383585566816,-9.173449352263077,-3.590462176098137,0.8402480696078469,0.5422021592729844,False,train
0.1718236805676406,1,0.0269101447375994,1.0,8.958385754212183e-05,1.0,2024-03-05,Mexico City,0.0595692394801828,-9.320335415574645,-3.6152519356773563,0.8992961915530253,0.4373400963303323,False,train
-0.1627352308934205,1,0.0271406789817867,1.0,8.41075495126094e-05,1.0,2024-03-12,Mexico City,0.1003818221244387,-9.383414226731194,-3.6067216071364476,0.945320046913132,0.3261441535642696,False,train
-0.2965408080873172,1,0.0269882383255941,1.0,5.866807496145187e-05,1.0,2024-03-19,Mexico City,0.6035699857430108,-9.7436148468576,-3.612354125457294,0.9776530844816641,0.2102247521189836,False,train
0.1588591567381168,1,0.0349179349281631,1.0,7.217986068094783e-05,1.0,2024-03-26,Mexico City,0.0498935446384902,-9.536349488912926,-3.354754686982689,0.9958270335100595,0.09126072172931188,False,train
-0.1045298118171595,1,0.0291463109087109,1.0,6.838550129549095e-05,1.0,2024-04-02,Mexico City,0.1918405447070079,-9.590349725168618,-3.5354269296417624,0.9995786855478958,-0.029025013321975237,False,train
0.0057693042274176,1,0.030427982770902,1.0,6.441924341722576e-05,1.0,2024-04-09,Mexico City,0.1687526034383505,-9.650098158662543,-3.492392608072364,0.9888537064205885,-0.1488903868564548,False,train
-0.3729015750823911,1,0.0330915986970578,0.9926470588235294,8.172998492163785e-05,1.0,2024-04-16,Mexico City,9.997990748090626,-9.412089610926184,-3.4084758446146592,0.9638074231367307,-0.26659942067929354,False,train
-0.5037187371449405,1,0.0331932106553806,1.0,5.8672414444084225e-05,0.9963235294117648,2024-04-23,Mexico City,4.75055167361443,-9.743540882914612,-3.405409922304239,0.9248025743285089,-0.38044736628785164,False,train
-0.7738724389299121,1,0.035515569928717,1.0,7.341491348696065e-05,0.9742647058823528,2024-04-30,Mexico City,1.6171687072820595,-9.51938346196101,-3.3377840891117225,0.8724040568049612,-0.48878539428899265,False,train
-0.3028802896662995,1,0.0371290069993073,1.0,7.708210348963839e-05,1.0,2024-05-07,Mexico City,2.2460994850538394,-9.470639425096143,-3.2933567550423075,0.8073707443023492,-0.5900444739548627,False,train
-0.5141558141256419,1,0.0338349363328657,1.0,5.950929768428095e-05,1.0,2024-05-14,Mexico City,7.1564446449548225,-9.729377994019215,-3.3862613909942447,0.7306444969184916,-0.6827580970759147,False,train
-0.3983041979963511,1,0.0299992130570094,1.0,7.377557281784985e-05,1.0,2024-05-21,Mexico City,10.142357543765446,-9.514482872775718,-3.506584129097052,0.6433365204044917,-0.765583517007675,False,train
-0.3840837200533382,1,0.0306619220508512,1.0,7.080198299746074e-05,1.0,2024-05-28,Mexico City,6.373534928008159,-9.555623549218119,-3.484733718304033,0.5467112728685939,-0.8373211953118121,False,train
-0.5346377816115305,1,0.0345904682044768,1.0,7.172407985093793e-05,0.9963235294117648,2024-06-04,Mexico City,7.366194725805687,-9.54268402502629,-3.364177120291283,0.44216815196707204,-0.8969321743510065,False,train
-0.1967960490669749,1,0.0288861348980349,1.0,6.062079529659676e-05,1.0,2024-06-11,Mexico City,4.565602245679677,-9.710872567044285,-3.544393560299703,0.3312212278016865,-0.9435531242349544,False,train
-0.8575009370145457,1,0.0241738575322245,1.0,6.95039247665797e-05,0.8860294117647058,2024-06-18,Mexico City,64.80540031906374,-9.574127335526402,-3.7224834969921834,0.21547731504673012,-0.976508846196619,False,train
-0.599701335844406,1,0.0236484129703113,0.9742647058823528,6.255955062693742e-05,0.5661764705882353,2024-06-25,Mexico City,138.06763700290946,-9.679391644826268,-3.7444592711452427,0.0966127018812031,-0.9953220513156602,False,train
-0.592770883528466,1,0.0222478860650869,1.0,5.970664615375918e-05,0.9558823529411764,2024-07-02,Mexico City,34.26372314253292,-9.726067217903369,-3.8055082831941642,-0.023651127245231586,-0.9997202729664083,False,train
-0.8795040912701958,1,0.0217565902403572,1.0,3.563919700784987e-05,0.6764705882352942,2024-07-09,Mexico City,71.11006050285064,-10.242064486259427,-3.827838567785886,-0.1435724234118113,-0.9896398128792412,False,train
-0.8616667938544091,1,0.0223070651325783,0.9889705882352942,4.144437679111848e-05,0.6764705882352942,2024-07-16,Mexico City,77.37150995813023,-10.09115834804389,-3.802851828604871,-0.2614143985111562,-0.965226663665613,False,train
-0.8378434265694416,1,0.022150463009239,1.0,5.556939108165703e-05,0.8014705882352942,2024-07-23,Mexico City,70.95151878850173,-9.797878028413656,-3.8098968793578165,-0.3754703786876202,-0.9268343944460494,False,train
-0.8458460708190402,1,0.0210137905994862,1.0,4.616694633301134e-05,0.875,2024-07-30,Mexico City,46.97179573034936,-9.98324646326858,-3.862576361575034,-0.48408852163897587,-0.8750190302029955,False,train
-0.9740241332627098,1,0.0214088330939071,1.0,6.023588167824231e-05,0.8345588235294118,2024-08-06,Mexico City,63.93309826331715,-9.717242342044667,-3.8439516807193552,-0.5856957398073508,-0.8105309990194823,False,train
-0.815024656732444,1,0.0218157204433781,1.0,4.642694199451698e-05,0.8823529411764706,2024-08-13,Mexico City,58.89660673588372,-9.977630620808423,-3.8251244478142197,-0.6788204829862357,-0.734304263829602,False,train
-1.005515549376094,1,0.0223811955557069,1.0,4.534135747812986e-05,0.9154411764705882,2024-08-20,Mexico City,24.148724157286143,-10.001290973365508,-3.799534156805493,-0.7621140503891487,-0.6474427960827475,False,train
-0.9043421469618904,1,0.0228120062057835,1.0,5.466989812415566e-05,0.75,2024-08-27,Mexico City,77.04020902727623,-9.814197308527994,-3.7804682936475738,-0.8343701235229537,-0.5512045872199277,False,train
-0.8879491230483011,1,0.0221815674514442,1.0,4.874974008245558e-05,0.5845588235294118,2024-09-03,Mexico City,42.71380293896312,-9.928810692176567,-3.808493629969689,-0.8945422369764496,-0.4469834295196742,False,train
-1.0690961662301135,1,0.0264934443103644,1.0,5.439577014779433e-05,0.6213235294117647,2024-09-10,Mexico City,73.17312316065151,-9.819224161761559,-3.630857961109108,-0.9417589340994617,-0.33628873017668287,False,train
-0.939314938467228,1,0.0249227748690177,1.0,5.018364222598163e-05,0.8566176470588235,2024-09-17,Mexico City,36.49264995033801,-9.899821436439993,-3.691973240177779,-0.9753363880767837,-0.2207236509605022,False,train
-0.6821269045324544,1,0.0241600841232706,1.0,6.941652669442592e-05,0.3345588235294117,2024-09-24,Mexico City,98.42333470580236,-9.575385581994293,-3.7230534239981328,-0.994788305609327,-0.10196189005174576,True,train
-0.8486572405719994,1,0.0244145288099267,0.9963235294117648,7.246696923177066e-05,0.5845588235294118,2024-10-01,Mexico City,39.21302310793525,-9.532379696722565,-3.7125768808590585,-0.999832969770105,0.018276557681691223,False,train
-0.8476598445508675,1,0.0258638273179226,1.0,8.404792129413853e-05,1.0,2024-10-08,Mexico City,14.797115003877746,-9.38412343019254,-3.6549099151231044,-0.9903973200352558,0.13825031091098192,False,train
-0.6532179354062364,1,0.0238765155449786,1.0,7.841608468371649e-05,0.9117647058823528,2024-10-15,Mexico City,23.58967201005959,-9.453481489868615,-3.7348599163062954,-0.9666180104000972,0.2562218218071163,False,train
-0.6498700428272542,1,0.0234291292363613,1.0,9.782711417924958e-05,0.9742647058823528,2024-10-22,Mexico City,8.879276998977545,-9.232308778251092,-3.7537751916275988,-0.9288394302558068,0.3704825404820963,False,train
-1.0849366294557266,1,0.0239914528084035,1.0,8.25881081664679e-05,0.7058823529411765,2024-10-29,Mexico City,14.25591883965396,-9.401644856730822,-3.73005764504779,-0.8776087166898392,0.4793776594606945,False,train
-0.3274818910878086,1,0.0252670733324038,1.0,0.0001016878304087,1.0,2024-11-05,Mexico City,2.0921384626963335,-9.193602923734488,-3.6782531801814247,-0.8136678304455991,0.5813300798152042,False,train
-0.4423346684298797,1,0.0254690710153398,1.0,0.0001033580679601,1.0,2024-11-12,Mexico City,0.1223756660771022,-9.17731121044118,-3.6702904643371537,-0.7379428103031386,0.6748632518680403,False,train
-0.5289111147847678,1,0.0244503939775601,1.0,0.0001435337573847,1.0,2024-11-19,Mexico City,11.765904841507044,-8.848940307330963,-3.7111089495894385,-0.6515303615068021,0.75862255966641,False,train
-0.156720440849381,1,0.025101100566347,1.0,0.0001601824362601,1.0,2024-11-26,Mexico City,0.1001662504938762,-8.73919716566948,-3.6848435865408415,-0.5556819724760489,0.8313949395234058,False,train
-0.3428437832772524,1,0.0261515357269367,1.0,0.0001247284338189,1.0,2024-12-03,Mexico City,0.7078628346035395,-8.989371713476483,-3.643847362588082,-0.451785789832884,0.8921264484954345,False,train
-0.5477572238893752,1,0.0264350047642616,1.0,0.0001248542598474,1.0,2024-12-10,Mexico City,0.7872267928594285,-8.988363422097688,-3.6330662090692205,-0.34134651424503615,0.9399375283564133,False,train
-0.6303133470677282,1,0.0237440462101732,1.0,0.0001426821457868,1.0,2024-12-17,Mexico City,11.36362140016364,-8.854891158430517,-3.7404234658158906,-0.22596360824801906,0.974135744004672,False,train
-0.4058442663583572,1,0.0268389616759445,1.0,0.0001155423647676,1.0,2024-12-24,Mexico City,2.1733211869031086,-9.065873300730418,-3.6179006533220304,-0.10730813165636247,0.9942258118156161,False,train
-0.854046136874692,1,0.0250218466105759,1.0,0.0001102669111657,1.0,2024-12-31,Mexico City,4.956929203769462,-9.112606666142199,-3.688005971288122,0.012901459949419653,0.9999167727021953,False,train
-0.6820178553108504,1,0.0219478900477501,1.0,9.70872547983048e-05,0.9963235294117648,2025-01-07,Mexico City,12.048497446922289,-9.239900449796002,-3.819084269468537,0.1201261651823505,0.9927586335250793,False,train
-0.7000777332823737,1,0.0246316235579537,1.0,0.0001050666056868,1.0,2025-01-14,Mexico City,3.84913753028909,-9.16091606904096,-3.703724151119066,0.23851257519407648,0.9711394088771653,False,train
-0.4960358142449144,1,0.027295068236759,1.0,0.0001130166245461,1.0,2025-01-21,Mexico City,0.6852988863858575,-9.087975630196011,-3.601049243778689,0.3534446712740877,0.9354554315134164,False,train
-0.8439661333321401,1,0.0260188118196629,1.0,0.0001027273975888,1.0,2025-01-28,Mexico City,6.999097475545619,-9.183431703590802,-3.648935471057906,0.4632579225674917,0.88622350294858,False,train
-0.3707935858539665,1,0.0259282139266242,1.0,0.0001006183742715,1.0,2025-02-04,Mexico City,3.766008832014814,-9.204175670142542,-3.6524235623814874,0.5663619330814524,0.8241566360566663,False,train
-0.8006124803300774,1,0.0241826264562092,1.0,8.80302477637637e-05,0.9852941176470588,2025-02-11,Mexico City,6.609415682502597,-9.337830077957607,-3.7221208186765757,0.6612634749656386,0.7501537286959042,False,train
-0.8561154137349198,1,0.0239691173178949,1.0,9.463809551496318e-05,0.9816176470588236,2025-02-18,Mexico City,29.598739023987388,-9.265450461964889,-3.730989055665491,0.746588114532413,0.6652865452111116,False,train
-0.4922460842902383,1,0.0277372817852386,1.0,0.0001057364463222,1.0,2025-02-25,Mexico City,3.679898038873661,-9.154560915417957,-3.5849778578931324,0.8211001178128892,0.5707841943569036,False,train
-0.3706223865898983,1,0.0264936582656103,1.0,8.444464041267555e-05,1.0,2025-03-04,Mexico City,0.4067917756287645,-9.379414381346388,-3.63084988536103,0.8837203473619977,0.4680153284438345,False,train
-0.0680343520212286,1,0.0269551417300767,1.0,8.447588504521648e-05,1.0,2025-03-11,Mexico City,0.0348227162654683,-9.37904444841121,-3.6135812120668525,0.9335418911179212,0.35846832151248087,False,train
-0.5461073452108042,1,0.0293144865365543,1.0,8.502573317390651e-05,1.0,2025-03-18,Mexico City,9.246122798875676,-9.372556604069011,-3.529673464102118,0.969843196967294,0.24372971360968387,False,train
-0.3146098912576318,1,0.0273100040189606,1.0,7.231322020206558e-05,1.0,2025-03-25,Mexico City,2.2192916736294652,-9.53450359348085,-3.6005021963357655,0.992098522791769,0.12546123335273648,False,train
-0.0660001297463634,1,0.0277007669508007,1.0,7.036292698979442e-05,1.0,2025-04-01,Mexico City,0.1501993750750573,-9.561844038764127,-3.586295178417605,0.9999855506507186,0.005375731557583884,False,train
0.183161838723895,1,0.0293217251563759,1.0,8.911163685123935e-05,1.0,2025-04-08,Mexico City,0.3782365199272617,-9.325620627624508,-3.5294265648004957,0.9933900548258936,-0.11478762552212701,False,train
-0.2095114962109626,1,0.0309619192013017,1.0,6.477393449780628e-05,1.0,2025-04-15,Mexico City,0.6167906763805304,-9.644607280932654,-3.474997242475766,0.9724075561219968,-0.23328854407545518,False,train
-0.3338083914692292,1,0.0287026783008359,1.0,7.38905064863152e-05,1.0,2025-04-22,Mexico City,2.4817303912264435,-9.512926202588277,-3.55076483998404,0.9373419384643772,-0.3484108069446808,False,train
-0.6645980249985389,1,0.028233772326621,1.0,6.73956719513991e-05,0.9852941176470588,2025-04-29,Mexico City,3.616831244672272,-9.604929756478777,-3.5672364173544056,0.8887010478292915,-0.45848712914008766,False,train
-0.6011346009792723,1,0.0280665210147412,1.0,6.255751173888645e-05,0.9926470588235294,2025-05-06,Mexico City,12.791308903727629,-9.679424236513007,-3.573177835913963,0.8271893372462497,-0.5619233046832195,False,train
-0.5900619506216064,1,0.0287344962595104,1.0,7.190163499354776e-05,1.0,2025-05-13,Mexico City,4.840248143203925,-9.540211553669007,-3.5496569177308044,0.753697664392914,-0.6572212950663319,False,train
-0.9238821100635752,1,0.0287871485710881,1.0,7.108408294113031e-05,0.9963235294117648,2025-05-20,Mexico City,34.05162319195493,-9.551647114837225,-3.5478262216010994,0.6692903895412567,-0.7430009249440493,False,train
-0.7866683951974056,1,0.0259544300887748,0.9963235294117648,6.531318557628804e-05,0.5772058823529411,2025-05-27,Mexico City,96.55612093866844,-9.636316618998409,-3.6514129676101783,0.5751899607119775,-0.8180198708443175,False,train
-0.8744365330965257,1,0.02499914157223,1.0,4.821154463427766e-05,0.9191176470588236,2025-06-03,Mexico City,23.29407780053033,-9.939912050352937,-3.6889137918142683,0.47275920928627757,-0.881191653407483,False,train
-0.9686077246944172,1,0.0226963382484784,1.0,6.088025832640805e-05,0.7573529411764706,2025-06-10,Mexico City,86.48795902004598,-9.706601601213407,-3.7855516781464584,0.36348161248290634,-0.9316013725767187,False,train
-0.7473019441698164,1,0.0213924963839121,0.9264705882352942,4.803365483424233e-05,0.0919117647058823,2025-06-17,Mexico City,99.40777405905824,-9.943608650361819,-3.84471505470739,0.24893980855376657,-0.9685189578512204,True,train
-0.8037221379753192,1,0.0208266738058829,1.0,7.072928485373707e-05,0.5147058823529411,2025-06-24,Mexico City,85.65264279173344,-9.556650857900093,-3.8715207193268024,0.13079267585675922,-0.9914097417023038,False,train
-0.9330396829889084,1,0.0219252951111513,1.0,4.375364081727563e-05,0.9742647058823528,2025-07-01,Mexico City,36.46998625691645,-10.036935729942547,-3.82011428078477,0.01075130776352193,-0.9999422030204416,False,train
-0.8375156255763867,1,0.0215680224393082,1.0,5.448260925670312e-05,0.8933823529411765,2025-07-08,Mexico City,56.521268957509086,-9.817629003424386,-3.83654350385459,-0.10944576864891556,-0.993992768446958,False,val
-0.7872113331561594,1,0.0218624348041275,0.9889705882352942,5.392456123780853e-05,0.9007352941176472,2025-07-15,Mexico City,44.850447488791296,-9.827924502248655,-3.8229854207286555,-0.2280577712215198,-0.9736476020539838,False,val
-0.874399343275093,1,0.0214456273324547,1.0,5.451737534055497e-05,0.9558823529411764,2025-07-22,Mexico City,24.928883716927807,-9.816991093517164,-3.8422345083539704,-0.34336687399638804,-0.939201357453208,False,val
-0.6040524017564196,1,0.0205025563467493,1.0,5.569482023433592e-05,0.9926470588235294,2025-07-29,Mexico City,37.795278533167505,-9.795623409352805,-3.8872057007707244,-0.45370308603134424,-0.8911529104063088,False,val
-0.8456566657694695,1,0.021078695746348,1.0,5.674405623115714e-05,0.9117647058823528,2025-08-05,Mexico City,40.668584299134515,-9.776959643102813,-3.859492428838473,-0.5574684374327892,-0.8301981337405212,False,val
-0.915242947568366,1,0.0212458559709734,1.0,5.103299153246295e-05,0.9411764705882352,2025-08-12,Mexico City,55.74162739450787,-9.883038241591509,-3.8515934157599077,-0.65316012232693,-0.7572198192083127,False,val
-0.9011419720093238,1,0.0229977625970386,1.0,5.3898946038171966e-05,0.9411764705882352,2025-08-19,Mexico City,74.35548721320706,-9.828399634263288,-3.772358346174463,-0.7393922635959241,-0.673274892250183,False,val
-0.7137818974576929,1,0.0218587081554332,1.0,4.818747533885012e-05,0.8713235294117647,2025-08-26,Mexico City,41.87613275461499,-9.940411418415692,-3.8231558942547834,-0.8149159841660791,-0.5795791048257612,False,val
-1.078085941924069,1,0.0226052205277669,1.0,6.029720450916632e-05,0.7830882352941176,2025-09-02,Mexico City,58.531740650304904,-9.716224815021098,-3.7895744025757057,-0.8786374941610001,-0.4774894280028391,False,val
-1.1322169111126872,1,0.0211232243585807,1.0,4.695349102005556e-05,0.7279411764705882,2025-09-09,Mexico City,62.604641244329635,-9.966352998949564,-3.8573821633033205,-0.9296339319682695,-0.3684843993077793,False,val
-0.7257929359406129,1,0.0200089842779929,1.0,4.0439819566311074e-05,0.8713235294117647,2025-09-16,Mexico City,34.589954673298045,-10.11569562558479,-3.911573892394859,-0.9671667297977312,-0.2541427094613622,False,val
-1.0185622723306398,1,0.0216123320857555,1.0,5.977364419392038e-05,0.7757352941176471,2025-09-23,Mexico City,75.47025888493913,-9.724945726701959,-3.834491197314396,-0.9906923101615609,-0.13612033862266704,False,val
-1.05163226110251,1,0.0214885550145788,1.0,6.461098516620756e-05,0.7389705882352942,2025-09-30,Mexico City,54.8835024610309,-9.647126112619912,-3.8402348104870345,-0.9998699583618592,-0.016126573270657762,False,val
-0.6720477334812078,1,0.0205836035961024,1.0,4.323138926634726e-05,0.8639705882352942,2025-10-07,Mexico City,82.01332505398571,-10.048943723174983,-3.883260462053345,-0.9945667569706337,0.1041007489354256,False,val
-0.8105476301467399,1,0.0219478685501738,1.0,5.068339357576939e-05,0.9779411764705882,2025-10-14,Mexico City,5.301022185853008,-9.889912243905256,-3.8190852489516116,-0.9748595108374125,0.22282040779479959,False,val
-0.6537978828864879,1,0.0226325894174896,1.0,8.037270942549537e-05,0.9742647058823528,2025-10-21,Mexico City,1.5331537713159706,-9.428835874406731,-3.788364401777919,-0.9410336347451197,0.3383130181923075,False,val
-0.6736237873045816,1,0.022791043204426,1.0,9.64175565603003e-05,0.9742647058823528,2025-10-28,Mexico City,0.912278541220994,-9.246822250935155,-3.7813876621154803,-0.8935790198239952,0.4489059314938798,False,val
-0.4858507131620146,1,0.0249156591899862,1.0,0.0001129533253268,1.0,2025-11-04,Mexico City,1.535449330141239,-9.088535874785977,-3.6922587900436286,-0.8331829385891785,0.5529974600700271,False,val
-0.6989693804170621,1,0.0244742786638577,1.0,0.000135118593482,1.0,2025-11-11,Mexico City,1.4603243269631887,-8.90935769491796,-3.710132563365246,-0.7607200913564104,0.6490800741100398,False,val
-0.3861768391074454,1,0.0240285596882925,1.0,9.94520477361587e-05,1.0,2025-11-18,Mexico City,0.3182110257883488,-9.215834962266335,-3.728512169095348,-0.6772399381909491,0.7357622347736525,False,val
-0.5575218479367319,1,0.0221736323769887,1.0,9.052471369349152e-05,0.9889705882352942,2025-11-25,Mexico City,3.966687111975559,-9.309887665051717,-3.808851426781375,-0.5839514998576998,0.8117885474764613,False,val
-0.6372035655566134,1,0.0239300971007221,1.0,0.0001044799241874,0.9963235294117648,2025-12-02,Mexico City,6.496401352191055,-9.166515618054717,-3.732618319371713,-0.4822058478963526,0.8760579434344281,False,val
-0.6456116953955708,1,0.0223388320937819,1.0,0.0001006006249127,0.8161764705882353,2025-12-09,Mexico City,14.18533506383903,-9.204352088462064,-3.8014287654103516,-0.37347653741307074,0.9276396261490467,False,val
-0.4087914456336141,1,0.0236488340583278,1.0,0.0001102269806846,1.0,2025-12-16,Mexico City,6.027764491505444,-9.112968857413815,-3.7444414651187627,-0.2593382659754056,0.9657865518844574,False,val
-0.6905601409077174,1,0.0226427374406009,1.0,9.750969944047406e-05,0.9852941176470588,2025-12-23,Mexico City,8.738629307223485,-9.235558703467664,-3.787916121269065,-0.14144406768794202,0.9899462489023779,False,val
-0.4894921359555885,1,0.0242075277258863,1.0,9.65322001517887e-05,1.0,2025-12-30,Mexico City,0.7837623794424114,-9.245633924948818,-3.7210916311364244,-0.021501372740813793,0.999768818762748,False,val
-0.2560295507862786,1,0.0237937782153919,1.0,0.0001096026766541,1.0,2026-01-06,Mexico City,0.5820472728782055,-9.118648761722111,-3.7383311520020963,0.10303137904317879,0.9946781061893646,False,val
-0.6333784543508231,1,0.0228559590665653,1.0,0.0001202484163656,0.9007352941176472,2026-01-13,Mexico City,8.008423029129695,-9.025950818581963,-3.7785434049825835,0.22177215755648186,0.975098513039961,False,val
-0.5243558648981032,1,0.0220110587943874,1.0,9.640309459868158e-05,1.0,2026-01-20,Mexico City,9.274247186442818,-9.246972255216946,-3.8162102794491513,0.3373010691361842,0.9413968285264122,False,val
-0.4026175180188374,1,0.0249141310647569,1.0,0.0001179315911492,1.0,2026-01-27,Mexico City,1.8990555228574195,-9.045405837634243,-3.692320123845034,0.44794493940789115,0.8940611451454876,False,val
-0.3840371892723443,1,0.025882874260581,1.0,0.0001179303271609,1.0,2026-02-03,Mexico City,2.426351230864859,-9.045416555670535,-3.654173754442807,0.5521013427459208,0.8337770129585915,False,val
-0.1288795871494747,1,0.0273714713155983,1.0,0.0001113324600095,1.0,2026-02-10,Mexico City,0.3389906257692346,-9.102989697912497,-3.5982540008673163,0.6482618097757122,0.7614175109532997,False,val
0.016461743089666,1,0.025270536273221,1.0,0.0001035393343702,1.0,2026-02-17,Mexico City,1.2405184564316185,-9.17555897523245,-3.6781161360731005,0.7350336741329412,0.6780306024735382,False,val
0.2665786258315793,1,0.0252073767293337,1.0,9.181068249247898e-05,1.0,2026-02-24,Mexico City,0.3999967296496812,-9.295781900087478,-3.68061859994654,0.8111602420785621,0.5848239578463322,False,val
-0.6493704314838751,1,0.0264134444213978,1.0,8.232284040848193e-05,0.9963235294117648,2026-03-03,Mexico City,9.008522308447056,-9.404861962557531,-3.6338821400716306,0.8755389928586302,0.4831474640149687,False,val
-0.5261898119524775,1,0.0238495387717816,1.0,6.883963444605962e-05,0.9705882352941176,2026-03-10,Mexico City,7.972774609824824,-9.583730896831728,-3.735990400544149,0.9272375462179537,0.374473674486883,False,val
-0.1440314155491779,1,0.0245684698359095,1.0,9.865264463092788e-05,1.0,2026-03-17,Mexico City,18.864602607564613,-9.223905517634732,-3.7062913721291495,0.9655071658143364,0.2603764827344581,False,val
-0.2476253789880166,1,0.0250829995317101,1.0,8.182640110487604e-05,1.0,2026-03-24,Mexico City,9.553069530791092,-9.41091061453541,-3.6855649718157197,0.9897936029670716,0.14250832791617088,False,val
-0.6713327710778981,1,0.0247238800726471,1.0,5.9913332677855926e-05,0.8897058823529411,2026-03-31,Mexico City,22.57648451074424,-9.722611495342584,-3.699985697842114,0.9997451236925734,0.022576263041545485,False,val
-0.4764767954752833,1,0.0264200286398648,1.0,6.544688051672715e-05,0.9595588235294118,2026-04-07,Mexico City,27.279489718547037,-9.634271728826329,-3.6336328958664104,0.9952176027737294,-0.09768276782171598,False,val
-0.4776888664111827,1,0.0275632943226624,1.0,7.028696038883558e-05,0.9926470588235294,2026-04-14,Mexico City,6.025834006825937,-9.562924261574988,-3.5912703072275227,0.9762766110869321,-0.21652708524481437,False,val
-0.7184363004601404,1,0.0257613310261342,1.0,5.991726545341424e-05,0.9852941176470588,2026-04-21,Mexico City,17.249557506032787,-9.722545856421956,-3.6588807088116617,0.9431964659565866,-0.33223549871590435,False,val
-0.301279821790303,1,0.0284861317080579,1.0,5.9022670952670605e-05,1.0,2026-04-28,Mexico City,9.4173516223158,-9.737588934429905,-3.558337916873821,0.8964562582905575,-0.44313223418263453,False,val
-0.6168664716965722,1,0.0286341260924812,0.9926470588235294,6.557090431502392e-05,0.9338235294117648,2026-05-05,Mexico City,32.21481389209389,-9.632378492186717,-3.5531560524607237,0.8367329140344921,-0.5476112038402312,False,val
-0.7774342080533698,1,0.0278606620932449,1.0,5.975853826909624e-05,1.0,2026-05-12,Mexico City,30.361972920422215,-9.72519847746068,-3.580539545900481,0.7648913904341226,-0.6441592666722685,False,val
-0.6193447469836331,1,0.0264846933600495,1.0,5.768347674418456e-05,0.8786764705882353,2026-05-19,Mexico City,40.71469329651347,-9.760539790379294,-3.6311883219250705,0.6819721490904629,-0.7313781428679254,False,val
-0.3738131996155177,1,0.0242770054275635,1.0,4.979307739627405e-05,0.9779411764705882,2026-05-26,Mexico City,28.884422098316534,-9.907634591703136,-3.7182256553410618,0.5891760872322963,-0.8080046647350754,False,val
-0.822280818845676,1,0.0239935212815678,0.9963235294117648,5.731553614601611e-05,0.6029411764705882,2026-06-02,Mexico City,88.26022085363722,-9.766938834065826,-3.7299714316776753,0.4878471454423119,-0.8729290708206411,False,val
-0.6879902356541135,1,0.0215790610408437,1.0,3.687909205193286e-05,0.875,2026-06-09,Mexico City,69.18911195873716,-10.207865778561231,-3.8360318307176833,0.37945284372454435,-0.925211078289358,False,val
-0.6667502079809475,1,0.0224823171301985,1.0,4.245722606212863e-05,0.8933823529411765,2026-06-16,Mexico City,48.45287773072678,-10.067013434437323,-3.7950261840817627,0.26556302780405594,-0.9640935007889755,False,val
-0.8218949265672311,1,0.021689969653497,1.0,4.414985607566395e-05,0.8897058823529411,2026-06-23,Mexico City,49.37039213351454,-10.027920890813979,-3.830905353245439,0.14782713347053048,-0.9890132145779883,False,val
-0.7864485532305648,1,0.0219324916277139,0.9963235294117648,6.516437313250833e-05,0.5551470588235294,2026-06-30,Mexico City,69.86362039520797,-9.638597662723889,-3.8197861056914832,0.02795029824021032,-0.999609314096404,False,val
-0.6827263421324262,1,0.0205284285720963,1.0,4.417985134435403e-05,0.8602941176470589,2026-07-07,Mexico City,42.44069799533115,-10.027241724750395,-3.8859445938863986,-0.09233133369539123,-0.9957283388645872,False,val
-0.6387413909612158,1,0.0207152362685192,1.0,4.979954970672739e-05,0.9779411764705882,2026-07-14,Mexico City,32.3524355999961,-9.907504616008133,-3.876885797844671,-0.2112757555821793,-0.9774264960104055,False,val
-0.3990012816471133,1,0.022567076618749,1.0,6.557183831906098e-05,1.0,2026-07-21,Mexico City,14.419612648708402,-9.632364248103999,-3.791263221630449,-0.3271603271220951,-0.9449688462364056,False,val
-0.724677593787126,1,0.0216434232837602,1.0,5.64325378653799e-05,0.9889705882352942,2026-07-28,Mexico City,38.24657466857281,-9.782464653303569,-3.8330536451045956,-0.4383067230125192,-0.898825465016444,False,val
-0.5917469412950589,1,0.0220597237685808,1.0,5.5830746403351506e-05,0.8566176470588235,2026-08-04,Mexico City,38.43136684190118,-9.793185829514973,-3.8140017870583525,-0.5431052396834317,-0.8396646346181327,False,val
-0.6731063082345686,1,0.0217979431474156,1.0,5.665816823445208e-05,0.9852941176470588,2026-08-11,Mexico City,28.631854462782503,-9.778474393162295,-3.825939664674414,-0.6400381082043503,-0.7683431655492202,False,val
-0.6134420345462832,1,0.0223206226588454,1.0,5.6874322094714965e-05,0.7941176470588235,2026-08-18,Mexico City,69.1639734684835,-9.774666599977996,-3.8022442449564626,-0.7277014757264236,-0.6858939875998223,False,val
-0.6599681356871528,1,0.0223076911649371,1.0,6.635062994882146e-05,0.8823529411764706,2026-08-25,Mexico City,34.15962195177939,-9.620557302900737,-3.802823764690113,-0.8048257371083452,-0.593511190196115,False,val
-0.7592643291963941,1,0.0268232729198942,1.0,0.0002714083183952,0.8477508650519031,2019-01-01,Tehran,20.776471841457766,-8.211886161087737,-3.6184853757666118,0.017201575418260506,0.9998520419557735,False,test
-0.6358907288405017,1,0.0294883520877068,1.0,0.0003388499102318,0.903114186851211,2019-01-08,Tehran,21.292516541625975,-7.989953291302358,-3.523759938092487,0.13718540405660057,0.9905453876091833,False,test
-0.6033128713920626,1,0.0293637406788518,1.0,0.0004223806252515,0.7647058823529411,2019-01-15,Tehran,19.281878217289993,-7.769603694873492,-3.5279946760336047,0.2551824131233728,0.9668929289391521,False,test
-0.5714558779336062,1,0.0319934746912002,1.0,0.0004632911085076,0.8235294117647058,2019-01-22,Tehran,19.217054381873485,-7.677154957377895,-3.442223312876078,0.3694836834473831,0.9292372181882051,False,test
-0.8087765734230682,1,0.0302838428295542,1.0,0.0003192611437774,0.7854671280276817,2019-01-29,Tehran,15.86946292446058,-8.049501157545246,-3.4971409486385028,0.4784338202547012,0.8781236129591848,False,test
-0.7488579750341418,1,0.0279366375274518,1.0,0.0003775741028316,0.8235294117647058,2019-02-05,Tehran,7.969746077441273,-7.881743709647646,-3.5778162785854906,0.580454927809098,0.8142923779467267,False,test
-0.8607749917884022,1,0.0296442162622267,1.0,0.0003121542023166,0.8477508650519031,2019-02-12,Tehran,14.357950579124772,-8.07201325405603,-3.5184882396077106,0.6740694616546162,0.7386679638813748,False,test
-0.8905021040912718,1,0.0305612239858926,1.0,0.0002406081247542,0.8961937716262975,2019-02-19,Tehran,2.3094214639416824,-8.332340986273147,-3.4880232635914816,0.7579216274973472,0.6523456189565257,False,test
-0.6318933270122913,1,0.0299358095899691,1.0,0.0002263825202555,0.9342560553633218,2019-02-26,Tehran,10.207274130095808,-8.39328442196792,-3.5086998700408785,0.8307970168121247,0.5565755266413303,False,test
-0.7897969345986623,1,0.0295537858116,1.0,0.0002922867159146,0.8961937716262975,2019-03-05,Tehran,5.800042497169545,-8.137775333631092,-3.5215434278843367,0.8916401947968874,0.45274469960737107,False,test
-0.5681760266099604,1,0.0314376724252976,1.0,0.0002905395902822,0.9550173010380624,2019-03-12,Tehran,24.56157829783603,-8.143770707714653,-3.4597483464359047,0.9395699859530622,0.342356891994542,False,test
-0.7228828313678206,1,0.030459168863659,1.0,0.0001944760802742,0.8442906574394463,2019-03-19,Tehran,25.69148417777782,-8.54520138306388,-3.491368218044355,0.9738922359149924,0.22701082094141847,False,test
-0.7393776005019498,1,0.0279059316810092,0.9930795847750864,9.402323329705372e-05,0.7058823529411765,2019-03-26,Tehran,59.40566106891579,-9.271968643499333,-3.5789160076979756,0.9941098647022418,0.10837701279187609,False,test
-0.7461174457530816,1,0.0282136997590538,1.0,8.868446666644807e-05,0.944636678200692,2019-04-02,Tehran,9.080184438713722,-9.330425806121413,-3.5679476119454687,0.9999300657962057,-0.011826390691832589,False,test
-0.5611296309791955,1,0.0305003610793689,1.0,0.0001300648145294,0.9965397923875432,2019-04-09,Tehran,3.5801329557325587,-8.947477658451989,-3.490016756771015,0.9912685467787256,-0.13185851571739118,False,test
-0.7457637747593858,1,0.0289349234902412,1.0,7.975973885678686e-05,0.9550173010380624,2019-04-16,Tehran,18.57968004974139,-9.436491706428553,-3.542705988154018,0.9682507501166718,-0.2499809690726521,False,test
-0.8241057350338186,1,0.0303058461759614,1.0,0.0001524695228687,0.9792387543252596,2019-04-23,Tehran,4.875153817858558,-8.7885458319308,-3.4964146419769038,0.9312100364121947,-0.3644830148102912,False,test
-0.5929279936110984,1,0.0294245155001639,1.0,0.000136455791858,1.0,2019-04-30,Tehran,4.16727391347324,-8.899509864968367,-3.52592709155627,0.8806828564301475,-0.47370635037968,False,test
-0.3325595008349225,1,0.0290674962585455,1.0,0.0001228206982514,0.9653979238754326,2019-05-07,Tehran,3.5844641072704513,-9.004785003918784,-3.5381346961375937,0.8174009818249189,-0.5760691233798758,False,test
-0.4761590789580122,1,0.0301926543056016,1.0,0.0001259976655742,1.0,2019-05-14,Tehran,6.469323515023495,-8.979247178373315,-3.5001566191015767,0.742280907086982,-0.6700888411055113,False,test
-0.6013351351073714,1,0.0296132089601725,1.0,0.0001178534916452,0.9653979238754326,2019-05-21,Tehran,12.395973611428143,-9.046068301144917,-3.519534768536965,0.6564105761979381,-0.7544038410927472,False,test
-0.5507809480226488,1,0.0291018088510689,1.0,0.0001217760444586,0.9965397923875432,2019-05-28,Tehran,9.38141681350925,-9.013326901354231,-3.536954946905986,0.5610336262283677,-0.8277930117131022,False,test
-0.4036316217689549,1,0.0290538638422648,1.0,8.952183263061251e-05,0.9896193771626296,2019-06-04,Tehran,8.519194760224599,-9.321028022425146,-3.5386037979104032,0.4575313760742512,-0.8891934772070711,False,test
-0.4056384339539312,1,0.0283302964357594,1.0,0.0001062703270455,0.9965397923875432,2019-06-11,Tehran,3.278127969722828,-9.149524455088406,-3.563823501524869,0.3474028211842774,-0.9377159910299093,False,test
-0.3430815521584266,1,0.0304907561229372,1.0,9.581793665376084e-05,1.0,2019-06-18,Tehran,3.7909439386534807,-9.253060660306575,-3.490331719242656,0.23224292400907015,-0.9726578145718654,False,test
-0.1978587063216588,1,0.0305064882387349,1.0,8.775811943624534e-05,1.0,2019-06-25,Tehran,4.587819068086913,-9.34092617071088,-3.4898158888535566,0.11371951458594969,-0.9935128947338007,False,test
-0.3387463511758307,1,0.0291838562438309,1.0,0.000104003503913,1.0,2019-07-02,Tehran,2.127122365434096,-9.171085967919293,-3.534139590957923,-0.00645086419810515,-0.9999791929590823,False,test
-0.6108373376561009,1,0.0301705213875482,1.0,0.0001042980141872,1.0,2019-07-09,Tehran,4.932100350784088,-9.168258235571207,-3.500889944304935,-0.12652781683868314,-0.9919630595773397,False,test
-0.3992583654075662,1,0.0287299623252078,1.0,8.466928011889958e-05,1.0,2019-07-16,Tehran,1.4864410509712709,-9.376757712544181,-3.5498147173315897,-0.24477230089725957,-0.9695805901076308,False,test
-0.5736080398333959,1,0.0295793955971681,1.0,0.0001064964333649,1.0,2019-07-23,Tehran,2.0013943096285725,-9.147399062907036,-3.5206772547287875,-0.3594718130884232,-0.9331559438780432,False,test
-0.4641081646303192,1,0.0306631303878915,1.0,0.0001266140374053,1.0,2019-07-30,Tehran,2.425736749940389,-8.974367174422255,-3.484694310688633,-0.46896519100763184,-0.8832166493127127,False,test
-0.5697770873851373,1,0.0319542814299399,1.0,0.0001138565947947,1.0,2019-08-06,Tehran,4.331989412074191,-9.080570841838323,-3.44344910306936,-0.5716666713027052,-0.8204859638785327,False,test
-0.406466232684176,1,0.029494645876486,1.0,0.0001602987055479,1.0,2019-08-13,Tehran,1.7205908514201924,-8.738471573566025,-3.5235465278210416,-0.666088855860977,-0.7458723993404063,False,test
-0.5603943332900788,1,0.0304614718663697,1.0,0.0001498491764767,1.0,2019-08-20,Tehran,1.171080082610068,-8.805881259867688,-3.4912926113966183,-0.7508642533989489,-0.6604565640279754,False,test
-0.652502829061271,1,0.029288299342089,1.0,0.0001524909526973,0.9930795847750864,2019-08-27,Tehran,3.953504841296431,-8.78840529025178,-3.5305671825769553,-0.8247650844733614,-0.5654755126737576,False,test
-0.6122423239812304,1,0.028484756470707,1.0,0.0001363400045423,1.0,2019-09-03,Tehran,2.8392708178963555,-8.900358758713661,-3.5583861954734757,-0.886721063082993,-0.46230483047981086,False,test
-0.729103981241505,1,0.0286278012219312,1.0,0.0001244489422996,1.0,2019-09-10,Tehran,3.3912834997413683,-8.991615028185585,-3.5533769626142013,-0.9358348973349941,-0.35243871088460327,False,test
-0.5392664494627226,1,0.0281888109375175,1.0,0.0001454548259469,1.0,2019-09-17,Tehran,1.5372775935108274,-8.835644994151695,-3.568830155039539,-0.97139528468375,-0.23746831555846842,False,test
-0.4493657484564649,1,0.0266188490341979,1.0,0.0001476719016191,1.0,2019-09-24,Tehran,1.3941933695826954,-8.820517626070478,-3.626135703832035,-0.9928872135356962,-0.11905873003404988,False,test
-0.6459705522873732,1,0.0292394936160761,1.0,0.0002160309697949,1.0,2019-10-01,Tehran,1.493579131171978,-8.440088781877757,-3.5322349624421725,-0.9999994220246925,0.001075151282798226,False,test
-0.7268686011635151,1,0.0276932401711884,1.0,0.0002039446122517,1.0,2019-10-08,Tehran,5.871022065638871,-8.49766210955528,-3.586566932711966,-0.9926289059345095,0.12119346147073601,False,test
-0.9047133028888952,1,0.029276716807981,1.0,0.0002300886493861,1.0,2019-10-15,Tehran,7.202640601427213,-8.377045891187477,-3.530962727051129,-0.9708824104813836,0.2395565591209271,False,test
-1.1351410337236827,1,0.0270973506486461,0.9965397923875432,0.0002302005581336,0.6539792387543253,2019-10-22,Tehran,40.486683688276514,-8.376559637119918,-3.608319317918081,-0.9350748843515574,0.3544502230989869,False,test
-1.1080454128280266,1,0.0256547994554186,1.0,0.0002031405413645,0.8408304498269896,2019-10-29,Tehran,6.406603062893619,-8.501612496474191,-3.663024611597183,-0.8857249183835637,0.4642104791518923,False,test
-1.1820672732531483,1,0.0310598598045576,1.0,0.0003921119588604,1.0,2019-11-05,Tehran,0.9241209686677356,-7.843963149614639,-3.47183897496922,-0.8235472349556007,0.5672476988027229,False,test
-1.1202079414203807,1,0.0292121989614281,1.0,0.0005584163568374,0.9896193771626296,2019-11-12,Tehran,15.78034717956798,-7.490405714614536,-3.5331688842989504,-0.7494423368521953,0.6620696215153815,False,test
-1.0487730322972968,1,0.0261850536584656,1.0,0.0003371429326231,0.7785467128027682,2019-11-19,Tehran,12.59845615092655,-7.99500358511788,-3.6425665020465376,-0.6644834655228552,0.7473029667054297,False,test
-1.2855998233917223,1,0.0278118631932244,1.0,0.000438145649361,0.9238754325259516,2019-11-26,Tehran,4.814274210710306,-7.7329591700769305,-3.5822926157411974,-0.5699010576127624,0.821713322596059,False,test
-1.1844065940912134,1,0.02725041010231,1.0,0.0003784072160048,0.698961937716263,2019-12-03,Tehran,22.886333374996767,-7.87953965118825,-3.6026867083600735,-0.46706492487743034,0.8842230238742036,False,test
-1.109016467610151,1,0.0301866790372425,1.0,0.0004196023109436,0.9480968858131488,2019-12-10,Tehran,2.6389817480177857,-7.776203173965401,-3.500354543392813,-0.3574644155648614,0.9339267592294762,False,test
-1.2999584672474178,1,0.0315939354204002,1.0,0.0004930059469119,0.9653979238754326,2019-12-17,Tehran,4.961662511618226,-7.614989321292715,-3.4547900938836524,-0.2426868445825954,0.9701046827361175,False,test
-1.0398845658675744,1,0.0301975746678097,1.0,0.0003937331266935,0.9930795847750864,2019-12-24,Tehran,6.856525394960096,-7.8398372215845455,-3.4999936668391785,-0.12439450483979998,0.9922328391893008,False,test
-1.1635555563912907,1,0.0294641914513781,1.0,0.0002875123097874,0.9273356401384084,2019-12-31,Tehran,10.885887153690724,-8.15424488199165,-3.5245796020537328,-0.004300592702981974,0.9999907524084426,False,test
-1.25898152145144,1,0.0331018108835625,1.0,0.0004740125604333,0.8788927335640139,2020-01-07,Tehran,4.148952857159498,-7.654276737815854,-3.4081672886224412,0.1201261651823505,0.9927586335250793,False,test
-1.143311215978606,1,0.0310511971858632,1.0,0.0004291119918978,0.8754325259515571,2020-01-14,Tehran,10.977278222474846,-7.753792619729936,-3.47211791463537,0.23851257519407648,0.9711394088771653,False,test
-1.2493111148344749,1,0.0314284762861644,1.0,0.0003738942467147,0.8754325259515571,2020-01-21,Tehran,6.196499822527216,-7.8915375633295985,-3.4600409089480766,0.3534446712740877,0.9354554315134164,False,test
-1.1184492655757474,1,0.0327918329814434,1.0,0.0003696020213268,0.9550173010380624,2020-01-28,Tehran,2.451124146407522,-7.903083749253907,-3.4175757890644975,0.4632579225674917,0.88622350294858,False,test
-0.9738246049926944,1,0.0277698963571108,1.0,0.0001811529722326,0.9584775086505192,2020-02-04,Tehran,10.95957356932394,-8.616168733180645,-3.5838027098594174,0.5663619330814524,0.8241566360566663,False,test
-1.104573999556866,1,0.0298311895593601,1.0,0.0002312690510442,0.8477508650519031,2020-02-11,Tehran,8.379807460425821,-8.371928802071187,-3.5122008032968433,0.6612634749656386,0.7501537286959042,False,test
-1.0796219882293987,1,0.0298390940395885,1.0,0.0002661899230082,0.889273356401384,2020-02-18,Tehran,19.395018474552693,-8.23130050768522,-3.511935864711072,0.746588114532413,0.6652865452111116,False,test
-1.0483128448339676,1,0.0308413445052717,1.0,0.00032575257573,0.7716262975778547,2020-02-25,Tehran,74.92247009272008,-8.029372434914603,-3.478899135087108,0.8211001178128892,0.5707841943569036,False,test
-1.0923222207870351,1,0.0320927266108483,1.0,0.0002740605466971,0.9377162629757786,2020-03-03,Tehran,1.4151418206095387,-8.202161502640138,-3.4391258598523304,0.8837203473619977,0.4680153284438345,False,test
-0.9696118305085444,1,0.0311256338538813,1.0,0.0002742781485376,0.9930795847750864,2020-03-10,Tehran,2.2819492144484643,-8.201367825834858,-3.46972355962129,0.9335418911179212,0.35846832151248087,False,test
-0.9888403487321114,1,0.0264688429579946,1.0,6.927136803859744e-05,0.8581314878892734,2020-03-17,Tehran,22.4252798166489,-9.577478896758565,-3.6317869751456255,0.969843196967294,0.24372971360968387,False,test
-1.0599134289244916,1,0.028867260372275,1.0,9.15513176725059e-05,0.9411764705882352,2020-03-24,Tehran,14.35831862607334,-9.298610894019905,-3.5450471851244787,0.992098522791769,0.12546123335273648,False,test
-0.7266828866130375,1,0.0287373439995748,1.0,8.99981903318306e-05,1.0,2020-03-31,Tehran,16.574728814548962,-9.31572099526027,-3.5495578173695184,0.9999855506507186,0.005375731557583884,False,test
-0.7553171687551247,1,0.0297573155149158,0.9826989619377162,8.137384591772913e-05,0.7093425605536332,2020-04-07,Tehran,73.16794738683132,-9.41645663980672,-3.5146802775578294,0.9933900548258936,-0.11478762552212701,False,test
-1.188032661477611,1,0.0316383582729005,1.0,0.0001230762046549,0.9653979238754326,2020-04-14,Tehran,5.5040120197555815,-9.002706844393913,-3.4533850251374787,0.9724075561219968,-0.23328854407545518,False,test
-0.8359191546592182,1,0.0303574113238617,1.0,8.870454851087069e-05,0.9619377162629758,2020-04-21,Tehran,24.52721292893336,-9.330199390246808,-3.4947145961025217,0.9373419384643772,-0.3484108069446808,False,test
-1.069292040363473,1,0.0296425342694149,1.0,8.884105694419958e-05,0.9688581314878892,2020-04-28,Tehran,16.806821932483903,-9.328661661843132,-3.5185449805421407,0.8887010478292915,-0.45848712914008766,False,test
-0.6533452082747291,1,0.0294277351486347,1.0,0.000108178885224,1.0,2020-05-05,Tehran,5.2936190796394,-9.13172435639938,-3.525817676931051,0.8271893372462497,-0.5619233046832195,False,test
-0.8220838916614314,1,0.0316457863338652,1.0,0.0001502426220871,1.0,2020-05-12,Tehran,5.237641372986803,-8.803259090000202,-3.4531502724661745,0.753697664392914,-0.6572212950663319,False,test
-0.8949381948174081,1,0.0308896332364894,1.0,0.0001007800851612,0.9930795847750864,2020-05-19,Tehran,14.458612663796826,-9.202569789691342,-3.477334645333872,0.6692903895412567,-0.7430009249440493,False,test
-0.581122800094243,1,0.0296093958287764,1.0,0.0001038619033504,0.9930795847750864,2020-05-26,Tehran,2.8883790538877516,-9.172448393600098,-3.5196635413734505,0.5751899607119775,-0.8180198708443175,False,test
-0.4860035933543166,1,0.0292190909009232,1.0,0.0001048978149853,1.0,2020-06-02,Tehran,2.2658034064327666,-9.16252387228039,-3.5329329853638662,0.47275920928627757,-0.881191653407483,False,test
-0.6209467072669179,1,0.0293421016182611,1.0,0.0001230164801018,1.0,2020-06-09,Tehran,2.6517544634486647,-9.003192226999507,-3.5287318790350093,0.36348161248290634,-0.9316013725767187,False,test
-0.3362796974831406,1,0.0278572346789155,1.0,0.0001067282833539,1.0,2020-06-16,Tehran,1.9653689305390456,-9.145224361175059,-3.5806625733129387,0.24893980855376657,-0.9685189578512204,False,test
-0.6789367913447569,1,0.0298835188043955,1.0,0.0001245614108958,1.0,2020-06-23,Tehran,2.2686891399007054,-8.99071170346511,-3.5104481611132172,0.13079267585675922,-0.9914097417023038,False,test
-0.7502660103687485,1,0.0294918599873924,1.0,0.0001335060448311,0.9515570934256056,2020-06-30,Tehran,13.394983581007429,-8.921363801515353,-3.523640986343542,0.01075130776352193,-0.9999422030204416,False,test
-1.0260943645087053,1,0.0283952142769142,1.0,0.0001011788990271,0.944636678200692,2020-07-07,Tehran,8.761500768709793,-9.198620330489,-3.5615346593908743,-0.10944576864891556,-0.993992768446958,False,test
-1.1319006508148806,1,0.0293915075145941,1.0,0.0001220690405863,1.0,2020-07-14,Tehran,6.832622614986166,-9.010923766850603,-3.5270495064134204,-0.2280577712215198,-0.9736476020539838,False,test
-1.1087668626006706,1,0.0285401285348447,1.0,0.0001143004197742,1.0,2020-07-21,Tehran,2.6733231584550907,-9.076680314605074,-3.556444163269983,-0.34336687399638804,-0.939201357453208,False,test
-0.8404160503390693,1,0.028109011034233,1.0,0.0001200793956999,0.9965397923875432,2020-07-28,Tehran,6.92458489290533,-9.02735740313091,-3.5716650766735967,-0.45370308603134424,-0.8911529104063088,False,test
-0.9099610004755878,1,0.0283268500613049,1.0,0.0001233388802206,1.0,2020-08-04,Tehran,7.5954166562155025,-9.000574867243825,-3.5639451587092426,-0.5574684374327892,-0.8301981337405212,False,test
-0.99984498721266,1,0.0300785979072414,1.0,0.0001261554416875,1.0,2020-08-11,Tehran,2.3373945433736467,-8.97799574716468,-3.50394139311316,-0.65316012232693,-0.7572198192083127,False,test
-0.7310230527904312,1,0.0276509159889485,1.0,0.000118542222754,1.0,2020-08-18,Tehran,3.765807277809075,-9.040241350692142,-3.5880964235716086,-0.7393922635959241,-0.673274892250183,False,test
-0.8232372212463952,1,0.0283419797922445,1.0,0.0001364465536824,1.0,2020-08-25,Tehran,2.64110048795716,-8.899577568128523,-3.5634111885765196,-0.8149159841660791,-0.5795791048257612,False,test
-0.9707814932580108,1,0.0289156956753541,1.0,0.0001831325489921,1.0,2020-09-01,Tehran,1.6317204211708678,-8.605300355877542,-3.5433707283373543,-0.8786374941610001,-0.4774894280028391,False,test
-1.0014087150554003,1,0.0285678458455749,1.0,0.0001685306617371,0.9896193771626296,2020-09-08,Tehran,5.346417487806018,-8.688392855959993,-3.5554734647569535,-0.9296339319682695,-0.3684843993077793,False,test
-0.8615129736486575,1,0.0290499401966536,1.0,0.0001696544750679,1.0,2020-09-15,Tehran,2.7975567460056143,-8.681746688844976,-3.538738854321324,-0.9671667297977312,-0.2541427094613622,False,test
-0.9485316344040894,1,0.0281099875399796,1.0,0.0001724361491898,1.0,2020-09-22,Tehran,5.1779422938043576,-8.665483539639489,-3.5716303373231475,-0.9906923101615609,-0.13612033862266704,False,test
-1.011029987844796,1,0.0279298002362778,1.0,0.0001779717596259,1.0,2020-09-29,Tehran,5.760468376640054,-8.63388567404611,-3.578061051350028,-0.9998699583618592,-0.016126573270657762,False,test
-1.2866043063219097,1,0.0280129475657027,1.0,0.0002361308096787,0.9619377162629758,2020-10-06,Tehran,18.477636905296283,-8.351124628194565,-3.575088462626095,-0.9945667569706337,0.1041007489354256,False,test
-1.287105433486562,1,0.0315697065171606,1.0,0.0003767603588178,0.9896193771626296,2020-10-13,Tehran,0.0623920674088758,-7.883901225632471,-3.4555572727126345,-0.9748595108374125,0.22282040779479959,False,test
-1.1668780304773163,1,0.0303905187113771,1.0,0.0003132559233805,1.0,2020-10-20,Tehran,0.735857027061905,-8.068490054931921,-3.493624603710219,-0.9410336347451197,0.3383130181923075,False,test
-0.9838497694364928,1,0.0308953750093778,1.0,0.000325857847734,1.0,2020-10-27,Tehran,0.306208516964438,-8.029049321590673,-3.477148782352934,-0.8935790198239952,0.4489059314938798,False,test
-1.3317297878547958,1,0.0286357275456483,1.0,0.0002729070606112,1.0,2020-11-03,Tehran,2.4685558651623674,-8.206379258062867,-3.5531001258932267,-0.8331829385891785,0.5529974600700271,False,test
-1.0949696756732197,1,0.0263685496949963,1.0,0.0002521767153377,0.5813148788927336,2020-11-10,Tehran,16.725223692378133,-8.285380464874605,-3.635583278423059,-0.7607200913564104,0.6490800741100398,False,test
-1.298479170720024,1,0.0277629387800372,0.9930795847750864,0.0003396757701197,0.5570934256055363,2020-11-17,Tehran,35.55248135308659,-7.987519012631315,-3.5840532851125206,-0.6772399381909491,0.7357622347736525,False,test
-1.2424480632518946,1,0.0278053921592696,1.0,0.0003715441568575,0.6851211072664359,2020-11-24,Tehran,24.51603636176469,-7.897842839880635,-3.582525314530197,-0.5839514998576998,0.8117885474764613,False,test
-1.1982332432608116,1,0.0280539148315536,1.0,0.0005639002873992,0.7474048442906575,2020-12-01,Tehran,23.152320279580938,-7.480633117487852,-3.573627090564592,-0.4822058478963526,0.8760579434344281,False,test
-1.472266755144812,1,0.0328054901621761,1.0,0.0005570120056158,0.8200692041522492,2020-12-08,Tehran,0.7330621288704301,-7.492923764201412,-3.4171593946058354,-0.37347653741307074,0.9276396261490467,False,test
-1.3946167905101703,1,0.0314389727832694,1.0,0.0005530711846193,0.8062283737024222,2020-12-15,Tehran,8.493719305170076,-7.500023840279023,-3.459706984242751,-0.2593382659754056,0.9657865518844574,False,test
-1.3424168781184564,1,0.0323054276300686,1.0,0.0005819619259072,0.8615916955017301,2020-12-22,Tehran,8.583995514555165,-7.449105531776215,-3.432520024787724,-0.14144406768794202,0.9899462489023779,False,test
-1.5163306747202605,1,0.0359595236668403,1.0,0.0009511635246725,0.9238754325259516,2020-12-29,Tehran,0.0744809151796285,-6.957824559966666,-3.3253613156611017,-0.021501372740813793,0.999768818762748,False,test
-1.6529706874063843,1,0.0362709149871067,1.0,0.0008206542310112,0.9584775086505192,2021-01-05,Tehran,0.0426344240851154,-7.1054086931166855,-3.316739098900294,0.08590610426133272,0.9963032375991965,False,test
-1.360498124876874,1,0.0330501605994795,1.0,0.0007789507447917,0.9584775086505192,2021-01-12,Tehran,0.2338900131195347,-7.157562742858017,-3.409728853407912,0.20496611396949532,0.9787690698649216,False,test
-1.374614344518342,1,0.0333990625524002,1.0,0.0002690115344694,0.9100346020761244,2021-01-19,Tehran,7.672110330376944,-8.220756300213315,-3.3992274466867833,0.321057654185271,0.9470596510722283,False,test
-1.3344408802996437,1,0.0311256718171758,1.0,0.0004688595887049,0.9515570934256056,2021-01-26,Tehran,8.869545787894813,-7.665207218766978,-3.4697223399426314,0.4324994021339788,0.901634220265486,False,test
-1.3123102801145403,1,0.0348984056827549,1.0,0.0005452428094784,0.986159169550173,2021-02-02,Tehran,30.37458950670256,-7.5142793405377635,-3.355314133259783,0.5376773767406141,0.8431506618282,False,test
-1.2018484238443756,1,0.0303253821050967,1.0,0.0003743151784577,0.9757785467128028,2021-02-09,Tehran,0.0623733384499316,-7.890412392292594,-3.495770223898457,0.6350683134867438,0.7724559775191742,False,test
-1.1832639914370515,1,0.0299419416722248,1.0,0.0001973406890712,0.8062283737024222,2021-02-16,Tehran,17.01141530958138,-8.530578936744451,-3.5084950499817453,0.7232617254437388,0.6905740195722293,False,test
-1.2183065087598,1,0.0307353373210181,1.0,0.0003804607587475,0.9204152249134948,2021-02-23,Tehran,2.8024176443027704,-7.87412751673646,-3.482342233540456,0.8009803309782905,0.5986906625177214,False,test
-1.1990355103207058,1,0.0277718718614951,1.0,0.0002203686285486,0.9965397923875432,2021-03-02,Tehran,6.170157430267675,-8.420208829525341,-3.5837315740476314,0.8670985522812081,0.4981366284784055,False,test
-1.03931028515473,1,0.0302159544933367,1.0,0.0001666513350708,0.8719723183391004,2021-03-09,Tehran,42.242626140383145,-8.699606742016693,-3.499385199618366,0.9206588168102428,0.3903682146763026,False,test
-0.5796964867351517,1,0.0282233523882131,1.0,0.0001326438206442,0.9792387543252596,2021-03-16,Tehran,5.473086483840817,-8.927843062376633,-3.567605544849964,0.9608854255574977,0.27694620226893646,False,test
-0.7449680852474945,1,0.0308641641920534,1.0,0.0001029214392943,0.9965397923875432,2021-03-23,Tehran,6.477662103373277,-9.181544586055626,-3.478159502976337,0.9871957872910085,0.15951325197263655,False,test
-1.02450056553112,1,0.0308136133552016,1.0,0.0001586536708848,0.9965397923875432,2021-03-30,Tehran,4.384766728401478,-8.748786901943694,-3.4797986946003228,0.9992088560679753,0.03977011384605572,False,test
-0.7714673800587609,1,0.0306217022397048,1.0,0.0002252886252898,1.0,2021-04-06,Tehran,2.7755602174568588,-8.398128198752204,-3.4860462978841884,0.9967506498213929,-0.08054900421874167,False,test
-0.800433791374271,1,0.0309635709945153,1.0,0.0001685071900234,1.0,2021-04-13,Tehran,1.4673770917320257,-8.68853213832021,-3.4749438947119042,0.9798567700958665,-0.1997015525660636,False,test
-0.808253474959862,1,0.0290005738753217,1.0,0.0001189019383976,0.9930795847750864,2021-04-20,Tehran,6.823378531284899,-9.03721145164517,-3.5404396603872623,0.9487718864399473,-0.31596187665790293,False,test
-1.2584690606930733,1,0.0293598521444854,1.0,0.0001289295172938,0.9965397923875432,2021-04-27,Tehran,17.77475654331757,-8.956244680488659,-3.5281271111992725,0.9039461929224011,-0.42764620926777464,False,test
-1.3530408670777492,1,0.0297547244236588,1.0,0.0001300369294372,0.9757785467128028,2021-05-04,Tehran,12.592471796571775,-8.947692075255825,-3.514767355441945,0.8460288880917339,-0.533137056031809,False,test
-0.90956579591021,1,0.02943255158169,1.0,0.0001201138428987,0.9238754325259516,2021-05-11,Tehran,15.158347862490237,-9.027070574082456,-3.52565402047154,0.7758587728069828,-0.6309066211876704,False,test
-0.8766142526439455,1,0.0276458001539136,1.0,0.0001059303106587,0.9965397923875432,2021-05-18,Tehran,4.120430760881883,-9.152729126681042,-3.5882814557184104,0.6944521021088763,-0.719538934232584,False,test
-0.9745993561279146,1,0.0283230459712302,1.0,0.0001334469726387,1.0,2021-05-25,Tehran,6.801192052133986,-8.921806367731117,-3.5640794604590016,0.6029878670694714,-0.7977503570459932,False,test
-0.7122194016077235,1,0.0272111884029174,1.0,0.000100290146365,1.0,2021-06-01,Tehran,0.6549674020775043,-9.207443109447533,-3.6041270519140576,0.5027907197793043,-0.8644081744776648,False,test
-0.5927101086293202,1,0.0289710548468234,1.0,0.0001422849681301,1.0,2021-06-08,Tehran,0.3930534718210847,-8.857678693514302,-3.541458056168103,0.3953117887649151,-0.9185469991587165,False,test
-0.6152707538313715,1,0.0295670427271091,1.0,0.0001330200338505,1.0,2021-06-15,Tehran,1.608509811098224,-8.92501081063126,-3.521094959347648,0.2821076626819194,-0.9593827529490743,False,test
-0.8438465508533007,1,0.0282337024234829,1.0,0.0001449511582155,1.0,2021-06-22,Tehran,0.8552486000097289,-8.839113712180103,-3.567238893227053,0.16481784665719793,-0.9863240225317866,False,test
0.0381681436302199,1,0.0277267093968454,1.0,0.0001039798207624,0.9757785467128028,2021-06-29,Tehran,3.0216798299048264,-9.171313708780145,-3.5853590922145697,0.04514101777397193,-0.9989806246941579,False,test
0.5662745320962624,1,0.0304498391954871,1.0,0.0001264700013852,1.0,2021-07-06,Tehran,3.6156272034235193,-8.975505421119594,-3.4916745657765595,-0.07518957641475855,-0.9971692572470178,False,test
0.2458947678583492,1,0.0286791242347556,1.0,0.0001156815171068,0.972318339100346,2021-07-13,Tehran,9.674406811291693,-9.064669684954477,-3.5515857994646556,-0.19443122004766195,-0.9809161537413774,False,test
0.4462511136591799,1,0.0279840091862164,1.0,0.0001002601357281,1.0,2021-07-20,Tehran,1.2866523735233684,-9.207742392368612,-3.5761220324392067,-0.3108569682435036,-0.9504567035349151,False,test
-0.0750709725373682,1,0.0279645670766639,1.0,0.0001006156256251,0.9515570934256056,2021-07-27,Tehran,16.927459433769787,-9.204202988055037,-3.5768170317272574,-0.4227806579826773,-0.9062320427107697,False,test
-0.187850800651881,1,0.0296552252855042,1.0,0.0001202616311114,0.8858131487889274,2021-08-03,Tehran,9.208658550967597,-9.025840929236782,-3.5181169368393657,-0.5285813283559292,-0.8488826652214553,False,test
0.4642458258108281,1,0.0320810602212476,1.0,0.0001108112619474,1.0,2021-08-10,Tehran,5.038444003962757,-9.107682146691753,-3.4394894472391786,-0.6267266965083301,-0.7792391467859886,False,test
0.3110088861186252,1,0.0337175099008259,1.0,0.0001129607441751,0.9826989619377162,2021-08-17,Tehran,4.422929027865963,-9.08847019628867,-3.389737994932735,-0.7157953492826642,-0.6983101158835584,False,test
0.3150141688894744,1,0.0313824318999909,1.0,0.0001384896044245,1.0,2021-08-24,Tehran,1.980429134552895,-8.884715293460756,-3.4615070362737583,-0.7944973291665992,-0.6072676460566135,False,test
0.6757262507211439,1,0.0301653291910376,1.0,0.0001351010682352,1.0,2021-08-31,Tehran,3.110464734704889,-8.909487406033081,-3.5010620541359434,-0.8616928164028521,-0.5074302810827518,False,test
0.7033930095530601,1,0.0300983032504329,1.0,0.0001250316644068,1.0,2021-09-07,Tehran,3.3261967465300164,-8.986943537486464,-3.50328647923369,-0.9164086366943458,-0.4002439388573056,False,test
0.6490247218379446,1,0.0288787524900499,1.0,0.0001611924982558,1.0,2021-09-14,Tehran,0.532691227570629,-8.73291126584931,-3.5446491622184118,-0.9578523554276669,-0.28726097055059635,False,test
0.8471349122276638,1,0.0287523627321389,1.0,0.0001607030491033,1.0,2021-09-21,Tehran,1.4683354691351105,-8.73595231151593,-3.549035333128092,-0.9854237542919524,-0.17011767832049052,False,test
0.4717397317532141,1,0.0288798158881237,1.0,0.0002014047309184,1.0,2021-09-28,Tehran,1.1029428202490985,-8.510194087794828,-3.5446123400428013,-0.9987235240803972,-0.050510617185222886,False,test
0.2775632161223744,1,0.0279496377159482,1.0,0.0002246219800757,1.0,2021-10-05,Tehran,3.639702564167024,-8.401091657243859,-3.577351041327353,-0.9975590477788613,0.06982797572987089,False,test
0.4627387852660899,1,0.0281337792110342,1.0,0.0002920556778329,1.0,2021-10-12,Tehran,1.2677916783262744,-8.138566096362707,-3.570784317440482,-0.981947190186646,0.18915526872004093,False,test
0.2701525710880852,1,0.0276610163883279,1.0,0.0002621447807768,1.0,2021-10-19,Tehran,4.5137906469297135,-8.246613608444708,-3.587731207638715,-0.9521140536681102,0.3057430764672831,False,test
-0.1824891857597986,1,0.0281213448610515,1.0,0.0003080096004341,1.0,2021-10-26,Tehran,5.987910469807887,-8.085379605235897,-3.5712263873990966,-0.9084917035725082,0.41790288888678667,False,test
-0.4071052124171242,1,0.029406589608278,1.0,0.0004336314732712,0.9480968858131488,2021-11-02,Tehran,37.72495031432413,-7.7433155245155065,-3.5265364934163106,-0.8517119107469189,0.5240103253675756,False,test
-0.3998200904972496,1,0.0304075769348276,1.0,0.0005755792517197,1.0,2021-11-09,Tehran,9.81866504491445,-7.460133629952901,-3.4930634603481843,-0.7825970017677834,0.6225286602431057,False,test
-0.7020040312104587,1,0.0297685213481569,1.0,0.0005606602060455,0.9965397923875432,2021-11-16,Tehran,7.491176256072615,-7.486395529271411,-3.5143037743799153,-0.7021479494046978,0.712031078778713,False,test
-0.2149613024060095,1,0.0305046239343632,1.0,0.0005217192765981,1.0,2021-11-23,Tehran,0.8067887795970584,-7.558380899034303,-3.489877002454207,-0.6115298757991053,0.7912213413483807,False,test
-0.155689308527883,1,0.0304317318351872,1.0,0.0006472756270665,0.9930795847750864,2021-11-30,Tehran,12.900993946929413,-7.342738346348189,-3.4922694045932086,-0.5120551783114646,0.8589525565270845,False,test
-0.2977055803009476,1,0.0308393399680425,1.0,0.000551776299905,1.0,2021-12-07,Tehran,0.2781064270021313,-7.50236784761998,-3.478964132330476,-0.4051645224207563,0.9142437912130223,False,test
-0.4453102862175239,1,0.030863583378565,1.0,0.0007182876538775,0.9930795847750864,2021-12-14,Tehran,22.492716399223735,-7.238640437006313,-3.478178321530756,-0.29240597695107734,0.9562942772197719,False,test
-0.1434472735902066,1,0.0282837467962098,1.0,0.0004187943298848,0.9550173010380624,2021-12-21,Tehran,5.500177793925506,-7.778130618016565,-3.5654679574719195,-0.17541259380427843,0.9844950085880858,False,test
-0.4866062506802855,1,0.0296816524633535,1.0,0.0007068242393827,0.9377162629757786,2021-12-28,Tehran,3.647909764802988,-7.254728523564191,-3.5172261862438083,-0.05587875690537313,0.9984375616565666,False,test
-0.5256325184376048,1,0.0300775179190132,1.0,0.0005818865189812,0.9965397923875432,2022-01-04,Tehran,2.3261839119042165,-7.449235113813184,-3.503977299295382,0.06875540848113941,0.9976335468520451,False,test
-0.3964130954350905,1,0.0264587490734156,1.0,0.0003804616027497,0.8477508650519031,2022-01-11,Tehran,29.733762028665616,-7.8741252983703225,-3.6321683975498558,0.18809941761179758,0.9821499931752291,False,test
-0.1710641000257888,1,0.0301990674453193,1.0,0.0005453997338975,0.916955017301038,2022-01-18,Tehran,4.707891458458504,-7.513991575456279,-3.499944234372151,0.3047192331091634,0.9524422234305676,False,test
-0.2471979544503692,1,0.0300788201460763,1.0,0.00047334365122,0.9134948096885812,2022-01-25,Tehran,6.737723711454378,-7.655688897922546,-3.503934004536918,0.4169258813287287,0.908940487313808,False,test
-0.2869737984215812,1,0.0286188272811342,1.0,0.0004087309779367,0.9550173010380624,2022-02-01,Tehran,9.802318615119386,-7.802453373993619,-3.553690481195301,0.5230943033491326,0.8522748088519838,False,test
-0.2582403246756308,1,0.0284891837220681,1.0,0.0003465235830621,0.9826989619377162,2022-02-08,Tehran,4.0965943448611775,-7.967559680865065,-3.5582307822668398,0.6216868902665479,0.7832658619336791,False,test
-0.5567073058930494,1,0.0277409818133041,1.0,0.0003097689828562,0.9792387543252596,2022-02-15,Tehran,18.752047079903033,-8.0796837548899,-3.584844471307793,0.7112757519738152,0.7029130847082615,False,test
-0.0771466213272071,1,0.028213817338339,1.0,0.0003022221959348,0.986159169550173,2022-02-22,Tehran,2.3961226093555323,-8.104348062990896,-3.567943444500532,0.7905633969115482,0.612380204990065,False,test
-0.1143363429532691,1,0.0270557948623773,1.0,0.0002235904020462,0.9204152249134948,2022-03-01,Tehran,18.917300331691273,-8.405694742263833,-3.60985406881883,0.8584015232918917,0.512978386299228,False,test
-0.2383733913833029,1,0.0266446777272731,1.0,0.0001937988182242,0.9930795847750864,2022-03-08,Tehran,21.883030364106904,-8.548689956440546,-3.6251658583610276,0.9138076496466615,0.4061472386305789,False,test
0.3868494337109052,1,0.0278403129683362,1.0,0.0001550820283479,0.9965397923875432,2022-03-15,Tehran,6.863104960783706,-8.771556365882235,-3.5812702019003626,0.9559793438440766,0.2934339689665273,False,test
0.41622415440993,1,0.0267229171016872,1.0,0.0001209278789779,1.0,2022-03-22,Tehran,11.028378969484113,-9.020316231575846,-3.6222337633052915,0.984305844499033,0.17647097349152166,False,test
0.5270893454813589,1,0.029024555527503,1.0,0.000201954068401,1.0,2022-03-29,Tehran,0.6088922266374874,-8.507470270572231,-3.539613064952023,0.998376906467142,0.056952196034039754,False,test
0.4538782868347815,1,0.0280754926198955,1.0,0.0001685775831866,0.9826989619377162,2022-04-05,Tehran,4.558532586145536,-8.688114479797383,-3.5728582319436084,0.9979887423155984,-0.06339140486951038,False,test
0.388150385090858,1,0.0271315486054956,1.0,0.0001845681999564,0.9377162629757786,2022-04-12,Tehran,11.579166372396008,-8.59749151532632,-3.6070580730153377,0.9831469737221499,-0.1828169249850199,False,test
0.5019591752014706,1,0.0285123752833375,1.0,0.0001895634965388,1.0,2022-04-19,Tehran,3.567000509586836,-8.5707865154832,-3.557417065485976,0.9540665500578387,-0.2995947563972602,False,test
-0.2692449709391369,1,0.0262740987388742,1.0,0.0001723505284422,0.7301038062283737,2022-04-26,Tehran,16.759867632369875,-8.665980198906883,-3.639171663896887,0.9111686353326631,-0.41203363695942635,False,test
0.3433128971812885,1,0.0263764071740069,1.0,9.569131991681568e-05,1.0,2022-05-03,Tehran,9.045272358365311,-9.25438296459266,-3.635285336040122,0.8550745085896932,-0.518505144391157,False,test
0.5155143868627274,1,0.0283757025898045,1.0,0.0001957170520751,1.0,2022-05-10,Tehran,5.26621053649844,-8.538840553607018,-3.5622220426129485,0.7865965660866021,-0.6174672802835514,False,test
1.0511423348886084,1,0.0276666138213239,1.0,0.0001705737526479,1.0,2022-05-17,Tehran,2.112464750131819,-8.676342787920918,-3.587528869928103,0.7067265555776159,-0.7074868024503348,False,test
0.8598135501597611,1,0.0280198445079937,1.0,0.0001524534368473,1.0,2022-05-24,Tehran,4.798580394892891,-8.788651340689011,-3.5748422874108114,0.6166212130956382,-0.7872599821916922,False,test
0.6350191496474381,1,0.0275864089061523,1.0,0.0001214831113661,1.0,2022-05-31,Tehran,4.9721908488662265,-9.015735305947278,-3.590432058479475,0.5175855102531889,-0.8556314858488706,False,test
0.8565309225283106,1,0.0268219737816761,1.0,0.0001183442094875,1.0,2022-06-07,Tehran,3.5530305494243226,-9.041913150218567,-3.6185338101871145,0.4110537546870351,-0.9116111071930239,False,test
0.97151503086155,1,0.0286998833962372,1.0,0.0001366225951051,1.0,2022-06-14,Tehran,1.7318745449770168,-8.898288213780955,-3.550862219073693,0.2985688173637202,-0.9543881083175908,False,test
1.197416521818787,1,0.0278148516299019,1.0,0.0001141831774647,1.0,2022-06-21,Tehran,0.5064890730722433,-9.077706579257827,-3.5821851696448435,0.18175978759137534,-0.9833429613388902,False,test
1.22641512377843,1,0.0298892175354226,1.0,0.0001450475305404,1.0,2022-06-28,Tehran,1.4828687950038195,-8.838449072426998,-3.510257481168034,0.062318379354325076,-0.998056320853012,False,test
1.1673175540278091,1,0.0285652753045366,1.0,0.0001456605928186,1.0,2022-07-05,Tehran,1.4036006812842878,-8.834231349303616,-3.555563449024863,-0.05802556932878035,-0.9983150972033183,False,test
1.3035272776213591,1,0.0288759702936171,1.0,0.0001554036131065,1.0,2022-07-12,Tehran,0.3028422076153435,-8.769484869937434,-3.544745507462605,-0.17752914918703497,-0.984115542601034,False,test
0.957029982523268,1,0.0297319539618817,1.0,0.000143333555543,1.0,2022-07-19,Tehran,2.432852994077753,-8.850336087645978,-3.515532920556933,-0.2944616217868012,-0.9556633054034704,False,test
0.3193009158778787,1,0.0282880227876362,1.0,0.0001306303875599,1.0,2022-07-26,Tehran,14.641532781434751,-8.943138691618024,-3.5653167869688223,-0.4071294853542516,-0.9133704517637858,False,test
0.4388803015119156,1,0.0269064804064153,1.0,0.0001102681537323,1.0,2022-08-02,Tehran,2.6507464765069564,-9.112595397488839,-3.615388114086164,-0.5139010013093103,-0.8578494977869301,False,test
0.6492236925085813,1,0.0279243522762302,1.0,0.0001759375708234,1.0,2022-08-09,Tehran,2.0927689508174385,-8.645381337081714,-3.578256129417452,-0.6132298262997502,-0.7899045386224707,False,test
0.6203385560308972,1,0.0294662797937693,1.0,0.0002318698557485,1.0,2022-08-16,Tehran,1.0296481221916456,-8.369334310299887,-3.5245087272635627,-0.7036774074790128,-0.7105196029692745,False,test
0.5538045301598208,1,0.0297688484127732,1.0,0.0002229481956317,1.0,2022-08-23,Tehran,2.136626082705093,-8.408571120075814,-3.5142927875117476,-0.7839338166829201,-0.620844401650647,False,test
0.620299191799705,1,0.0296892546790916,1.0,0.0002660013227623,1.0,2022-08-30,Tehran,0.390340777918616,-8.232009276404337,-3.51697009395398,-0.8528367217694595,-0.522177676659508,False,test
0.3852778875298795,1,0.0270489953914651,1.0,0.0001639667334446,1.0,2022-09-06,Tehran,3.0209296357141007,-8.715846995565874,-3.610105413327,-0.9093882203647925,-0.4159483918249421,False,test
0.540552649233243,1,0.0264251603499799,1.0,0.0001889028121264,1.0,2022-09-13,Tehran,2.565024740650304,-8.574277896715316,-3.633438679127694,-0.9527692922168511,-0.30369503751065885,False,test
0.3224800790052615,1,0.0271745263644931,1.0,0.0001615243114342,1.0,2022-09-20,Tehran,2.321898003145889,-8.730854891434564,-3.6054752752162424,-0.9823516608469237,-0.18704334906991657,False,test
0.5118169905323033,1,0.027493459340059,1.0,0.0001874809164695,1.0,2022-09-27,Tehran,1.0142267043190902,-8.58183349656296,-3.593807144778221,-0.9977068927101168,-0.06768276175455162,False,test
0.4868046474154219,1,0.0270126256800627,1.0,0.000232141158682,1.0,2022-10-04,Tehran,0.9966203134953024,-8.368164928729284,-3.61145090449683,-0.9986126020839734,0.052658056924614005,False,test
0.2432084828922453,1,0.0253570239710267,1.0,0.0002125805310213,1.0,2022-10-11,Tehran,1.0194738373516632,-8.456189671878612,-3.6746995075995237,-0.9850556718215013,0.172236243027682,False,test
-0.0735428345403036,1,0.0257986231933612,1.0,0.0002161189383348,1.0,2022-10-18,Tehran,4.530602979909337,-8.439681661388038,-3.6574341530769092,-0.957232443323312,0.2893199776186952,False,test
0.0302596083792551,1,0.0249030833697204,1.0,0.0002366052445413,1.0,2022-10-25,Tehran,4.1023393576256195,-8.349117440387973,-3.6927636530685373,-0.9155458729775467,0.40221356823680365,False,test
-0.0416023102355779,1,0.0249506456695081,1.0,0.0002702849194937,1.0,2022-11-01,Tehran,6.602811651683451,-8.216033897974508,-3.6908555785820543,-0.8605996962501181,0.5092820071573356,False,test
-0.2030334898956315,1,0.0262656634690493,1.0,0.0004038044442119,1.0,2022-11-08,Tehran,1.7523632993396725,-7.814579846173096,-3.6394927643184687,-0.7931896839451843,0.6089746507720486,False,test
-0.1635553630087006,1,0.027596459670962,1.0,0.0004370786111858,1.0,2022-11-15,Tehran,3.8132821528438128,-7.735397490749619,-3.5900677872779228,-0.7142921172691032,0.699847677146407,False,test
-0.0797035119915948,1,0.027429813384333,1.0,0.0004324627751425,1.0,2022-11-22,Tehran,2.850147827369388,-7.746014304331174,-3.59612477739762,-0.6250496486104377,0.7805849965070866,False,test
-0.4399587593595813,1,0.0260480275119685,1.0,0.0004456706938496,0.9792387543252596,2022-11-29,Tehran,16.595841814631402,-7.715930233259525,-3.647813232959843,-0.5267547528105542,0.8500173118187018,False,test
-0.6123021101117574,1,0.028712829610969,1.0,0.000546164075097,0.8512110726643599,2022-12-06,Tehran,0.5476066644459066,-7.512591123520945,-3.55041123132993,-0.42083100859565564,0.9071390534005044,False,test
-0.2817796155064887,1,0.0309607528745795,1.0,0.0006376908703043,0.9826989619377162,2022-12-13,Tehran,1.4351475727172658,-7.3576569213453435,-3.4750349129019034,-0.30881248126625377,0.9511229423235357,False,test
-0.5821509763170535,1,0.028267388843,1.0,0.0005122798474963,0.9550173010380624,2022-12-20,Tehran,10.669360598300088,-7.576639505102434,-3.566046476487714,-0.19232150523909483,0.9813319716704275,False,test
-0.7058534135963931,1,0.0330880415715324,1.0,0.0007329782038231,0.9342560553633218,2022-12-27,Tehran,0.1287263160576028,-7.218394592095313,-3.4085833437039375,-0.07304518821104743,0.9973286321364752,False,test
-0.4217627003028305,1,0.0276598361000997,1.0,0.0005644275251784,0.8823529411764706,2023-01-03,Tehran,4.206110145367574,-7.4796985702548655,-3.587773878283699,0.051584366869408364,0.9986686402879997,False,test
-0.5880153737380823,1,0.0277792900493798,1.0,0.0005838172522644,0.740484429065744,2023-01-10,Tehran,7.684741309772116,-7.445922548311837,-3.583464498160337,0.17117705961019986,0.985240282501282,False,test
-0.6350706126533499,1,0.0322768320980805,1.0,0.0006065577722563,0.9342560553633218,2023-01-17,Tehran,0.6690846196197687,-7.407710578953752,-3.433405578621771,0.2882906407095177,0.9575429528116719,False,test
-0.434062585951475,1,0.0316824384300999,1.0,0.0005984779172248,0.9377162629757786,2023-01-24,Tehran,7.247068729571432,-7.421120930514455,-3.4519927443509073,0.4012289854475009,0.9159777842484877,False,test
-0.2265063394276961,1,0.0267676922487524,1.0,0.0003377395676953,0.6055363321799307,2023-01-31,Tehran,25.03918496114727,-7.993235469253701,-3.6205596317870086,0.5083564379375122,0.8611467540480452,False,test
-0.5293298248545315,1,0.0277539124301735,1.0,0.0003017188086012,0.5501730103806228,2023-02-07,Tehran,19.687893568679986,-8.106015071676817,-3.5843784602529136,0.6081214998935418,0.7938439653781019,False,test
-0.2794186239280609,1,0.0275772950049279,1.0,0.0004317762905108,0.6747404844290658,2023-02-14,Tehran,9.601019420274527,-7.747602949888546,-3.5907624895659014,0.6990793005655562,0.7150441465537444,False,test
0.0422561989203921,1,0.0275182391111802,1.0,0.0003131427412844,0.8858131487889274,2023-02-21,Tehran,0.3627179931976252,-8.068851428937698,-3.592906253749775,0.7799125224167177,0.6258885343075018,False,test
0.2683543662047005,1,0.0289899280877062,1.0,0.0003116281427171,0.986159169550173,2023-02-28,Tehran,1.163649850674914,-8.073699931238874,-3.540806816641294,0.8494504794814806,0.527668345562516,False,test
-0.5234630998863748,1,0.0277062543462926,0.9653979238754326,0.0004155483215205,0.8546712802768166,2023-03-07,Tehran,32.87600150248102,-7.785911653149188,-3.586097102600448,0.9066860720977985,0.4218060770826634,False,test
-0.1677500863167417,1,0.0269363083954199,1.0,0.0002298324117769,0.9065743944636678,2023-03-14,Tehran,11.25815510009667,-8.378160159079727,-3.614280147997492,0.9507903724625832,0.3098349038318025,False,test
-0.3307255644701184,1,0.0268979357273742,1.0,0.0001770136244917,0.740484429065744,2023-03-21,Tehran,26.54084914649225,-8.639283853823454,-3.615705734078236,0.981124629771712,0.19337647441020586,False,test
0.0992114817784799,1,0.0270102690203503,1.0,0.0001335129313194,0.9377162629757786,2023-03-28,Tehran,4.351885773404857,-8.921312220999235,-3.611538151199435,0.9972495210773451,0.07411742515094437,False,test
0.4965185432206295,1,0.0286790561962313,1.0,0.000177372086535,0.9826989619377162,2023-04-04,Tehran,1.9294401521205553,-8.637260848073511,-3.551588171873396,0.9989315138848577,-0.046215046983708354,False,test
-0.0903015215923617,1,0.0289960416504845,1.0,0.0001851213018447,0.9965397923875432,2023-04-11,Tehran,17.191281526643905,-8.594499262106837,-3.5405959531228066,0.986146248341595,-0.16587819893463143,False,test
0.1517692103891581,1,0.0280303558117661,1.0,0.0001621126174176,0.9792387543252596,2023-04-18,Tehran,1.9313597409466747,-8.72721929500566,-3.5744672199236067,0.9590788900341131,-0.28313898122818354,False,test
-0.2379152428807519,1,0.0277257325668075,1.0,0.0001665918501719,0.9792387543252596,2023-04-25,Tehran,8.314916151803349,-8.699963747964096,-3.585394323486752,0.9181214482844365,-0.39629913726891813,False,test
0.609228643693417,1,0.028552620732956,1.0,0.0001691733925881,1.0,2023-05-02,Tehran,4.414067333341336,-8.684586377365337,-3.5560065525936406,0.8638670987837349,-0.503719798736334,False,test
0.3833707886217853,1,0.0284732745982977,1.0,0.0001383276493413,1.0,2023-05-09,Tehran,7.343463074021889,-8.885885416344902,-3.5587893650476103,0.7971015927871943,-0.6038452208771035,False,test
0.3017698127300363,1,0.0289816295412033,1.0,0.0001704426531805,1.0,2023-05-16,Tehran,5.073757604130005,-8.677111662799767,-3.5410931138152533,0.7187918772884232,-0.6952253139408723,False,test
0.377971056034065,1,0.0279256614696195,1.0,0.0001280776962178,0.9965397923875432,2023-05-23,Tehran,4.945795528451182,-8.962873476494112,-3.5782092469441373,0.6300720909843687,-0.7765366444428655,False,test
0.1318823823815128,1,0.0282486826316022,1.0,0.0001169067480096,1.0,2023-05-30,Tehran,4.282533733911387,-9.054133966519235,-3.566708454986673,0.5322271388474397,-0.8466016020976267,False,test
0.135484942319972,1,0.0268742308649983,1.0,0.000147446026823,1.0,2023-06-06,Tehran,19.32826962981942,-8.82204836899347,-3.6165874119206483,0.42667408318992467,-0.9044054548343001,False,test
0.7676862308191372,1,0.0290343215679445,1.0,0.0001221120900924,1.0,2023-06-13,Tehran,3.0599658962259415,-9.010571163793795,-3.5392766464395686,0.31494162072895193,-0.9491110448902284,False,test
0.8626296142756038,1,0.0309761387698262,1.0,0.0001552262735814,1.0,2023-06-20,Tehran,2.5384196511722803,-8.770626676002895,-3.474538087983678,0.19864794288017112,-0.9800709131432666,False,test
0.7495184883792727,1,0.0301872473177152,1.0,0.0001315186039798,1.0,2023-06-27,Tehran,2.985725989358342,-8.936362241221559,-3.500335718032032,0.07947729992362097,-0.9968366760893436,False,test
0.9430742774053926,1,0.029707484404865,1.0,0.000118929275529,1.0,2023-07-04,Tehran,3.267155427595904,-9.03698156481855,-3.516356264756386,-0.04084439154329611,-0.9991655196610109,False,test
0.9609402113008602,1,0.0298051511943838,1.0,0.0001221918097575,1.0,2023-07-11,Tehran,2.2453261523121992,-9.009918536733986,-3.513074041537212,-0.16057454459499376,-0.9870237158387383,False,test
0.5507629660586043,1,0.0286470555585337,1.0,0.0001284690274334,1.0,2023-07-18,Tehran,6.306286060521171,-8.959822714328489,-3.5527046139289262,-0.2779791393987801,-0.9605871111248129,False,test
0.4527874038728849,1,0.0296976241900064,1.0,0.0001115435711563,1.0,2023-07-25,Tehran,4.8382531077609405,-9.101095270693627,-3.51668822997562,-0.3913578365610259,-0.9202385798054075,False,test
0.6279081685547082,1,0.0288978112658161,1.0,0.0001022667603275,0.9896193771626296,2023-08-01,Tehran,2.578667974674384,-9.187925861290614,-3.543989421478619,-0.4990686026885319,-0.8665624788845385,False,test
0.4626057772349546,1,0.0305716997550667,1.0,0.0001682351788962,1.0,2023-08-08,Tehran,2.537254206914726,-8.690147683089554,-3.4876805425621056,-0.5995514915196489,-0.8003361849976323,False,test
0.2611639863187871,1,0.0308042436941005,1.0,0.0001770514035024,1.0,2023-08-15,Tehran,2.3695951711936485,-8.639070452284999,-3.480102816217724,-0.6913512362094071,-0.722518835873311,False,test
0.4462289118042294,1,0.0295435898885987,1.0,0.0001510436670481,1.0,2023-08-22,Tehran,2.9035626688817637,-8.797941577206482,-3.5218884829051955,-0.7731383255706027,-0.6342374393978054,False,test
0.3156675870928929,1,0.0304067081827952,1.0,0.000153566912771,1.0,2023-08-29,Tehran,3.8069372210448553,-8.78137417210226,-3.4930920310049234,-0.8437282590292712,-0.5367705514607103,False,test
0.5448504158597169,1,0.0280939933942539,1.0,0.0001597455445544,1.0,2023-09-05,Tehran,2.4018494313430256,-8.741928355208868,-3.5721994837035846,-0.9020987014301837,-0.4315297589714715,False,test
0.5315881173140892,1,0.0294539395355927,1.0,0.0001623934871132,1.0,2023-09-12,Tehran,2.605911161764558,-8.725488235023642,-3.524927607522241,-0.9474042892438845,-0.32003923622313857,False,test
0.547321836331905,1,0.0305835174328838,1.0,0.000216997338372,1.0,2023-09-19,Tehran,2.4109192845575844,-8.435625470065858,-3.487294061129855,-0.9789888737409319,-0.20391367068311472,False,test
-0.0080997543206019,1,0.0277544657163893,1.0,0.000208633362968,1.0,2023-09-26,Tehran,1.8969413005861564,-8.474932090659879,-3.584358525020277,-0.9963950238187231,-0.08483487790576538,False,test
0.2594720631373716,1,0.0268491045662767,1.0,0.0002037674441117,1.0,2023-10-03,Tehran,2.836987971333088,-8.498531194235934,-3.6175228080702713,-0.9993706508539969,0.03547255575312556,False,test
-0.2265365110244217,1,0.0253019115025731,1.0,0.0002057451778393,1.0,2023-10-10,Tehran,13.918312535129449,-8.488872155671782,-3.676875332641294,-0.9878726596350429,0.15526624985999563,False,test
-0.1269005972611324,1,0.0269354316317013,1.0,0.0002176950716421,1.0,2023-10-17,Tehran,2.194690306902604,-8.432415228279977,-3.6143126980401763,-0.9620675724981452,0.27281126433401914,False,test
0.1440950196283678,1,0.0273786792002079,1.0,0.0002783340533316,1.0,2023-10-24,Tehran,0.6729683384185414,-8.186688534964754,-3.5979906998687494,-0.9223291176290545,0.3864052261209853,False,test
-0.4328158321585962,1,0.027777496007412,1.0,0.0002877348420287,0.986159169550173,2023-10-31,Tehran,8.701900309606879,-8.153471189321644,-3.583529082240726,-0.8692328164574792,0.4944029842076182,False,test
-0.1990329023992255,1,0.0294779628949171,1.0,0.0003706971977293,1.0,2023-11-07,Tehran,0.8801177009994777,-7.900125007239181,-3.5241123153065033,-0.8035476485339116,0.5952404359043674,False,test
0.1370789146891088,1,0.0300961786520527,1.0,0.0003737146447499,1.0,2023-11-14,Tehran,7.503247514179188,-7.89201803372075,-3.503357070368091,-0.7262249146041543,0.6874571793269664,False,test
-0.1238244520774961,1,0.0301416476558955,1.0,0.0006349158075308,1.0,2023-11-21,Tehran,5.107126371882252,-7.362018154427627,-3.5018474205262846,-0.6383844591746642,0.769717664006921,False,test
-0.2223930631464915,1,0.0314448441616289,1.0,0.0005399304946639,1.0,2023-11-28,Tehran,2.3755207972323276,-7.5240701402756285,-3.4595202469019912,-0.5412984521036173,0.8408305333122887,False,test
-0.0169987868363873,1,0.0305122850585909,1.0,0.000433028627728,1.0,2023-12-05,Tehran,0.7599888982411492,-7.744706717302009,-3.4896258876601474,-0.4363729641045924,0.8997658785476209,False,test
-0.3912860239488707,1,0.0302068649289643,1.0,0.0004725438258548,1.0,2023-12-12,Tehran,4.614197326819302,-7.65738006219993,-3.499686064904954,-0.3251276029999093,0.9456701548465688,False,test
-0.4761545444790449,1,0.0301029195017278,1.0,0.0004106651009602,1.0,2023-12-19,Tehran,8.33901405233298,-7.797732515143102,-3.5031331185179804,-0.20917350564635637,0.9778785428342386,False,test
-0.1243073451640953,1,0.0308521657937036,1.0,0.00040637371784,1.0,2023-12-26,Tehran,0.3581081483423488,-7.808237334460531,-3.478548327085085,-0.09019000427034513,0.9959245770286599,False,test
-0.2270962930962982,1,0.0302036082094168,1.0,0.0004226332313398,1.0,2024-01-02,Tehran,2.4648338235575644,-7.769005820427164,-3.499793884605131,0.03439806061360801,0.9994082116062598,False,test
-0.5889398811991969,1,0.0267965172900984,0.8996539792387543,0.0003399269503487,0.8581314878892734,2024-01-09,Tehran,24.24246864759428,-7.986779815353635,-3.619483351771801,0.1542040475626894,0.988039023376751,False,test
-0.1594554307037354,1,0.0339287952392872,1.0,0.0005219512771828,0.9653979238754326,2024-01-16,Tehran,1.3592910257013215,-7.557936313168234,-3.383491208058152,0.2717767384711357,0.9623603298276545,False,test
-0.4702518471885456,1,0.0272476483411228,1.0,0.0002266588397662,0.7058823529411765,2024-01-23,Tehran,27.517363510251357,-8.392064579501657,-3.6027880610052296,0.38541335945432564,0.9227440286201427,False,test
-0.5173444004089636,1,0.0288418131172738,1.0,0.0003737439897265,0.6470588235294118,2024-01-30,Tehran,12.008380515561786,-7.891939514388009,-3.5459291003974784,0.49346814167723735,0.8697638720650646,False,test
-0.3696791393784984,1,0.0314615045835573,1.0,0.0004621957658514,0.8477508650519031,2024-02-06,Tehran,1.490957028514749,-7.679522021024025,-3.458990557207699,0.5943761565849831,0.804187157621448,False,test
-0.3800110321858266,1,0.0320167776223949,1.0,0.0004586375049405,0.986159169550173,2024-02-13,Tehran,26.12695439597051,-7.687250409505187,-3.4414952128801586,0.6866759803451553,0.726963615332308,False,test
-0.6474838110776021,1,0.0293991032074946,1.0,0.0002336033799917,0.7335640138408305,2024-02-20,Tehran,19.51587120674813,-8.361885837972327,-3.526791108249174,0.7690308592589181,0.6392116531380588,False,test
-0.6580877819803511,1,0.0309658042134322,1.0,0.0005579479788159,0.7647058823529411,2024-02-27,Tehran,6.643782132111758,-7.491244827857451,-3.4748717732377132,0.8402480696078469,0.5422021592729844,False,test
-0.3446414177418102,1,0.0296600822463966,1.0,0.0002180211319904,0.8373702422145328,2024-03-05,Tehran,9.9952374373817,-8.43091856413737,-3.5179531693026083,0.8992961915530253,0.4373400963303323,False,test
-0.3261136836193438,1,0.0286967818757838,1.0,0.0003086124662671,0.9273356401384084,2024-03-12,Tehran,7.495552169356678,-8.08342422265183,-3.550970292267204,0.945320046913132,0.3261441535642696,False,test
-0.3910651296728031,1,0.0271670897650217,1.0,0.0001415193799031,0.8927335640138409,2024-03-19,Tehran,29.44761284974447,-8.86307388981327,-3.605748973352128,0.9776530844816641,0.2102247521189836,False,test
-0.0133479750166037,1,0.0291941623322995,1.0,0.0001751119904253,0.9065743944636678,2024-03-26,Tehran,1.737049996352711,-8.650084843431,-3.533786509821323,0.9958270335100595,0.09126072172931188,False,test
0.2837752814898171,1,0.0303162817591279,1.0,0.0002023928065895,1.0,2024-04-02,Tehran,1.6989543075325462,-8.505300161748256,-3.4960703590021867,0.9995786855478958,-0.029025013321975237,False,test
-0.1207151330168479,1,0.030158011523137,1.0,0.0002109256963958,0.9930795847750864,2024-04-09,Tehran,8.4144430123146,-8.464004636290442,-3.501304668946392,0.9888537064205885,-0.1488903868564548,False,test
-0.2288466798772285,1,0.0321764335238623,1.0,0.0002356417735186,0.9930795847750864,2024-04-16,Tehran,8.024752184278261,-8.353197814948855,-3.436520972526251,0.9638074231367307,-0.26659942067929354,False,test
0.2622982184560079,1,0.0315321699551051,1.0,0.0002128453655469,1.0,2024-04-23,Tehran,18.45978074679604,-8.45494463925626,-3.456746985874318,0.9248025743285089,-0.38044736628785164,False,test
-0.4187561453472847,1,0.0280282506930805,1.0,0.0001080783088408,0.986159169550173,2024-04-30,Tehran,14.887752372398424,-9.132654511725647,-3.5745423241339265,0.8724040568049612,-0.48878539428899265,False,test
-0.2109134345659426,1,0.0286077492750297,1.0,0.0001574726925921,0.986159169550173,2024-05-07,Tehran,18.10395752657392,-8.756258495098319,-3.5540776441852797,0.8073707443023492,-0.5900444739548627,False,test
0.0356112982924219,1,0.0289694467431152,1.0,0.0001405504913263,1.0,2024-05-14,Tehran,8.708926885966415,-8.869943764877537,-3.54151356496297,0.7306444969184916,-0.6827580970759147,False,test
0.132985957722466,1,0.0295985312218712,1.0,0.0001239114406277,0.9930795847750864,2024-05-21,Tehran,12.56520760108308,-8.995943435999617,-3.520030539766009,0.6433365204044917,-0.765583517007675,False,test
0.648228826239288,1,0.0314239586151551,1.0,0.0001486187938374,1.0,2024-05-28,Tehran,2.018947647139808,-8.814125961016774,-3.4601846637930294,0.5467112728685939,-0.8373211953118121,False,test
0.3571198795915893,1,0.0294592539467134,1.0,0.0001161870919541,1.0,2024-06-04,Tehran,6.428411424313542,-9.060308804449187,-3.524747192548243,0.44216815196707204,-0.8969321743510065,False,test
0.2149203160584023,1,0.0297655582493033,1.0,0.0001391349754601,1.0,2024-06-11,Tehran,12.5469897930346,-8.880066049518684,-3.514403317326613,0.3312212278016865,-0.9435531242349544,False,test
0.0190797468569463,1,0.0292044766944475,1.0,0.000135453528674,0.9653979238754326,2024-06-18,Tehran,8.99216111064505,-8.90688193828487,-3.5334332700052196,0.21547731504673012,-0.976508846196619,False,test
0.4528502647364184,1,0.0301298214250282,1.0,0.0001130746350829,0.9965397923875432,2024-06-25,Tehran,9.035812357261037,-9.087462469818487,-3.5022398526736804,0.0966127018812031,-0.9953220513156602,False,test
0.6292391626230245,1,0.0303391662535099,1.0,0.0001152085525615,1.0,2024-07-02,Tehran,7.549723358495363,-9.068766571472965,-3.4953157855477768,-0.023651127245231586,-0.9997202729664083,False,test
0.4504576468915144,1,0.0299345174938861,1.0,0.0001203239289803,1.0,2024-07-09,Tehran,6.563695663535411,-9.025323043871852,-3.5087430331951865,-0.1435724234118113,-0.9896398128792412,False,test
0.5043344410300565,1,0.0293347407734959,1.0,0.0001120913077864,1.0,2024-07-16,Tehran,6.107972350867348,-9.096196770710547,-3.5289827734084547,-0.2614143985111562,-0.965226663665613,False,test
0.570323890706595,1,0.0307401500598993,1.0,0.0001233187747172,1.0,2024-07-23,Tehran,4.823951851044807,-9.00073789079523,-3.4821856592993696,-0.3754703786876202,-0.9268343944460494,False,test
0.6259790915885115,1,0.0309405225487073,1.0,0.0001320335284883,1.0,2024-07-30,Tehran,3.17855346377146,-8.93245466393214,-3.4756885448813457,-0.48408852163897587,-0.8750190302029955,False,test
0.1532548514695788,1,0.0316830389391363,1.0,0.0001216857657163,1.0,2024-08-06,Tehran,1.4978257260871428,-9.014068526879589,-3.4519737905274264,-0.5856957398073508,-0.8105309990194823,False,test
0.3872409677541597,1,0.0315803450395418,1.0,0.0001464332832794,1.0,2024-08-13,Tehran,6.0589952083630125,-8.828940637471332,-3.455220344326367,-0.6788204829862357,-0.734304263829602,False,test
0.0887809694537746,1,0.0315380455388507,1.0,0.0001440556405959,1.0,2024-08-20,Tehran,2.8480426512500405,-8.845310939991752,-3.4565606670638753,-0.7621140503891487,-0.6474427960827475,False,test
0.4781020080911868,1,0.0322479962912226,1.0,0.0002003027342771,1.0,2024-08-27,Tehran,4.59743289167604,-8.515680664476537,-3.4342993681752607,-0.8343701235229537,-0.5512045872199277,False,test
0.6098878541340887,1,0.0320749324310341,1.0,0.0002274086898667,1.0,2024-09-03,Tehran,1.6652960351075408,-8.388761763364343,-3.439680475075513,-0.8945422369764496,-0.4469834295196742,False,test
0.2657138313013241,1,0.0306006428275527,1.0,0.0001975031518978,0.9896193771626296,2024-09-10,Tehran,8.045912677530808,-8.529756014774238,-3.4867342628080924,-0.9417589340994617,-0.33628873017668287,False,test
0.0730278951670275,1,0.0291044686219743,1.0,0.0001987833753078,1.0,2024-09-17,Tehran,2.8065287116691056,-8.523294892450856,-3.5368635557013697,-0.9753363880767837,-0.2207236509605022,False,test
-0.1874273834876506,1,0.0285954909143846,1.0,0.0001924381110745,0.9826989619377162,2024-09-24,Tehran,29.92021815497997,-8.555735956840621,-3.5545062339222304,-0.994788305609327,-0.10196189005174576,False,test
0.070543092857391,1,0.0290513231597182,1.0,0.0002243592149561,1.0,2024-10-01,Tehran,2.8523833333650197,-8.402262152367076,-3.538691249054761,-0.999832969770105,0.018276557681691223,False,test
0.018966494601964,1,0.0300077710151796,1.0,0.0003012012974454,1.0,2024-10-08,Tehran,0.7060979210112048,-8.107731754460163,-3.506298897024134,-0.9903973200352558,0.13825031091098192,False,test
-0.0609366373782495,1,0.0278083267026314,1.0,0.0002282445183632,1.0,2024-10-15,Tehran,1.7694745976264763,-8.385093054710989,-3.58241978145582,-0.9666180104000972,0.2562218218071163,False,test
-0.0050640452950044,1,0.0291048356948107,1.0,0.000295553998911,1.0,2024-10-22,Tehran,16.998762780887596,-8.1266590003811,-3.5368509435308337,-0.9288394302558068,0.3704825404820963,False,test
-0.3334229056673394,1,0.0287113128073298,0.903114186851211,0.0004887910868222,1.0,2024-10-29,Tehran,7.8969253794363405,-7.623575385088611,-3.5504640594114885,-0.8776087166898392,0.4793776594606945,False,test
-0.237835681073685,1,0.0283451840287082,1.0,0.0003548977740228,1.0,2024-11-05,Tehran,3.790095927986441,-7.943680770456599,-3.563298138769433,-0.8136678304455991,0.5813300798152042,False,test
-0.462021711986393,1,0.0287019571911032,1.0,0.0004089512022396,1.0,2024-11-12,Tehran,16.84994709814224,-7.8019147189670965,-3.550789963729764,-0.7379428103031386,0.6748632518680403,False,test
-0.4237894989784935,1,0.0287139316371929,1.0,0.0003288781462866,1.0,2024-11-19,Tehran,5.750240108390345,-8.019823251833616,-3.550372851097436,-0.6515303615068021,0.75862255966641,False,test
-0.1245118511109691,1,0.0322114183059037,1.0,0.000453307052027,1.0,2024-11-26,Tehran,4.419677040721235,-7.698940843052665,-3.435434283516136,-0.5556819724760489,0.8313949395234058,False,test
-0.1971115315875397,1,0.0353602272904793,1.0,0.0006713791122639,1.0,2024-12-03,Tehran,2.721772566785356,-7.3061765846203395,-3.342167613335183,-0.451785789832884,0.8921264484954345,False,test
-0.53198979614658,1,0.0303613128014814,1.0,0.0004362537538964,1.0,2024-12-10,Tehran,7.322050483412872,-7.737286479564545,-3.4945860862340656,-0.34134651424503615,0.9399375283564133,False,test
-0.4408874079877322,1,0.0324525317966832,1.0,0.0006877257309065,1.0,2024-12-17,Tehran,0.4209038518388083,-7.282120446449972,-3.4279768174061185,-0.22596360824801906,0.974135744004672,False,test
-0.290718072735159,1,0.0328965977283957,1.0,0.0005036450445895,1.0,2024-12-24,Tehran,8.741709646835178,-7.593638814620314,-3.414386039069022,-0.10730813165636247,0.9942258118156161,False,test
-0.5230732073494491,1,0.0323065021208139,1.0,0.000529438961603,1.0,2024-12-31,Tehran,3.1011947579833388,-7.543692675104848,-3.4324867649625017,0.012901459949419653,0.9999167727021953,False,test
-0.5595127493665849,1,0.0335623770961887,1.0,0.000599840568405,1.0,2025-01-07,Tehran,1.9440944372961837,-7.418846657382763,-3.3943495686582703,0.1201261651823505,0.9927586335250793,False,test
-0.350364073048206,1,0.0295174348658928,1.0,0.0004394622721502,1.0,2025-01-14,Tehran,5.353044337310002,-7.729958687185396,-3.5227741778122654,0.23851257519407648,0.9711394088771653,False,test
-0.5339903826753927,1,0.0307213898364419,1.0,0.0004327698682806,0.9930795847750864,2025-01-21,Tehran,7.990937818759757,-7.745304453279369,-3.482796129654381,0.3534446712740877,0.9354554315134164,False,test
-0.6693387857797602,1,0.0324266357552957,1.0,0.0005209878625672,1.0,2025-01-28,Tehran,0.4203666656858255,-7.559783812898396,-3.428775102702919,0.4632579225674917,0.88622350294858,False,test
-0.3613289879751447,1,0.0303532178116718,1.0,0.0005277152798559,0.9826989619377162,2025-02-04,Tehran,18.17229047673654,-7.546953662398804,-3.4948527436478947,0.5663619330814524,0.8241566360566663,False,test
-0.4227382516873711,1,0.0294735790882272,1.0,0.0003861721886328,0.9896193771626296,2025-02-11,Tehran,7.551527940453966,-7.85922720342464,-3.5242610410751776,0.6612634749656386,0.7501537286959042,False,test
-0.3837081730137856,1,0.0299711620278259,1.0,0.000406960370235,0.9930795847750864,2025-02-18,Tehran,20.072644376693432,-7.806794747692463,-3.5075196253713226,0.746588114532413,0.6652865452111116,False,test
-0.167144473749371,1,0.0301234773920291,1.0,0.0003292309102283,0.9653979238754326,2025-02-25,Tehran,1.6562040980222512,-8.018751198586532,-3.502450431451842,0.8211001178128892,0.5707841943569036,False,test
-0.5771979251235191,1,0.0295194327341745,0.9896193771626296,0.0004393537262707,0.9757785467128028,2025-03-04,Tehran,13.768850108027213,-7.730205714732111,-3.5227064957565033,0.8837203473619977,0.4680153284438345,False,test
-0.4291385477325296,1,0.0327297983603835,1.0,0.0003785311873442,1.0,2025-03-11,Tehran,2.6255568288183717,-7.8792120912706665,-3.4194693511851377,0.9335418911179212,0.35846832151248087,False,test
-0.328378879881451,1,0.0265618319887457,1.0,0.000155987853607,0.9965397923875432,2025-03-18,Tehran,27.3763795646278,-8.76573241523969,-3.6282799812727196,0.969843196967294,0.24372971360968387,False,test
-0.0168328843685694,1,0.0295143676305762,1.0,0.0001962062726569,1.0,2025-03-25,Tehran,2.0246241142961523,-8.536344040615726,-3.522878095876415,0.992098522791769,0.12546123335273648,False,test
-0.2352975481838494,1,0.0279637744333728,1.0,0.000119217245997,1.0,2025-04-01,Tehran,13.974308679409996,-9.034563132615451,-3.576845376686888,0.9999855506507186,0.005375731557583884,False,test
0.3535397796166887,1,0.029608547462946,1.0,0.0001883736135567,1.0,2025-04-08,Tehran,10.062282987165638,-8.577083261062217,-3.5196921936968275,0.9933900548258936,-0.11478762552212701,False,test
0.176691477240197,1,0.0288491334840609,1.0,0.0001763501742077,1.0,2025-04-15,Tehran,4.91894303908193,-8.643038913430702,-3.545675321693621,0.9724075561219968,-0.23328854407545518,False,test
0.1350161810590903,1,0.0285648027199282,1.0,0.000136613979992,1.0,2025-04-22,Tehran,4.253330713240793,-8.898351273516642,-3.5555799931860035,0.9373419384643772,-0.3484108069446808,False,test
-0.3199884000028235,1,0.0280593143344162,1.0,0.0001481852730444,0.9930795847750864,2025-04-29,Tehran,9.492884498425092,-8.81704722221007,-3.5734346403007407,0.8887010478292915,-0.45848712914008766,False,test
0.5111621397289381,1,0.0271073550222206,1.0,0.0001329650747089,1.0,2025-05-06,Tehran,3.976378389050676,-8.925424060400617,-3.6079501848856523,0.8271893372462497,-0.5619233046832195,False,test
0.4314405246895738,1,0.0278801383637164,1.0,0.0001679274017361,1.0,2025-05-13,Tehran,4.0335207880434885,-8.691978804480396,-3.5798407302715547,0.753697664392914,-0.6572212950663319,False,test
0.6662710757885473,1,0.0270220031301639,1.0,0.0001329159831279,1.0,2025-05-20,Tehran,13.559806390327726,-8.925793335157964,-3.6111038141067664,0.6692903895412567,-0.7430009249440493,False,test
0.6751893410138036,1,0.027665336784213,1.0,0.0001450494638692,1.0,2025-05-27,Tehran,1.8695476708866896,-8.83843574358294,-3.587575029049448,0.5751899607119775,-0.8180198708443175,False,test
0.76827387828367,1,0.0299788297377067,1.0,0.0001298465755134,1.0,2025-06-03,Tehran,10.237869151010289,-8.949156992837858,-3.507263821835849,0.47275920928627757,-0.881191653407483,False,test
0.2432204651892331,1,0.0289579363570639,1.0,0.0001205130327084,1.0,2025-06-10,Tehran,5.398949557434285,-9.023752655625492,-3.5419109723922984,0.36348161248290634,-0.9316013725767187,False,test
0.5743976759499991,1,0.0288748681583704,1.0,9.169143390986924e-05,1.0,2025-06-17,Tehran,1.6480290652246097,-9.297081597352381,-3.5447836760944855,0.24893980855376657,-0.9685189578512204,False,test
1.0485377474462103,1,0.0318331622339337,1.0,0.0001210645418584,1.0,2025-06-24,Tehran,1.317370536000576,-9.019186750788336,-3.447246695028257,0.13079267585675922,-0.9914097417023038,False,test
0.7261231468411655,1,0.0315548323042003,1.0,0.0001262439211407,1.0,2025-07-01,Tehran,1.3147646612891253,-8.977294640348617,-3.4560285383571308,0.01075130776352193,-0.9999422030204416,False,test
0.1221272411452016,1,0.0291240140639928,1.0,0.0001354761443573,0.986159169550173,2025-07-08,Tehran,16.579185110926197,-8.906714989547956,-3.536192219549336,-0.10944576864891556,-0.993992768446958,False,test
0.2703650999022811,1,0.0296273253828121,1.0,0.0001114402757739,1.0,2025-07-15,Tehran,2.207102066846673,-9.10202175385562,-3.519058188672744,-0.2280577712215198,-0.9736476020539838,False,test
0.458949094463379,1,0.0308087105224987,1.0,0.000160566078598,1.0,2025-07-22,Tehran,2.318698935167386,-8.736804995460878,-3.4799578198135483,-0.34336687399638804,-0.939201357453208,False,test
0.0021834997649794,1,0.0320720047274727,1.0,0.0001682510636646,1.0,2025-07-29,Tehran,0.9607588169815714,-8.690053267530148,-3.4397717562400745,-0.45370308603134424,-0.8911529104063088,False,test
0.0425309574352148,1,0.030911489329785,1.0,0.0001447099687333,0.9896193771626296,2025-08-05,Tehran,2.0567794837989095,-8.840779034278938,-3.476627341217079,-0.5574684374327892,-0.8301981337405212,False,test
0.3919905310597882,1,0.0322597844287663,1.0,0.000140234663835,1.0,2025-08-12,Tehran,4.0606702444526075,-8.872193368310535,-3.4339338886147073,-0.65316012232693,-0.7572198192083127,False,test
0.6032162142253807,1,0.03277034556331,1.0,0.0002001136692271,1.0,2025-08-19,Tehran,1.1639296943493416,-8.516625006728233,-3.4182312712153253,-0.7393922635959241,-0.673274892250183,False,test
0.6425556838164838,1,0.0311577261237895,1.0,0.0002132616643238,1.0,2025-08-26,Tehran,1.3775457840779008,-8.452990675204187,-3.468693034846781,-0.8149159841660791,-0.5795791048257612,False,test
0.4202214783093193,1,0.0313224104944906,1.0,0.0002031094327297,1.0,2025-09-02,Tehran,0.831646716245531,-8.50176564668635,-3.4634214473954414,-0.8786374941610001,-0.4774894280028391,False,test
0.3644256752795258,1,0.0286960074955482,1.0,0.0001693750784461,1.0,2025-09-09,Tehran,3.970007195087214,-8.68339490318001,-3.550997277546858,-0.9296339319682695,-0.3684843993077793,False,test
0.7070985479758607,1,0.0272807629946427,1.0,0.0001875586007946,1.0,2025-09-16,Tehran,3.4832800639811174,-8.581419223812302,-3.601573477386172,-0.9671667297977312,-0.2541427094613622,False,test
0.4770758141933725,1,0.0270619076215793,1.0,0.000211476798732,1.0,2025-09-23,Tehran,4.926618705232453,-8.461395264161947,-3.6096281627308984,-0.9906923101615609,-0.13612033862266704,False,test
0.3607724727527731,1,0.0293718223516576,0.9965397923875432,0.0002345436118944,1.0,2025-09-30,Tehran,1.8288152266598472,-8.357869009142028,-3.5277194876318996,-0.9998699583618592,-0.016126573270657762,False,test
0.4212883566720832,1,0.0296090446528205,1.0,0.0002872411327593,1.0,2025-10-07,Tehran,0.0846925857644351,-8.1551885111312,-3.5196754017315772,-0.9945667569706337,0.1041007489354256,False,test
0.3482205140255363,1,0.0266098059554271,1.0,0.0002588519877562,1.0,2025-10-14,Tehran,0.4233532762678521,-8.259254135464083,-3.6264754861864668,-0.9748595108374125,0.22282040779479959,False,test
0.4166885135390604,1,0.0248929848438171,1.0,0.0002685372457638,1.0,2025-10-21,Tehran,0.4826705114630042,-8.222520935707305,-3.693169248385759,-0.9410336347451197,0.3383130181923075,False,test
0.2486912538042288,1,0.0284288949301403,1.0,0.0002979582429187,1.0,2025-10-28,Tehran,1.0514061635712508,-8.118557205711108,-3.560349223925532,-0.8935790198239952,0.4489059314938798,False,test
0.1790833377422738,1,0.0310307574686642,1.0,0.0005140429980591,1.0,2025-11-04,Tehran,0.2318232325107101,-7.5732036421964155,-3.4727763899701523,-0.8331829385891785,0.5529974600700271,False,test
-0.1532426986314277,1,0.0272928496448528,1.0,0.0003665438429109,1.0,2025-11-11,Tehran,1.152417397727303,-7.911392417841568,-3.6011305288686324,-0.7607200913564104,0.6490800741100398,False,test
0.0623885445346991,1,0.0312468102899688,1.0,0.0006287538798706,1.0,2025-11-18,Tehran,0.0085375731873043,-7.371770665801014,-3.4658379787302955,-0.6772399381909491,0.7357622347736525,False,test
0.17069368136685,1,0.0306112713282548,1.0,0.000606508847758,1.0,2025-11-25,Tehran,0.7493300345019052,-7.407791241462339,-3.486386993785207,-0.5839514998576998,0.8117885474764613,False,test
-0.245939995581683,1,0.0281227308232367,1.0,0.0004299290373913,1.0,2025-12-02,Tehran,6.536092012877977,-7.751890392218061,-3.5711771035529805,-0.4822058478963526,0.8760579434344281,False,test
-0.3844600161263604,1,0.0249899509779946,0.9896193771626296,0.0003028324947188,0.8200692041522492,2025-12-09,Tehran,14.018613717415404,-8.102330728027951,-3.6892814958020823,-0.37347653741307074,0.9276396261490467,False,test
-0.2080179380022151,1,0.0280337831519598,1.0,0.0006144371586965,0.9930795847750864,2025-12-16,Tehran,4.06428459874348,-7.39480389831038,-3.5743449549513335,-0.2593382659754056,0.9657865518844574,False,test
-0.1189383597141041,1,0.0275787008366991,1.0,0.0005219862728172,0.9965397923875432,2025-12-23,Tehran,9.365182070561742,-7.557869267712473,-3.590711512994812,-0.14144406768794202,0.9899462489023779,False,test
-0.2424192160346278,1,0.0271476737332786,1.0,0.0004548052936685,0.9826989619377162,2025-12-30,Tehran,5.996402537470601,-7.695641156603082,-3.606463918288627,-0.021501372740813793,0.999768818762748,False,test
-0.2792289010151151,1,0.0304609459722604,1.0,0.0007049327259455,1.0,2026-01-06,Tehran,3.8017164300764,-7.257408183895963,-3.491309875783948,0.10303137904317879,0.9946781061893646,False,test
-0.2256331781116882,1,0.0246025534730128,1.0,0.000364627672797,0.9273356401384084,2026-01-13,Tehran,10.672149671102682,-7.916633799540656,-3.70490504171467,0.22177215755648186,0.975098513039961,False,test
-0.3103866773206564,1,0.0322930105961202,1.0,0.0005452975760588,0.903114186851211,2026-01-20,Tehran,12.866040746972384,-7.514178901193797,-3.4329044623822633,0.3373010691361842,0.9413968285264122,False,test
0.0087351944866111,1,0.0285424060946131,1.0,0.0004133968392008,1.0,2026-01-27,Tehran,3.1845267152830408,-7.791102556607471,-3.5563643644388905,0.44794493940789115,0.8940611451454876,False,test
-0.3222157416550582,1,0.0258436221175816,0.9965397923875432,0.0003103545192998,0.7923875432525952,2026-02-03,Tehran,36.41656130199107,-8.077795303265091,-3.6556914350623,0.5521013427459208,0.8337770129585915,False,test
-0.1478752987352197,1,0.0248499677112903,1.0,0.0002542746341375,0.9965397923875432,2026-02-10,Tehran,15.488441578798458,-8.277095638299388,-3.694898825784798,0.6482618097757122,0.7614175109532997,False,test
0.3563051367567472,1,0.0284921850628622,1.0,0.000338529012294,1.0,2026-02-17,Tehran,0.0290389931055585,-7.990900760882927,-3.558125437630132,0.7350336741329412,0.6780306024735382,False,test
0.1368331759914878,1,0.0245348920704253,1.0,0.0001934034086163,1.0,2026-02-24,Tehran,9.6744914684614,-8.550732350403909,-3.707659008454417,0.8111602420785621,0.5848239578463322,False,test
0.0754982934753256,1,0.0263974619589744,1.0,0.0001829547345218,1.0,2026-03-03,Tehran,9.863028312097756,-8.606271788059379,-3.6344874113690486,0.8755389928586302,0.4831474640149687,False,test
-0.1966780386041227,1,0.0263653306325643,1.0,0.0002137502241825,0.8961937716262975,2026-03-10,Tehran,22.764997780107315,-8.450702401340937,-3.63570536549179,0.9272375462179537,0.374473674486883,False,test
-0.1025100931304561,1,0.0256428674435448,1.0,0.0001802402490491,0.9619377162629758,2026-03-17,Tehran,6.982769756357464,-8.621219880077481,-3.6634898184110716,0.9655071658143364,0.2603764827344581,False,test
-0.2662813356883812,1,0.0233772736773997,0.9965397923875432,0.0001097803674159,0.8339100346020761,2026-03-24,Tehran,41.75754195436708,-9.117028848009909,-3.755990938916392,0.9897936029670716,0.14250832791617088,False,test
0.0402106452901116,1,0.0255009281496635,1.0,0.0001245215864553,0.8615916955017301,2026-03-31,Tehran,8.97358518899752,-8.991031471905853,-3.669040429454129,0.9997451236925734,0.022576263041545485,False,test
0.0934870150545096,1,0.0261922934859889,1.0,0.0001460367396984,0.9238754325259516,2026-04-07,Tehran,6.114862840352566,-8.831652326142555,-3.642290053239406,0.9952176027737294,-0.09768276782171598,False,test
0.6170512128058774,1,0.0271540045995952,1.0,0.0001911964618555,0.9757785467128028,2026-04-14,Tehran,12.35080327040404,-8.562209062458045,-3.6062307444148303,0.9762766110869321,-0.21652708524481437,False,test
0.081707847106215,1,0.026465984501861,1.0,0.0001496830905926,0.9965397923875432,2026-04-21,Tehran,5.727064141971391,-8.806990228211875,-3.631894974218204,0.9431964659565866,-0.33223549871590435,False,test
0.439987043921681,1,0.0270618333123191,1.0,0.0001374207966049,0.9792387543252596,2026-04-28,Tehran,4.285455707377779,-8.892462831515244,-3.609630908633488,0.8964562582905575,-0.44313223418263453,False,test
0.5718799902780669,1,0.0270960016352073,1.0,0.0001454535940122,1.0,2026-05-05,Tehran,4.4221267102005095,-8.835653463722291,-3.608369103118008,0.8367329140344921,-0.5476112038402312,False,test
0.5232838351034728,1,0.0260717226553207,1.0,0.0001126100875704,1.0,2026-05-12,Tehran,10.412566441489732,-9.091579258612448,-3.646903975148413,0.7648913904341226,-0.6441592666722685,False,test
0.6354015426415124,1,0.025358517541978,1.0,0.0001201279706222,1.0,2026-05-19,Tehran,8.707505215753217,-9.026952961554402,-3.6746406076683713,0.6819721490904629,-0.7313781428679254,False,test
0.947806592653228,1,0.0246033916802074,1.0,0.0001035495138411,1.0,2026-05-26,Tehran,0.5632277401033665,-9.175460665053064,-3.7048709723682904,0.5891760872322963,-0.8080046647350754,False,test
0.2866455471219953,1,0.0260520393908239,1.0,0.0001255990194099,1.0,2026-06-02,Tehran,7.122748458587951,-8.982416111206671,-3.647659226291452,0.4878471454423119,-0.8729290708206411,False,test
0.6789953964669874,1,0.0253172921318137,1.0,0.0001232432288241,1.0,2026-06-09,Tehran,2.1747859826590683,-9.001350685097508,-3.6762676332462174,0.37945284372454435,-0.925211078289358,False,test
0.7460900393719724,1,0.0264441413935104,1.0,0.0001129785047072,1.0,2026-06-16,Tehran,2.5855766523650225,-9.08831298117687,-3.6327206426218175,0.26556302780405594,-0.9640935007889755,False,test
0.7079023013355801,1,0.0267641640981735,1.0,0.000109283613773,1.0,2026-06-23,Tehran,3.819129795759633,-9.121564093755543,-3.62069144677811,0.14782713347053048,-0.9890132145779883,False,test
0.6731170936502736,1,0.0274706261001648,1.0,0.0001290826833347,1.0,2026-06-30,Tehran,5.09797440885261,-8.955057402844275,-3.5946379869918155,0.02795029824021032,-0.999609314096404,False,test
0.9530798785970892,1,0.0270442030295964,1.0,9.831843368522864e-05,1.0,2026-07-07,Tehran,0.9779800100368184,-9.227299023618292,-3.610282602401454,-0.09233133369539123,-0.9957283388645872,False,test
0.8683688510401821,1,0.0293917677184052,1.0,0.0001329424070914,1.0,2026-07-14,Tehran,1.8050527924882895,-8.925594552914792,-3.527040653425557,-0.2112757555821793,-0.9774264960104055,False,test
0.5720413909931283,1,0.0307008819504904,1.0,0.000147011500323,1.0,2026-07-21,Tehran,3.83905826460305,-8.824999740755821,-3.483463896772624,-0.3271603271220951,-0.9449688462364056,False,test
0.4928980041560685,1,0.0312572621967733,1.0,0.000137839662734,1.0,2026-07-28,Tehran,4.259396768881627,-8.889419412540978,-3.465503539501423,-0.4383067230125192,-0.898825465016444,False,test
0.3647714122460074,1,0.0312147414807571,1.0,0.0001502533476977,1.0,2026-08-04,Tehran,5.153083941522138,-8.803187703947255,-3.466864812394216,-0.5431052396834317,-0.8396646346181327,False,test
0.2398487673450008,1,0.028589307673292,1.0,0.0001097253914968,1.0,2026-08-11,Tehran,2.342552477828869,-9.11752975441457,-3.5547224886357,-0.6400381082043503,-0.7683431655492202,False,test
0.5926126479572735,1,0.0306982226332205,1.0,0.0001340328551915,1.0,2026-08-18,Tehran,2.4113226423296714,-8.917425600070759,-3.483550520748319,-0.7277014757264236,-0.6858939875998223,False,test
0.668326188422926,1,0.0288238466694715,1.0,0.0001459223814947,1.0,2026-08-25,Tehran,0.8269694660161739,-8.83243571122113,-3.5465522250942247,-0.8048257371083452,-0.593511190196115,False,test
